CREATE DATABASE  IF NOT EXISTS `DMM1` /*!40100 DEFAULT CHARACTER SET latin1 */;
USE `DMM1`;
-- MySQL dump 10.13  Distrib 5.7.17, for Linux (x86_64)
--
-- Host: 127.0.0.1    Database: DMM1
-- ------------------------------------------------------
-- Server version	5.5.5-10.1.28-MariaDB

/*!40101 SET @OLD_CHARACTER_SET_CLIENT=@@CHARACTER_SET_CLIENT */;
/*!40101 SET @OLD_CHARACTER_SET_RESULTS=@@CHARACTER_SET_RESULTS */;
/*!40101 SET @OLD_COLLATION_CONNECTION=@@COLLATION_CONNECTION */;
/*!40101 SET NAMES utf8 */;
/*!40103 SET @OLD_TIME_ZONE=@@TIME_ZONE */;
/*!40103 SET TIME_ZONE='+00:00' */;
/*!40014 SET @OLD_UNIQUE_CHECKS=@@UNIQUE_CHECKS, UNIQUE_CHECKS=0 */;
/*!40014 SET @OLD_FOREIGN_KEY_CHECKS=@@FOREIGN_KEY_CHECKS, FOREIGN_KEY_CHECKS=0 */;
/*!40101 SET @OLD_SQL_MODE=@@SQL_MODE, SQL_MODE='NO_AUTO_VALUE_ON_ZERO' */;
/*!40111 SET @OLD_SQL_NOTES=@@SQL_NOTES, SQL_NOTES=0 */;

--
-- Table structure for table `album`
--

DROP TABLE IF EXISTS `album`;
/*!40101 SET @saved_cs_client     = @@character_set_client */;
/*!40101 SET character_set_client = utf8 */;
CREATE TABLE `album` (
  `album_id` int(11) NOT NULL,
  `name` varchar(20) DEFAULT NULL,
  `release_date` date DEFAULT NULL,
  `number_of_songs` int(11) DEFAULT NULL,
  PRIMARY KEY (`album_id`)
) ENGINE=InnoDB DEFAULT CHARSET=latin1;
/*!40101 SET character_set_client = @saved_cs_client */;

--
-- Dumping data for table `album`
--

LOCK TABLES `album` WRITE;
/*!40000 ALTER TABLE `album` DISABLE KEYS */;
INSERT INTO `album` VALUES (1,'rustic','2016-03-15',40),(2,'aspiring','2016-09-05',40),(3,'sleepy','2016-11-25',40),(4,'separate','2016-07-27',40),(5,'chubby','2016-12-31',40),(6,'notice','2017-05-25',40),(7,'settle','2015-05-09',40),(8,'gleaming','2017-08-19',40),(9,'dear','2016-01-01',40),(10,'unequaled','2017-06-06',40),(11,'noisy','2015-10-13',40),(12,'weak','2016-12-09',40),(13,'chicken','2016-09-23',40),(14,'car','2017-09-03',40),(15,'trick','2017-07-21',40),(16,'irate','2016-11-08',40),(17,'level','2016-06-14',40),(18,'babies','2016-07-20',40),(19,'cloudy','2015-07-05',40),(20,'flag','2015-06-22',40),(21,'identify','2015-09-06',40),(22,'beg','2016-10-30',40),(23,'part','2016-06-23',40),(24,'grain','2016-09-30',40),(25,'incompetent','2016-06-01',40),(26,'scrub','2016-09-07',40),(27,'swim','2016-04-13',40),(28,'representative','2016-03-18',40),(29,'rock','2017-01-19',40),(30,'skip','2015-12-31',40),(31,'comparison','2016-06-02',40),(32,'squealing','2016-03-17',40),(33,'barbarous','2016-08-21',40),(34,'scrawny','2016-09-01',40),(35,'bitter','2015-07-16',40),(36,'smash','2015-04-08',40),(37,'hungry','2017-04-21',40),(38,'sable','2017-05-10',40),(39,'dinosaurs','2016-12-23',40),(40,'first','2017-09-02',40),(41,'intelligent','2016-10-14',40),(42,'flock','2015-10-10',40),(43,'brass','2016-02-01',40),(44,'dusty','2015-03-22',40),(45,'reject','2015-06-08',40),(46,'vigorous','2016-05-06',40),(47,'obese','2017-07-18',40),(48,'use','2015-04-26',40),(49,'pollution','2017-01-01',40),(50,'lowly','2015-09-13',40),(55,'test_album','2016-07-05',50),(59,'test_a;lum123','2015-12-23',60);
/*!40000 ALTER TABLE `album` ENABLE KEYS */;
UNLOCK TABLES;
/*!50003 SET @saved_cs_client      = @@character_set_client */ ;
/*!50003 SET @saved_cs_results     = @@character_set_results */ ;
/*!50003 SET @saved_col_connection = @@collation_connection */ ;
/*!50003 SET character_set_client  = utf8mb4 */ ;
/*!50003 SET character_set_results = utf8mb4 */ ;
/*!50003 SET collation_connection  = utf8mb4_unicode_ci */ ;
/*!50003 SET @saved_sql_mode       = @@sql_mode */ ;
/*!50003 SET sql_mode              = 'NO_AUTO_CREATE_USER,NO_ENGINE_SUBSTITUTION' */ ;
DELIMITER ;;
/*!50003 CREATE*/ /*!50017 DEFINER=`root`@`localhost`*/ /*!50003 TRIGGER timestamp_on_insert_album
BEFORE insert ON album  
      FOR EACH ROW BEGIN  
        SET NEW.release_date =CURRENT_TIMESTAMP - INTERVAL FLOOR(RAND() * 1000) DAY; 
END */;;
DELIMITER ;
/*!50003 SET sql_mode              = @saved_sql_mode */ ;
/*!50003 SET character_set_client  = @saved_cs_client */ ;
/*!50003 SET character_set_results = @saved_cs_results */ ;
/*!50003 SET collation_connection  = @saved_col_connection */ ;

--
-- Table structure for table `artist`
--

DROP TABLE IF EXISTS `artist`;
/*!40101 SET @saved_cs_client     = @@character_set_client */;
/*!40101 SET character_set_client = utf8 */;
CREATE TABLE `artist` (
  `artist_id` int(11) NOT NULL AUTO_INCREMENT,
  `first_name` varchar(100) DEFAULT NULL,
  `last_name` varchar(100) DEFAULT NULL,
  `home_city` varchar(100) DEFAULT NULL,
  `rating` varchar(100) DEFAULT NULL,
  `gender` varchar(100) DEFAULT NULL,
  `age` varchar(100) DEFAULT NULL,
  PRIMARY KEY (`artist_id`)
) ENGINE=InnoDB AUTO_INCREMENT=51 DEFAULT CHARSET=latin1;
/*!40101 SET character_set_client = @saved_cs_client */;

--
-- Dumping data for table `artist`
--

LOCK TABLES `artist` WRITE;
/*!40000 ALTER TABLE `artist` DISABLE KEYS */;
INSERT INTO `artist` VALUES (1,'Future','','new york','4','M','31'),(2,'Beach','House','washington','3','F','24'),(3,'Junior','Boys','cali','1','M','20'),(4,'Drake','','dallas','1','M','19'),(5,'Omega','','florida','0','M','29'),(6,'Death','Grips','detriot','2','M','22'),(7,'Honey','Claws','cali','2','F','41'),(8,'The','Avalanches','forth worth','1','F','20'),(9,'Modern','Folk Üçlüsü','san fransico','0','M','35'),(10,'Erkin','Koray','san diego','4','M','35'),(11,'Lil','Yachty','jacksonville','3','F','37'),(12,'Pink','Floyd','birmingham','5','M','42'),(13,'Crystal','Castles','dallas','0','F','19'),(14,'New','Order','washington','2','M','41'),(15,'Funkadelic','','milwaukee','2','M','24'),(16,'Chief','Keef','tennesse','3','F','20'),(17,'Le','Youth','milwaukee','5','F','22'),(18,'Beatles','','Boston','5','M','38'),(19,'The','Rapture','texas','3','F','35'),(20,'Young','Thug','new orleans','2','F','18'),(21,'Ty','Segall','maryland','0','M','21'),(22,'Myron','& E','los angeles','0','F','19'),(23,'TR/ST','','north carolina','1','M','28'),(24,'Linkin','Park','Nevada','5','M','30'),(25,'Rae','Sremmurd','wichita','0','F','32'),(26,'Father','','tennesse','4','F','21'),(27,'2milly','','wisconsin','3','F','20'),(28,'Ty','Dolla $ign','georgia','0','M','24'),(29,'Santigold','','nevada','2','M','34'),(30,'Three','6 Mafia','wichita','5','M','37'),(31,'Beyoncé','','charlotte','3','M','35'),(32,'Rockwell','','charlotte','5','F','18'),(33,'Disclosure','','detriot','1','F','24'),(34,'ILoveMakonnen','','nevada','3','F','33'),(35,'Riff','Raff','san fransico','5','M','42'),(36,'Kanye','West','north carolina','3','M','22'),(37,'Young','M.A.','cali','5','M','36'),(38,'Mark','Morrison','texas','5','F','42'),(39,'William','Onyeabor','michigan','5','M','38'),(40,'Dr.','John','jacksonville','3','F','23'),(41,'T.','P. Orchestre Poly-Ry','texas','4','M','21'),(42,'Ebo','Taylor','new orleans','2','M','18'),(43,'Neon','Indian','nevada','4','M','32'),(44,'Future','Islands','new orleans','2','M','34'),(45,'Leon','Bridges','san antonio','1','F','29'),(46,'Post','Malone','bangor','5','M','21'),(47,'Jamie','xx','nevada','5','F','39'),(48,'A$AP','Rocky','forth worth','1','F','30'),(49,'Vince','Staples','michigan','1','M','21'),(50,'Arab','Lord','new jersey','3','F','22');
/*!40000 ALTER TABLE `artist` ENABLE KEYS */;
UNLOCK TABLES;

--
-- Table structure for table `cart`
--

DROP TABLE IF EXISTS `cart`;
/*!40101 SET @saved_cs_client     = @@character_set_client */;
/*!40101 SET character_set_client = utf8 */;
CREATE TABLE `cart` (
  `customer_id` int(11) NOT NULL,
  `track_id` int(11) NOT NULL,
  `amount` int(11) DEFAULT NULL,
  PRIMARY KEY (`track_id`)
) ENGINE=InnoDB DEFAULT CHARSET=latin1;
/*!40101 SET character_set_client = @saved_cs_client */;

--
-- Dumping data for table `cart`
--

LOCK TABLES `cart` WRITE;
/*!40000 ALTER TABLE `cart` DISABLE KEYS */;
/*!40000 ALTER TABLE `cart` ENABLE KEYS */;
UNLOCK TABLES;

--
-- Table structure for table `categorisedby`
--

DROP TABLE IF EXISTS `categorisedby`;
/*!40101 SET @saved_cs_client     = @@character_set_client */;
/*!40101 SET character_set_client = utf8 */;
CREATE TABLE `categorisedby` (
  `track_id` int(11) NOT NULL,
  `genre_id` int(11) DEFAULT NULL,
  PRIMARY KEY (`track_id`)
) ENGINE=InnoDB DEFAULT CHARSET=latin1;
/*!40101 SET character_set_client = @saved_cs_client */;

--
-- Dumping data for table `categorisedby`
--

LOCK TABLES `categorisedby` WRITE;
/*!40000 ALTER TABLE `categorisedby` DISABLE KEYS */;
INSERT INTO `categorisedby` VALUES (1,1),(2,2),(3,3),(4,4),(5,5),(6,6),(7,7),(8,8),(9,9),(10,10),(11,1),(12,2),(13,3),(14,4),(15,5),(16,6),(17,7),(18,8),(19,9),(20,10),(21,1),(22,2),(23,3),(24,4),(25,5),(26,6),(27,7),(28,8),(29,9),(30,10),(31,1),(32,2),(33,3),(34,4),(35,5),(36,6),(37,7),(38,8),(39,9),(40,10),(41,1),(42,2),(43,3),(44,4),(45,5),(46,6),(47,7),(48,8),(49,9),(50,10),(51,1),(52,2),(53,3),(54,4),(55,5),(56,6),(57,7),(58,8),(59,9),(60,10),(61,1),(62,2),(63,3),(64,4),(65,5),(66,6),(67,7),(68,8),(69,9),(70,10),(71,1),(72,2),(73,3),(74,4),(75,5),(76,6),(77,7),(78,8),(79,9),(80,10),(81,1),(82,2),(83,3),(84,4),(85,5),(86,6),(87,7),(88,8),(89,9),(90,10),(91,1),(92,2),(93,3),(94,4),(95,5),(96,6),(97,7),(98,8),(99,9),(100,10),(101,1),(102,2),(103,3),(104,4),(105,5),(106,6),(107,7),(108,8),(109,9),(110,10),(111,1),(112,2),(113,3),(114,4),(115,5),(116,6),(117,7),(118,8),(119,9),(120,10),(121,1),(122,2),(123,3),(124,4),(125,5),(126,6),(127,7),(128,8),(129,9),(130,10),(131,1),(132,2),(133,3),(134,4),(135,5),(136,6),(137,7),(138,8),(139,9),(140,10),(141,1),(142,2),(143,3),(144,4),(145,5),(146,6),(147,7),(148,8),(149,9),(150,10),(151,1),(152,2),(153,3),(154,4),(155,5),(156,6),(157,7),(158,8),(159,9),(160,10),(161,1),(162,2),(163,3),(164,4),(165,5),(166,6),(167,7),(168,8),(169,9),(170,10),(171,1),(172,2),(173,3),(174,4),(175,5),(176,6),(177,7),(178,8),(179,9),(180,10),(181,1),(182,2),(183,3),(184,4),(185,5),(186,6),(187,7),(188,8),(189,9),(190,10),(191,1),(192,2),(193,3),(194,4),(195,5),(196,6),(197,7),(198,8),(199,9),(200,10),(201,1),(202,2),(203,3),(204,4),(205,5),(206,6),(207,7),(208,8),(209,9),(210,10),(211,1),(212,2),(213,3),(214,4),(215,5),(216,6),(217,7),(218,8),(219,9),(220,10),(221,1),(222,2),(223,3),(224,4),(225,5),(226,6),(227,7),(228,8),(229,9),(230,10),(231,1),(232,2),(233,3),(234,4),(235,5),(236,6),(237,7),(238,8),(239,9),(240,10),(241,1),(242,2),(243,3),(244,4),(245,5),(246,6),(247,7),(248,8),(249,9),(250,10),(251,1),(252,2),(253,3),(254,4),(255,5),(256,6),(257,7),(258,8),(259,9),(260,10),(261,1),(262,2),(263,3),(264,4),(265,5),(266,6),(267,7),(268,8),(269,9),(270,10),(271,1),(272,2),(273,3),(274,4),(275,5),(276,6),(277,7),(278,8),(279,9),(280,10),(281,1),(282,2),(283,3),(284,4),(285,5),(286,6),(287,7),(288,8),(289,9),(290,10),(291,1),(292,2),(293,3),(294,4),(295,5),(296,6),(297,7),(298,8),(299,9),(300,10),(301,1),(302,2),(303,3),(304,4),(305,5),(306,6),(307,7),(308,8),(309,9),(310,10),(311,1),(312,2),(313,3),(314,4),(315,5),(316,6),(317,7),(318,8),(319,9),(320,10),(321,1),(322,2),(323,3),(324,4),(325,5),(326,6),(327,7),(328,8),(329,9),(330,10),(331,1),(332,2),(333,3),(334,4),(335,5),(336,6),(337,7),(338,8),(339,9),(340,10),(341,1),(342,2),(343,3),(344,4),(345,5),(346,6),(347,7),(348,8),(349,9),(350,10),(351,1),(352,2),(353,3),(354,4),(355,5),(356,6),(357,7),(358,8),(359,9),(360,10),(361,1),(362,2),(363,3),(364,4),(365,5),(366,6),(367,7),(368,8),(369,9),(370,10),(371,1),(372,2),(373,3),(374,4),(375,5),(376,6),(377,7),(378,8),(379,9),(380,10),(381,1),(382,2),(383,3),(384,4),(385,5),(386,6),(387,7),(388,8),(389,9),(390,10),(391,1),(392,2),(393,3),(394,4),(395,5),(396,6),(397,7),(398,8),(399,9),(400,10),(401,1),(402,2),(403,3),(404,4),(405,5),(406,6),(407,7),(408,8),(409,9),(410,10),(411,1),(412,2),(413,3),(414,4),(415,5),(416,6),(417,7),(418,8),(419,9),(420,10),(421,1),(422,2),(423,3),(424,4),(425,5),(426,6),(427,7),(428,8),(429,9),(430,10),(431,1),(432,2),(433,3),(434,4),(435,5),(436,6),(437,7),(438,8),(439,9),(440,10),(441,1),(442,2),(443,3),(444,4),(445,5),(446,6),(447,7),(448,8),(449,9),(450,10),(451,1),(452,2),(453,3),(454,4),(455,5),(456,6),(457,7),(458,8),(459,9),(460,10),(461,1),(462,2),(463,3),(464,4),(465,5),(466,6),(467,7),(468,8),(469,9),(470,10),(471,1),(472,2),(473,3),(474,4),(475,5),(476,6),(477,7),(478,8),(479,9),(480,10),(481,1),(482,2),(483,3),(484,4),(485,5),(486,6),(487,7),(488,8),(489,9),(490,10),(491,1),(492,2),(493,3),(494,4),(495,5),(496,6),(497,7),(498,8),(499,9),(500,10),(501,1),(502,2),(503,3),(504,4),(505,5),(506,6),(507,7),(508,8),(509,9),(510,10),(511,1),(512,2),(513,3),(514,4),(515,5),(516,6),(517,7),(518,8),(519,9),(520,10),(521,1),(522,2),(523,3),(524,4),(525,5),(526,6),(527,7),(528,8),(529,9),(530,10),(531,1),(532,2),(533,3),(534,4),(535,5),(536,6),(537,7),(538,8),(539,9),(540,10),(541,1),(542,2),(543,3),(544,4),(545,5),(546,6),(547,7),(548,8),(549,9),(550,10),(551,1),(552,2),(553,3),(554,4),(555,5),(556,6),(557,7),(558,8),(559,9),(560,10),(561,1),(562,2),(563,3),(564,4),(565,5),(566,6),(567,7),(568,8),(569,9),(570,10),(571,1),(572,2),(573,3),(574,4),(575,5),(576,6),(577,7),(578,8),(579,9),(580,10),(581,1),(582,2),(583,3),(584,4),(585,5),(586,6),(587,7),(588,8),(589,9),(590,10),(591,1),(592,2),(593,3),(594,4),(595,5),(596,6),(597,7),(598,8),(599,9),(600,10),(601,1),(602,2),(603,3),(604,4),(605,5),(606,6),(607,7),(608,8),(609,9),(610,10),(611,1),(612,2),(613,3),(614,4),(615,5),(616,6),(617,7),(618,8),(619,9),(620,10),(621,1),(622,2),(623,3),(624,4),(625,5),(626,6),(627,7),(628,8),(629,9),(630,10),(631,1),(632,2),(633,3),(634,4),(635,5),(636,6),(637,7),(638,8),(639,9),(640,10),(641,1),(642,2),(643,3),(644,4),(645,5),(646,6),(647,7),(648,8),(649,9),(650,10),(651,1),(652,2),(653,3),(654,4),(655,5),(656,6),(657,7),(658,8),(659,9),(660,10),(661,1),(662,2),(663,3),(664,4),(665,5),(666,6),(667,7),(668,8),(669,9),(670,10),(671,1),(672,2),(673,3),(674,4),(675,5),(676,6),(677,7),(678,8),(679,9),(680,10),(681,1),(682,2),(683,3),(684,4),(685,5),(686,6),(687,7),(688,8),(689,9),(690,10),(691,1),(692,2),(693,3),(694,4),(695,5),(696,6),(697,7),(698,8),(699,9),(700,10),(701,1),(702,2),(703,3),(704,4),(705,5),(706,6),(707,7),(708,8),(709,9),(710,10),(711,1),(712,2),(713,3),(714,4),(715,5),(716,6),(717,7),(718,8),(719,9),(720,10),(721,1),(722,2),(723,3),(724,4),(725,5),(726,6),(727,7),(728,8),(729,9),(730,10),(731,1),(732,2),(733,3),(734,4),(735,5),(736,6),(737,7),(738,8),(739,9),(740,10),(741,1),(742,2),(743,3),(744,4),(745,5),(746,6),(747,7),(748,8),(749,9),(750,10),(751,1),(752,2),(753,3),(754,4),(755,5),(756,6),(757,7),(758,8),(759,9),(760,10),(761,1),(762,2),(763,3),(764,4),(765,5),(766,6),(767,7),(768,8),(769,9),(770,10),(771,1),(772,2),(773,3),(774,4),(775,5),(776,6),(777,7),(778,8),(779,9),(780,10),(781,1),(782,2),(783,3),(784,4),(785,5),(786,6),(787,7),(788,8),(789,9),(790,10),(791,1),(792,2),(793,3),(794,4),(795,5),(796,6),(797,7),(798,8),(799,9),(800,10),(801,1),(802,2),(803,3),(804,4),(805,5),(806,6),(807,7),(808,8),(809,9),(810,10),(811,1),(812,2),(813,3),(814,4),(815,5),(816,6),(817,7),(818,8),(819,9),(820,10),(821,1),(822,2),(823,3),(824,4),(825,5),(826,6),(827,7),(828,8),(829,9),(830,10),(831,1),(832,2),(833,3),(834,4),(835,5),(836,6),(837,7),(838,8),(839,9),(840,10),(841,1),(842,2),(843,3),(844,4),(845,5),(846,6),(847,7),(848,8),(849,9),(850,10),(851,1),(852,2),(853,3),(854,4),(855,5),(856,6),(857,7),(858,8),(859,9),(860,10),(861,1),(862,2),(863,3),(864,4),(865,5),(866,6),(867,7),(868,8),(869,9),(870,10),(871,1),(872,2),(873,3),(874,4),(875,5),(876,6),(877,7),(878,8),(879,9),(880,10),(881,1),(882,2),(883,3),(884,4),(885,5),(886,6),(887,7),(888,8),(889,9),(890,10),(891,1),(892,2),(893,3),(894,4),(895,5),(896,6),(897,7),(898,8),(899,9),(900,10),(901,1),(902,2),(903,3),(904,4),(905,5),(906,6),(907,7),(908,8),(909,9),(910,10),(911,1),(912,2),(913,3),(914,4),(915,5),(916,6),(917,7),(918,8),(919,9),(920,10),(921,1),(922,2),(923,3),(924,4),(925,5),(926,6),(927,7),(928,8),(929,9),(930,10),(931,1),(932,2),(933,3),(934,4),(935,5),(936,6),(937,7),(938,8),(939,9),(940,10),(941,1),(942,2),(943,3),(944,4),(945,5),(946,6),(947,7),(948,8),(949,9),(950,10),(951,1),(952,2),(953,3),(954,4),(955,5),(956,6),(957,7),(958,8),(959,9),(960,10),(961,1),(962,2),(963,3),(964,4),(965,5),(966,6),(967,7),(968,8),(969,9),(970,10),(971,1),(972,2),(973,3),(974,4),(975,5),(976,6),(977,7),(978,8),(979,9),(980,10),(981,1),(982,2),(983,3),(984,4),(985,5),(986,6),(987,7),(988,8),(989,9),(990,10),(991,1),(992,2),(993,3),(994,4),(995,5),(996,6),(997,7),(998,8),(999,9),(1000,10),(1001,1),(1002,2),(1003,3),(1004,4),(1005,5),(1006,6),(1007,7),(1008,8),(1009,9),(1010,10),(1011,1),(1012,2),(1013,3),(1014,4),(1015,5),(1016,6),(1017,7),(1018,8),(1019,9),(1020,10),(1021,1),(1022,2),(1023,3),(1024,4),(1025,5),(1026,6),(1027,7),(1028,8),(1029,9),(1030,10),(1031,1),(1032,2),(1033,3),(1034,4),(1035,5),(1036,6),(1037,7),(1038,8),(1039,9),(1040,10),(1041,1),(1042,2),(1043,3),(1044,4),(1045,5),(1046,6),(1047,7),(1048,8),(1049,9),(1050,10),(1051,1),(1052,2),(1053,3),(1054,4),(1055,5),(1056,6),(1057,7),(1058,8),(1059,9),(1060,10),(1061,1),(1062,2),(1063,3),(1064,4),(1065,5),(1066,6),(1067,7),(1068,8),(1069,9),(1070,10),(1071,1),(1072,2),(1073,3),(1074,4),(1075,5),(1076,6),(1077,7),(1078,8),(1079,9),(1080,10),(1081,1),(1082,2),(1083,3),(1084,4),(1085,5),(1086,6),(1087,7),(1088,8),(1089,9),(1090,10),(1091,1),(1092,2),(1093,3),(1094,4),(1095,5),(1096,6),(1097,7),(1098,8),(1099,9),(1100,10),(1101,1),(1102,2),(1103,3),(1104,4),(1105,5),(1106,6),(1107,7),(1108,8),(1109,9),(1110,10),(1111,1),(1112,2),(1113,3),(1114,4),(1115,5),(1116,6),(1117,7),(1118,8),(1119,9),(1120,10),(1121,1),(1122,2),(1123,3),(1124,4),(1125,5),(1126,6),(1127,7),(1128,8),(1129,9),(1130,10),(1131,1),(1132,2),(1133,3),(1134,4),(1135,5),(1136,6),(1137,7),(1138,8),(1139,9),(1140,10),(1141,1),(1142,2),(1143,3),(1144,4),(1145,5),(1146,6),(1147,7),(1148,8),(1149,9),(1150,10),(1151,1),(1152,2),(1153,3),(1154,4),(1155,5),(1156,6),(1157,7),(1158,8),(1159,9),(1160,10),(1161,1),(1162,2),(1163,3),(1164,4),(1165,5),(1166,6),(1167,7),(1168,8),(1169,9),(1170,10),(1171,1),(1172,2),(1173,3),(1174,4),(1175,5),(1176,6),(1177,7),(1178,8),(1179,9),(1180,10),(1181,1),(1182,2),(1183,3),(1184,4),(1185,5),(1186,6),(1187,7),(1188,8),(1189,9),(1190,10),(1191,1),(1192,2),(1193,3),(1194,4),(1195,5),(1196,6),(1197,7),(1198,8),(1199,9),(1200,10),(1201,1),(1202,2),(1203,3),(1204,4),(1205,5),(1206,6),(1207,7),(1208,8),(1209,9),(1210,10),(1211,1),(1212,2),(1213,3),(1214,4),(1215,5),(1216,6),(1217,7),(1218,8),(1219,9),(1220,10),(1221,1),(1222,2),(1223,3),(1224,4),(1225,5),(1226,6),(1227,7),(1228,8),(1229,9),(1230,10),(1231,1),(1232,2),(1233,3),(1234,4),(1235,5),(1236,6),(1237,7),(1238,8),(1239,9),(1240,10),(1241,1),(1242,2),(1243,3),(1244,4),(1245,5),(1246,6),(1247,7),(1248,8),(1249,9),(1250,10),(1251,1),(1252,2),(1253,3),(1254,4),(1255,5),(1256,6),(1257,7),(1258,8),(1259,9),(1260,10),(1261,1),(1262,2),(1263,3),(1264,4),(1265,5),(1266,6),(1267,7),(1268,8),(1269,9),(1270,10),(1271,1),(1272,2),(1273,3),(1274,4),(1275,5),(1276,6),(1277,7),(1278,8),(1279,9),(1280,10),(1281,1),(1282,2),(1283,3),(1284,4),(1285,5),(1286,6),(1287,7),(1288,8),(1289,9),(1290,10),(1291,1),(1292,2),(1293,3),(1294,4),(1295,5),(1296,6),(1297,7),(1298,8),(1299,9),(1300,10),(1301,1),(1302,2),(1303,3),(1304,4),(1305,5),(1306,6),(1307,7),(1308,8),(1309,9),(1310,10),(1311,1),(1312,2),(1313,3),(1314,4),(1315,5),(1316,6),(1317,7),(1318,8),(1319,9),(1320,10),(1321,1),(1322,2),(1323,3),(1324,4),(1325,5),(1326,6),(1327,7),(1328,8),(1329,9),(1330,10),(1331,1),(1332,2),(1333,3),(1334,4),(1335,5),(1336,6),(1337,7),(1338,8),(1339,9),(1340,10),(1341,1),(1342,2),(1343,3),(1344,4),(1345,5),(1346,6),(1347,7),(1348,8),(1349,9),(1350,10),(1351,1),(1352,2),(1353,3),(1354,4),(1355,5),(1356,6),(1357,7),(1358,8),(1359,9),(1360,10),(1361,1),(1362,2),(1363,3),(1364,4),(1365,5),(1366,6),(1367,7),(1368,8),(1369,9),(1370,10),(1371,1),(1372,2),(1373,3),(1374,4),(1375,5),(1376,6),(1377,7),(1378,8),(1379,9),(1380,10),(1381,1),(1382,2),(1383,3),(1384,4),(1385,5),(1386,6),(1387,7),(1388,8),(1389,9),(1390,10),(1391,1),(1392,2),(1393,3),(1394,4),(1395,5),(1396,6),(1397,7),(1398,8),(1399,9),(1400,10),(1401,1),(1402,2),(1403,3),(1404,4),(1405,5),(1406,6),(1407,7),(1408,8),(1409,9),(1410,10),(1411,1),(1412,2),(1413,3),(1414,4),(1415,5),(1416,6),(1417,7),(1418,8),(1419,9),(1420,10),(1421,1),(1422,2),(1423,3),(1424,4),(1425,5),(1426,6),(1427,7),(1428,8),(1429,9),(1430,10),(1431,1),(1432,2),(1433,3),(1434,4),(1435,5),(1436,6),(1437,7),(1438,8),(1439,9),(1440,10),(1441,1),(1442,2),(1443,3),(1444,4),(1445,5),(1446,6),(1447,7),(1448,8),(1449,9),(1450,10),(1451,1),(1452,2),(1453,3),(1454,4),(1455,5),(1456,6),(1457,7),(1458,8),(1459,9),(1460,10),(1461,1),(1462,2),(1463,3),(1464,4),(1465,5),(1466,6),(1467,7),(1468,8),(1469,9),(1470,10),(1471,1),(1472,2),(1473,3),(1474,4),(1475,5),(1476,6),(1477,7),(1478,8),(1479,9),(1480,10),(1481,1),(1482,2),(1483,3),(1484,4),(1485,5),(1486,6),(1487,7),(1488,8),(1489,9),(1490,10),(1491,1),(1492,2),(1493,3),(1494,4),(1495,5),(1496,6),(1497,7),(1498,8),(1499,9),(1500,10),(1501,1),(1502,2),(1503,3),(1504,4),(1505,5),(1506,6),(1507,7),(1508,8),(1509,9),(1510,10),(1511,1),(1512,2),(1513,3),(1514,4),(1515,5),(1516,6),(1517,7),(1518,8),(1519,9),(1520,10),(1521,1),(1522,2),(1523,3),(1524,4),(1525,5),(1526,6),(1527,7),(1528,8),(1529,9),(1530,10),(1531,1),(1532,2),(1533,3),(1534,4),(1535,5),(1536,6),(1537,7),(1538,8),(1539,9),(1540,10),(1541,1),(1542,2),(1543,3),(1544,4),(1545,5),(1546,6),(1547,7),(1548,8),(1549,9),(1550,10),(1551,1),(1552,2),(1553,3),(1554,4),(1555,5),(1556,6),(1557,7),(1558,8),(1559,9),(1560,10),(1561,1),(1562,2),(1563,3),(1564,4),(1565,5),(1566,6),(1567,7),(1568,8),(1569,9),(1570,10),(1571,1),(1572,2),(1573,3),(1574,4),(1575,5),(1576,6),(1577,7),(1578,8),(1579,9),(1580,10),(1581,1),(1582,2),(1583,3),(1584,4),(1585,5),(1586,6),(1587,7),(1588,8),(1589,9),(1590,10),(1591,1),(1592,2),(1593,3),(1594,4),(1595,5),(1596,6),(1597,7),(1598,8),(1599,9),(1600,10),(1601,1),(1602,2),(1603,3),(1604,4),(1605,5),(1606,6),(1607,7),(1608,8),(1609,9),(1610,10),(1611,1),(1612,2),(1613,3),(1614,4),(1615,5),(1616,6),(1617,7),(1618,8),(1619,9),(1620,10),(1621,1),(1622,2),(1623,3),(1624,4),(1625,5),(1626,6),(1627,7),(1628,8),(1629,9),(1630,10),(1631,1),(1632,2),(1633,3),(1634,4),(1635,5),(1636,6),(1637,7),(1638,8),(1639,9),(1640,10),(1641,1),(1642,2),(1643,3),(1644,4),(1645,5),(1646,6),(1647,7),(1648,8),(1649,9),(1650,10),(1651,1),(1652,2),(1653,3),(1654,4),(1655,5),(1656,6),(1657,7),(1658,8),(1659,9),(1660,10),(1661,1),(1662,2),(1663,3),(1664,4),(1665,5),(1666,6),(1667,7),(1668,8),(1669,9),(1670,10),(1671,1),(1672,2),(1673,3),(1674,4),(1675,5),(1676,6),(1677,7),(1678,8),(1679,9),(1680,10),(1681,1),(1682,2),(1683,3),(1684,4),(1685,5),(1686,6),(1687,7),(1688,8),(1689,9),(1690,10),(1691,1),(1692,2),(1693,3),(1694,4),(1695,5),(1696,6),(1697,7),(1698,8),(1699,9),(1700,10),(1701,1),(1702,2),(1703,3),(1704,4),(1705,5),(1706,6),(1707,7),(1708,8),(1709,9),(1710,10),(1711,1),(1712,2),(1713,3),(1714,4),(1715,5),(1716,6),(1717,7),(1718,8),(1719,9),(1720,10),(1721,1),(1722,2),(1723,3),(1724,4),(1725,5),(1726,6),(1727,7),(1728,8),(1729,9),(1730,10),(1731,1),(1732,2),(1733,3),(1734,4),(1735,5),(1736,6),(1737,7),(1738,8),(1739,9),(1740,10),(1741,1),(1742,2),(1743,3),(1744,4),(1745,5),(1746,6),(1747,7),(1748,8),(1749,9),(1750,10),(1751,1),(1752,2),(1753,3),(1754,4),(1755,5),(1756,6),(1757,7),(1758,8),(1759,9),(1760,10),(1761,1),(1762,2),(1763,3),(1764,4),(1765,5),(1766,6),(1767,7),(1768,8),(1769,9),(1770,10),(1771,1),(1772,2),(1773,3),(1774,4),(1775,5),(1776,6),(1777,7),(1778,8),(1779,9),(1780,10),(1781,1),(1782,2),(1783,3),(1784,4),(1785,5),(1786,6),(1787,7),(1788,8),(1789,9),(1790,10),(1791,1),(1792,2),(1793,3),(1794,4),(1795,5),(1796,6),(1797,7),(1798,8),(1799,9),(1800,10),(1801,1),(1802,2),(1803,3),(1804,4),(1805,5),(1806,6),(1807,7),(1808,8),(1809,9),(1810,10),(1811,1),(1812,2),(1813,3),(1814,4),(1815,5),(1816,6),(1817,7),(1818,8),(1819,9),(1820,10),(1821,1),(1822,2),(1823,3),(1824,4),(1825,5),(1826,6),(1827,7),(1828,8),(1829,9),(1830,10),(1831,1),(1832,2),(1833,3),(1834,4),(1835,5),(1836,6),(1837,7),(1838,8),(1839,9),(1840,10),(1841,1),(1842,2),(1843,3),(1844,4),(1845,5),(1846,6),(1847,7),(1848,8),(1849,9),(1850,10),(1851,1),(1852,2),(1853,3),(1854,4),(1855,5),(1856,6),(1857,7),(1858,8),(1859,9),(1860,10),(1861,1),(1862,2),(1863,3),(1864,4),(1865,5),(1866,6),(1867,7),(1868,8),(1869,9),(1870,10),(1871,1),(1872,2),(1873,3),(1874,4),(1875,5),(1876,6),(1877,7),(1878,8),(1879,9),(1880,10),(1881,1),(1882,2),(1883,3),(1884,4),(1885,5),(1886,6),(1887,7),(1888,8),(1889,9),(1890,10),(1891,1),(1892,2),(1893,3),(1894,4),(1895,5),(1896,6),(1897,7),(1898,8),(1899,9),(1900,10),(1901,1),(1902,2),(1903,3),(1904,4),(1905,5),(1906,6),(1907,7),(1908,8),(1909,9),(1910,10),(1911,1),(1912,2),(1913,3),(1914,4),(1915,5),(1916,6),(1917,7),(1918,8),(1919,9),(1920,10),(1921,1),(1922,2),(1923,3),(1924,4),(1925,5),(1926,6),(1927,7),(1928,8),(1929,9),(1930,10),(1931,1),(1932,2),(1933,3),(1934,4),(1935,5),(1936,6),(1937,7),(1938,8),(1939,9),(1940,10),(1941,1),(1942,2),(1943,3),(1944,4),(1945,5),(1946,6),(1947,7),(1948,8),(1949,9),(1950,10),(1951,1),(1952,2),(1953,3),(1954,4),(1955,5),(1956,6),(1957,7),(1958,8),(1959,9),(1960,10),(1961,1),(1962,2),(1963,3),(1964,4),(1965,5),(1966,6),(1967,7),(1968,8),(1969,9),(1970,10),(1971,1),(1972,2),(1973,3),(1974,4),(1975,5),(1976,6),(1977,7),(1978,8),(1979,9),(1980,10),(1981,1),(1982,2),(1983,3),(1984,4),(1985,5),(1986,6),(1987,7),(1988,8),(1989,9),(1990,10),(1991,1),(1992,2),(1993,3),(1994,4),(1995,5),(1996,6),(1997,7),(1998,8),(1999,9),(2000,10);
/*!40000 ALTER TABLE `categorisedby` ENABLE KEYS */;
UNLOCK TABLES;

--
-- Table structure for table `compose`
--

DROP TABLE IF EXISTS `compose`;
/*!40101 SET @saved_cs_client     = @@character_set_client */;
/*!40101 SET character_set_client = utf8 */;
CREATE TABLE `compose` (
  `track_id` int(11) NOT NULL,
  `album_id` int(11) DEFAULT NULL,
  PRIMARY KEY (`track_id`)
) ENGINE=InnoDB DEFAULT CHARSET=latin1;
/*!40101 SET character_set_client = @saved_cs_client */;

--
-- Dumping data for table `compose`
--

LOCK TABLES `compose` WRITE;
/*!40000 ALTER TABLE `compose` DISABLE KEYS */;
INSERT INTO `compose` VALUES (1,1),(2,1),(3,1),(4,1),(5,1),(6,1),(7,1),(8,1),(9,1),(10,1),(11,1),(12,1),(13,1),(14,1),(15,1),(16,1),(17,1),(18,1),(19,1),(20,1),(21,1),(22,1),(23,1),(24,1),(25,1),(26,1),(27,1),(28,1),(29,1),(30,1),(31,1),(32,1),(33,1),(34,1),(35,1),(36,1),(37,1),(38,1),(39,1),(40,1),(41,2),(42,2),(43,2),(44,2),(45,2),(46,2),(47,2),(48,2),(49,2),(50,2),(51,2),(52,2),(53,2),(54,2),(55,2),(56,2),(57,2),(58,2),(59,2),(60,2),(61,2),(62,2),(63,2),(64,2),(65,2),(66,2),(67,2),(68,2),(69,2),(70,2),(71,2),(72,2),(73,2),(74,2),(75,2),(76,2),(77,2),(78,2),(79,2),(80,2),(81,3),(82,3),(83,3),(84,3),(85,3),(86,3),(87,3),(88,3),(89,3),(90,3),(91,3),(92,3),(93,3),(94,3),(95,3),(96,3),(97,3),(98,3),(99,3),(100,3),(101,3),(102,3),(103,3),(104,3),(105,3),(106,3),(107,3),(108,3),(109,3),(110,3),(111,3),(112,3),(113,3),(114,3),(115,3),(116,3),(117,3),(118,3),(119,3),(120,3),(121,4),(122,4),(123,4),(124,4),(125,4),(126,4),(127,4),(128,4),(129,4),(130,4),(131,4),(132,4),(133,4),(134,4),(135,4),(136,4),(137,4),(138,4),(139,4),(140,4),(141,4),(142,4),(143,4),(144,4),(145,4),(146,4),(147,4),(148,4),(149,4),(150,4),(151,4),(152,4),(153,4),(154,4),(155,4),(156,4),(157,4),(158,4),(159,4),(160,4),(161,5),(162,5),(163,5),(164,5),(165,5),(166,5),(167,5),(168,5),(169,5),(170,5),(171,5),(172,5),(173,5),(174,5),(175,5),(176,5),(177,5),(178,5),(179,5),(180,5),(181,5),(182,5),(183,5),(184,5),(185,5),(186,5),(187,5),(188,5),(189,5),(190,5),(191,5),(192,5),(193,5),(194,5),(195,5),(196,5),(197,5),(198,5),(199,5),(200,5),(201,6),(202,6),(203,6),(204,6),(205,6),(206,6),(207,6),(208,6),(209,6),(210,6),(211,6),(212,6),(213,6),(214,6),(215,6),(216,6),(217,6),(218,6),(219,6),(220,6),(221,6),(222,6),(223,6),(224,6),(225,6),(226,6),(227,6),(228,6),(229,6),(230,6),(231,6),(232,6),(233,6),(234,6),(235,6),(236,6),(237,6),(238,6),(239,6),(240,6),(241,7),(242,7),(243,7),(244,7),(245,7),(246,7),(247,7),(248,7),(249,7),(250,7),(251,7),(252,7),(253,7),(254,7),(255,7),(256,7),(257,7),(258,7),(259,7),(260,7),(261,7),(262,7),(263,7),(264,7),(265,7),(266,7),(267,7),(268,7),(269,7),(270,7),(271,7),(272,7),(273,7),(274,7),(275,7),(276,7),(277,7),(278,7),(279,7),(280,7),(281,8),(282,8),(283,8),(284,8),(285,8),(286,8),(287,8),(288,8),(289,8),(290,8),(291,8),(292,8),(293,8),(294,8),(295,8),(296,8),(297,8),(298,8),(299,8),(300,8),(301,8),(302,8),(303,8),(304,8),(305,8),(306,8),(307,8),(308,8),(309,8),(310,8),(311,8),(312,8),(313,8),(314,8),(315,8),(316,8),(317,8),(318,8),(319,8),(320,8),(321,9),(322,9),(323,9),(324,9),(325,9),(326,9),(327,9),(328,9),(329,9),(330,9),(331,9),(332,9),(333,9),(334,9),(335,9),(336,9),(337,9),(338,9),(339,9),(340,9),(341,9),(342,9),(343,9),(344,9),(345,9),(346,9),(347,9),(348,9),(349,9),(350,9),(351,9),(352,9),(353,9),(354,9),(355,9),(356,9),(357,9),(358,9),(359,9),(360,9),(361,10),(362,10),(363,10),(364,10),(365,10),(366,10),(367,10),(368,10),(369,10),(370,10),(371,10),(372,10),(373,10),(374,10),(375,10),(376,10),(377,10),(378,10),(379,10),(380,10),(381,10),(382,10),(383,10),(384,10),(385,10),(386,10),(387,10),(388,10),(389,10),(390,10),(391,10),(392,10),(393,10),(394,10),(395,10),(396,10),(397,10),(398,10),(399,10),(400,10),(401,11),(402,11),(403,11),(404,11),(405,11),(406,11),(407,11),(408,11),(409,11),(410,11),(411,11),(412,11),(413,11),(414,11),(415,11),(416,11),(417,11),(418,11),(419,11),(420,11),(421,11),(422,11),(423,11),(424,11),(425,11),(426,11),(427,11),(428,11),(429,11),(430,11),(431,11),(432,11),(433,11),(434,11),(435,11),(436,11),(437,11),(438,11),(439,11),(440,11),(441,12),(442,12),(443,12),(444,12),(445,12),(446,12),(447,12),(448,12),(449,12),(450,12),(451,12),(452,12),(453,12),(454,12),(455,12),(456,12),(457,12),(458,12),(459,12),(460,12),(461,12),(462,12),(463,12),(464,12),(465,12),(466,12),(467,12),(468,12),(469,12),(470,12),(471,12),(472,12),(473,12),(474,12),(475,12),(476,12),(477,12),(478,12),(479,12),(480,12),(481,13),(482,13),(483,13),(484,13),(485,13),(486,13),(487,13),(488,13),(489,13),(490,13),(491,13),(492,13),(493,13),(494,13),(495,13),(496,13),(497,13),(498,13),(499,13),(500,13),(501,13),(502,13),(503,13),(504,13),(505,13),(506,13),(507,13),(508,13),(509,13),(510,13),(511,13),(512,13),(513,13),(514,13),(515,13),(516,13),(517,13),(518,13),(519,13),(520,13),(521,14),(522,14),(523,14),(524,14),(525,14),(526,14),(527,14),(528,14),(529,14),(530,14),(531,14),(532,14),(533,14),(534,14),(535,14),(536,14),(537,14),(538,14),(539,14),(540,14),(541,14),(542,14),(543,14),(544,14),(545,14),(546,14),(547,14),(548,14),(549,14),(550,14),(551,14),(552,14),(553,14),(554,14),(555,14),(556,14),(557,14),(558,14),(559,14),(560,14),(561,15),(562,15),(563,15),(564,15),(565,15),(566,15),(567,15),(568,15),(569,15),(570,15),(571,15),(572,15),(573,15),(574,15),(575,15),(576,15),(577,15),(578,15),(579,15),(580,15),(581,15),(582,15),(583,15),(584,15),(585,15),(586,15),(587,15),(588,15),(589,15),(590,15),(591,15),(592,15),(593,15),(594,15),(595,15),(596,15),(597,15),(598,15),(599,15),(600,15),(601,16),(602,16),(603,16),(604,16),(605,16),(606,16),(607,16),(608,16),(609,16),(610,16),(611,16),(612,16),(613,16),(614,16),(615,16),(616,16),(617,16),(618,16),(619,16),(620,16),(621,16),(622,16),(623,16),(624,16),(625,16),(626,16),(627,16),(628,16),(629,16),(630,16),(631,16),(632,16),(633,16),(634,16),(635,16),(636,16),(637,16),(638,16),(639,16),(640,16),(641,17),(642,17),(643,17),(644,17),(645,17),(646,17),(647,17),(648,17),(649,17),(650,17),(651,17),(652,17),(653,17),(654,17),(655,17),(656,17),(657,17),(658,17),(659,17),(660,17),(661,17),(662,17),(663,17),(664,17),(665,17),(666,17),(667,17),(668,17),(669,17),(670,17),(671,17),(672,17),(673,17),(674,17),(675,17),(676,17),(677,17),(678,17),(679,17),(680,17),(681,18),(682,18),(683,18),(684,18),(685,18),(686,18),(687,18),(688,18),(689,18),(690,18),(691,18),(692,18),(693,18),(694,18),(695,18),(696,18),(697,18),(698,18),(699,18),(700,18),(701,18),(702,18),(703,18),(704,18),(705,18),(706,18),(707,18),(708,18),(709,18),(710,18),(711,18),(712,18),(713,18),(714,18),(715,18),(716,18),(717,18),(718,18),(719,18),(720,18),(721,19),(722,19),(723,19),(724,19),(725,19),(726,19),(727,19),(728,19),(729,19),(730,19),(731,19),(732,19),(733,19),(734,19),(735,19),(736,19),(737,19),(738,19),(739,19),(740,19),(741,19),(742,19),(743,19),(744,19),(745,19),(746,19),(747,19),(748,19),(749,19),(750,19),(751,19),(752,19),(753,19),(754,19),(755,19),(756,19),(757,19),(758,19),(759,19),(760,19),(761,20),(762,20),(763,20),(764,20),(765,20),(766,20),(767,20),(768,20),(769,20),(770,20),(771,20),(772,20),(773,20),(774,20),(775,20),(776,20),(777,20),(778,20),(779,20),(780,20),(781,20),(782,20),(783,20),(784,20),(785,20),(786,20),(787,20),(788,20),(789,20),(790,20),(791,20),(792,20),(793,20),(794,20),(795,20),(796,20),(797,20),(798,20),(799,20),(800,20),(801,21),(802,21),(803,21),(804,21),(805,21),(806,21),(807,21),(808,21),(809,21),(810,21),(811,21),(812,21),(813,21),(814,21),(815,21),(816,21),(817,21),(818,21),(819,21),(820,21),(821,21),(822,21),(823,21),(824,21),(825,21),(826,21),(827,21),(828,21),(829,21),(830,21),(831,21),(832,21),(833,21),(834,21),(835,21),(836,21),(837,21),(838,21),(839,21),(840,21),(841,22),(842,22),(843,22),(844,22),(845,22),(846,22),(847,22),(848,22),(849,22),(850,22),(851,22),(852,22),(853,22),(854,22),(855,22),(856,22),(857,22),(858,22),(859,22),(860,22),(861,22),(862,22),(863,22),(864,22),(865,22),(866,22),(867,22),(868,22),(869,22),(870,22),(871,22),(872,22),(873,22),(874,22),(875,22),(876,22),(877,22),(878,22),(879,22),(880,22),(881,23),(882,23),(883,23),(884,23),(885,23),(886,23),(887,23),(888,23),(889,23),(890,23),(891,23),(892,23),(893,23),(894,23),(895,23),(896,23),(897,23),(898,23),(899,23),(900,23),(901,23),(902,23),(903,23),(904,23),(905,23),(906,23),(907,23),(908,23),(909,23),(910,23),(911,23),(912,23),(913,23),(914,23),(915,23),(916,23),(917,23),(918,23),(919,23),(920,23),(921,24),(922,24),(923,24),(924,24),(925,24),(926,24),(927,24),(928,24),(929,24),(930,24),(931,24),(932,24),(933,24),(934,24),(935,24),(936,24),(937,24),(938,24),(939,24),(940,24),(941,24),(942,24),(943,24),(944,24),(945,24),(946,24),(947,24),(948,24),(949,24),(950,24),(951,24),(952,24),(953,24),(954,24),(955,24),(956,24),(957,24),(958,24),(959,24),(960,24),(961,25),(962,25),(963,25),(964,25),(965,25),(966,25),(967,25),(968,25),(969,25),(970,25),(971,25),(972,25),(973,25),(974,25),(975,25),(976,25),(977,25),(978,25),(979,25),(980,25),(981,25),(982,25),(983,25),(984,25),(985,25),(986,25),(987,25),(988,25),(989,25),(990,25),(991,25),(992,25),(993,25),(994,25),(995,25),(996,25),(997,25),(998,25),(999,25),(1000,25),(1001,26),(1002,26),(1003,26),(1004,26),(1005,26),(1006,26),(1007,26),(1008,26),(1009,26),(1010,26),(1011,26),(1012,26),(1013,26),(1014,26),(1015,26),(1016,26),(1017,26),(1018,26),(1019,26),(1020,26),(1021,26),(1022,26),(1023,26),(1024,26),(1025,26),(1026,26),(1027,26),(1028,26),(1029,26),(1030,26),(1031,26),(1032,26),(1033,26),(1034,26),(1035,26),(1036,26),(1037,26),(1038,26),(1039,26),(1040,26),(1041,27),(1042,27),(1043,27),(1044,27),(1045,27),(1046,27),(1047,27),(1048,27),(1049,27),(1050,27),(1051,27),(1052,27),(1053,27),(1054,27),(1055,27),(1056,27),(1057,27),(1058,27),(1059,27),(1060,27),(1061,27),(1062,27),(1063,27),(1064,27),(1065,27),(1066,27),(1067,27),(1068,27),(1069,27),(1070,27),(1071,27),(1072,27),(1073,27),(1074,27),(1075,27),(1076,27),(1077,27),(1078,27),(1079,27),(1080,27),(1081,28),(1082,28),(1083,28),(1084,28),(1085,28),(1086,28),(1087,28),(1088,28),(1089,28),(1090,28),(1091,28),(1092,28),(1093,28),(1094,28),(1095,28),(1096,28),(1097,28),(1098,28),(1099,28),(1100,28),(1101,28),(1102,28),(1103,28),(1104,28),(1105,28),(1106,28),(1107,28),(1108,28),(1109,28),(1110,28),(1111,28),(1112,28),(1113,28),(1114,28),(1115,28),(1116,28),(1117,28),(1118,28),(1119,28),(1120,28),(1121,29),(1122,29),(1123,29),(1124,29),(1125,29),(1126,29),(1127,29),(1128,29),(1129,29),(1130,29),(1131,29),(1132,29),(1133,29),(1134,29),(1135,29),(1136,29),(1137,29),(1138,29),(1139,29),(1140,29),(1141,29),(1142,29),(1143,29),(1144,29),(1145,29),(1146,29),(1147,29),(1148,29),(1149,29),(1150,29),(1151,29),(1152,29),(1153,29),(1154,29),(1155,29),(1156,29),(1157,29),(1158,29),(1159,29),(1160,29),(1161,30),(1162,30),(1163,30),(1164,30),(1165,30),(1166,30),(1167,30),(1168,30),(1169,30),(1170,30),(1171,30),(1172,30),(1173,30),(1174,30),(1175,30),(1176,30),(1177,30),(1178,30),(1179,30),(1180,30),(1181,30),(1182,30),(1183,30),(1184,30),(1185,30),(1186,30),(1187,30),(1188,30),(1189,30),(1190,30),(1191,30),(1192,30),(1193,30),(1194,30),(1195,30),(1196,30),(1197,30),(1198,30),(1199,30),(1200,30),(1201,31),(1202,31),(1203,31),(1204,31),(1205,31),(1206,31),(1207,31),(1208,31),(1209,31),(1210,31),(1211,31),(1212,31),(1213,31),(1214,31),(1215,31),(1216,31),(1217,31),(1218,31),(1219,31),(1220,31),(1221,31),(1222,31),(1223,31),(1224,31),(1225,31),(1226,31),(1227,31),(1228,31),(1229,31),(1230,31),(1231,31),(1232,31),(1233,31),(1234,31),(1235,31),(1236,31),(1237,31),(1238,31),(1239,31),(1240,31),(1241,32),(1242,32),(1243,32),(1244,32),(1245,32),(1246,32),(1247,32),(1248,32),(1249,32),(1250,32),(1251,32),(1252,32),(1253,32),(1254,32),(1255,32),(1256,32),(1257,32),(1258,32),(1259,32),(1260,32),(1261,32),(1262,32),(1263,32),(1264,32),(1265,32),(1266,32),(1267,32),(1268,32),(1269,32),(1270,32),(1271,32),(1272,32),(1273,32),(1274,32),(1275,32),(1276,32),(1277,32),(1278,32),(1279,32),(1280,32),(1281,33),(1282,33),(1283,33),(1284,33),(1285,33),(1286,33),(1287,33),(1288,33),(1289,33),(1290,33),(1291,33),(1292,33),(1293,33),(1294,33),(1295,33),(1296,33),(1297,33),(1298,33),(1299,33),(1300,33),(1301,33),(1302,33),(1303,33),(1304,33),(1305,33),(1306,33),(1307,33),(1308,33),(1309,33),(1310,33),(1311,33),(1312,33),(1313,33),(1314,33),(1315,33),(1316,33),(1317,33),(1318,33),(1319,33),(1320,33),(1321,34),(1322,34),(1323,34),(1324,34),(1325,34),(1326,34),(1327,34),(1328,34),(1329,34),(1330,34),(1331,34),(1332,34),(1333,34),(1334,34),(1335,34),(1336,34),(1337,34),(1338,34),(1339,34),(1340,34),(1341,34),(1342,34),(1343,34),(1344,34),(1345,34),(1346,34),(1347,34),(1348,34),(1349,34),(1350,34),(1351,34),(1352,34),(1353,34),(1354,34),(1355,34),(1356,34),(1357,34),(1358,34),(1359,34),(1360,34),(1361,35),(1362,35),(1363,35),(1364,35),(1365,35),(1366,35),(1367,35),(1368,35),(1369,35),(1370,35),(1371,35),(1372,35),(1373,35),(1374,35),(1375,35),(1376,35),(1377,35),(1378,35),(1379,35),(1380,35),(1381,35),(1382,35),(1383,35),(1384,35),(1385,35),(1386,35),(1387,35),(1388,35),(1389,35),(1390,35),(1391,35),(1392,35),(1393,35),(1394,35),(1395,35),(1396,35),(1397,35),(1398,35),(1399,35),(1400,35),(1401,36),(1402,36),(1403,36),(1404,36),(1405,36),(1406,36),(1407,36),(1408,36),(1409,36),(1410,36),(1411,36),(1412,36),(1413,36),(1414,36),(1415,36),(1416,36),(1417,36),(1418,36),(1419,36),(1420,36),(1421,36),(1422,36),(1423,36),(1424,36),(1425,36),(1426,36),(1427,36),(1428,36),(1429,36),(1430,36),(1431,36),(1432,36),(1433,36),(1434,36),(1435,36),(1436,36),(1437,36),(1438,36),(1439,36),(1440,36),(1441,37),(1442,37),(1443,37),(1444,37),(1445,37),(1446,37),(1447,37),(1448,37),(1449,37),(1450,37),(1451,37),(1452,37),(1453,37),(1454,37),(1455,37),(1456,37),(1457,37),(1458,37),(1459,37),(1460,37),(1461,37),(1462,37),(1463,37),(1464,37),(1465,37),(1466,37),(1467,37),(1468,37),(1469,37),(1470,37),(1471,37),(1472,37),(1473,37),(1474,37),(1475,37),(1476,37),(1477,37),(1478,37),(1479,37),(1480,37),(1481,38),(1482,38),(1483,38),(1484,38),(1485,38),(1486,38),(1487,38),(1488,38),(1489,38),(1490,38),(1491,38),(1492,38),(1493,38),(1494,38),(1495,38),(1496,38),(1497,38),(1498,38),(1499,38),(1500,38),(1501,38),(1502,38),(1503,38),(1504,38),(1505,38),(1506,38),(1507,38),(1508,38),(1509,38),(1510,38),(1511,38),(1512,38),(1513,38),(1514,38),(1515,38),(1516,38),(1517,38),(1518,38),(1519,38),(1520,38),(1521,39),(1522,39),(1523,39),(1524,39),(1525,39),(1526,39),(1527,39),(1528,39),(1529,39),(1530,39),(1531,39),(1532,39),(1533,39),(1534,39),(1535,39),(1536,39),(1537,39),(1538,39),(1539,39),(1540,39),(1541,39),(1542,39),(1543,39),(1544,39),(1545,39),(1546,39),(1547,39),(1548,39),(1549,39),(1550,39),(1551,39),(1552,39),(1553,39),(1554,39),(1555,39),(1556,39),(1557,39),(1558,39),(1559,39),(1560,39),(1561,40),(1562,40),(1563,40),(1564,40),(1565,40),(1566,40),(1567,40),(1568,40),(1569,40),(1570,40),(1571,40),(1572,40),(1573,40),(1574,40),(1575,40),(1576,40),(1577,40),(1578,40),(1579,40),(1580,40),(1581,40),(1582,40),(1583,40),(1584,40),(1585,40),(1586,40),(1587,40),(1588,40),(1589,40),(1590,40),(1591,40),(1592,40),(1593,40),(1594,40),(1595,40),(1596,40),(1597,40),(1598,40),(1599,40),(1600,40),(1601,41),(1602,41),(1603,41),(1604,41),(1605,41),(1606,41),(1607,41),(1608,41),(1609,41),(1610,41),(1611,41),(1612,41),(1613,41),(1614,41),(1615,41),(1616,41),(1617,41),(1618,41),(1619,41),(1620,41),(1621,41),(1622,41),(1623,41),(1624,41),(1625,41),(1626,41),(1627,41),(1628,41),(1629,41),(1630,41),(1631,41),(1632,41),(1633,41),(1634,41),(1635,41),(1636,41),(1637,41),(1638,41),(1639,41),(1640,41),(1641,42),(1642,42),(1643,42),(1644,42),(1645,42),(1646,42),(1647,42),(1648,42),(1649,42),(1650,42),(1651,42),(1652,42),(1653,42),(1654,42),(1655,42),(1656,42),(1657,42),(1658,42),(1659,42),(1660,42),(1661,42),(1662,42),(1663,42),(1664,42),(1665,42),(1666,42),(1667,42),(1668,42),(1669,42),(1670,42),(1671,42),(1672,42),(1673,42),(1674,42),(1675,42),(1676,42),(1677,42),(1678,42),(1679,42),(1680,42),(1681,43),(1682,43),(1683,43),(1684,43),(1685,43),(1686,43),(1687,43),(1688,43),(1689,43),(1690,43),(1691,43),(1692,43),(1693,43),(1694,43),(1695,43),(1696,43),(1697,43),(1698,43),(1699,43),(1700,43),(1701,43),(1702,43),(1703,43),(1704,43),(1705,43),(1706,43),(1707,43),(1708,43),(1709,43),(1710,43),(1711,43),(1712,43),(1713,43),(1714,43),(1715,43),(1716,43),(1717,43),(1718,43),(1719,43),(1720,43),(1721,44),(1722,44),(1723,44),(1724,44),(1725,44),(1726,44),(1727,44),(1728,44),(1729,44),(1730,44),(1731,44),(1732,44),(1733,44),(1734,44),(1735,44),(1736,44),(1737,44),(1738,44),(1739,44),(1740,44),(1741,44),(1742,44),(1743,44),(1744,44),(1745,44),(1746,44),(1747,44),(1748,44),(1749,44),(1750,44),(1751,44),(1752,44),(1753,44),(1754,44),(1755,44),(1756,44),(1757,44),(1758,44),(1759,44),(1760,44),(1761,45),(1762,45),(1763,45),(1764,45),(1765,45),(1766,45),(1767,45),(1768,45),(1769,45),(1770,45),(1771,45),(1772,45),(1773,45),(1774,45),(1775,45),(1776,45),(1777,45),(1778,45),(1779,45),(1780,45),(1781,45),(1782,45),(1783,45),(1784,45),(1785,45),(1786,45),(1787,45),(1788,45),(1789,45),(1790,45),(1791,45),(1792,45),(1793,45),(1794,45),(1795,45),(1796,45),(1797,45),(1798,45),(1799,45),(1800,45),(1801,46),(1802,46),(1803,46),(1804,46),(1805,46),(1806,46),(1807,46),(1808,46),(1809,46),(1810,46),(1811,46),(1812,46),(1813,46),(1814,46),(1815,46),(1816,46),(1817,46),(1818,46),(1819,46),(1820,46),(1821,46),(1822,46),(1823,46),(1824,46),(1825,46),(1826,46),(1827,46),(1828,46),(1829,46),(1830,46),(1831,46),(1832,46),(1833,46),(1834,46),(1835,46),(1836,46),(1837,46),(1838,46),(1839,46),(1840,46),(1841,47),(1842,47),(1843,47),(1844,47),(1845,47),(1846,47),(1847,47),(1848,47),(1849,47),(1850,47),(1851,47),(1852,47),(1853,47),(1854,47),(1855,47),(1856,47),(1857,47),(1858,47),(1859,47),(1860,47),(1861,47),(1862,47),(1863,47),(1864,47),(1865,47),(1866,47),(1867,47),(1868,47),(1869,47),(1870,47),(1871,47),(1872,47),(1873,47),(1874,47),(1875,47),(1876,47),(1877,47),(1878,47),(1879,47),(1880,47),(1881,48),(1882,48),(1883,48),(1884,48),(1885,48),(1886,48),(1887,48),(1888,48),(1889,48),(1890,48),(1891,48),(1892,48),(1893,48),(1894,48),(1895,48),(1896,48),(1897,48),(1898,48),(1899,48),(1900,48),(1901,48),(1902,48),(1903,48),(1904,48),(1905,48),(1906,48),(1907,48),(1908,48),(1909,48),(1910,48),(1911,48),(1912,48),(1913,48),(1914,48),(1915,48),(1916,48),(1917,48),(1918,48),(1919,48),(1920,48),(1921,49),(1922,49),(1923,49),(1924,49),(1925,49),(1926,49),(1927,49),(1928,49),(1929,49),(1930,49),(1931,49),(1932,49),(1933,49),(1934,49),(1935,49),(1936,49),(1937,49),(1938,49),(1939,49),(1940,49),(1941,49),(1942,49),(1943,49),(1944,49),(1945,49),(1946,49),(1947,49),(1948,49),(1949,49),(1950,49),(1951,49),(1952,49),(1953,49),(1954,49),(1955,49),(1956,49),(1957,49),(1958,49),(1959,49),(1960,49),(1961,50),(1962,50),(1963,50),(1964,50),(1965,50),(1966,50),(1967,50),(1968,50),(1969,50),(1970,50),(1971,50),(1972,50),(1973,50),(1974,50),(1975,50),(1976,50),(1977,50),(1978,50),(1979,50),(1980,50),(1981,50),(1982,50),(1983,50),(1984,50),(1985,50),(1986,50),(1987,50),(1988,50),(1989,50),(1990,50),(1991,50),(1992,50),(1993,50),(1994,50),(1995,50),(1996,50),(1997,50),(1998,50),(1999,50),(2000,50);
/*!40000 ALTER TABLE `compose` ENABLE KEYS */;
UNLOCK TABLES;

--
-- Table structure for table `customer`
--

DROP TABLE IF EXISTS `customer`;
/*!40101 SET @saved_cs_client     = @@character_set_client */;
/*!40101 SET character_set_client = utf8 */;
CREATE TABLE `customer` (
  `customer_id` int(11) NOT NULL,
  `first_name` varchar(20) DEFAULT NULL,
  `last_name` varchar(20) DEFAULT NULL,
  `mobile_number` varchar(20) DEFAULT NULL,
  `email_id` varchar(40) DEFAULT NULL,
  `address` varchar(200) DEFAULT NULL,
  `username` varchar(20) NOT NULL,
  `password` varchar(20) NOT NULL,
  `gender` varchar(20) DEFAULT NULL,
  `age` int(11) DEFAULT NULL,
  PRIMARY KEY (`customer_id`)
) ENGINE=InnoDB DEFAULT CHARSET=latin1;
/*!40101 SET character_set_client = @saved_cs_client */;

--
-- Dumping data for table `customer`
--

LOCK TABLES `customer` WRITE;
/*!40000 ALTER TABLE `customer` DISABLE KEYS */;
INSERT INTO `customer` VALUES (1,NULL,NULL,NULL,NULL,NULL,'akhil','123',NULL,NULL),(2,NULL,NULL,NULL,NULL,NULL,'gakhil','123',NULL,NULL),(3,NULL,NULL,NULL,NULL,NULL,'ameyp','123',NULL,NULL),(4,NULL,NULL,NULL,NULL,NULL,'amey','amey',NULL,NULL),(5,'REAL ','AKHIL','9912312321','g@a.com',NULL,'realakhil','123',NULL,NULL),(6,'','','','',NULL,'hi','123',NULL,NULL);
/*!40000 ALTER TABLE `customer` ENABLE KEYS */;
UNLOCK TABLES;

--
-- Table structure for table `fulfilledby`
--

DROP TABLE IF EXISTS `fulfilledby`;
/*!40101 SET @saved_cs_client     = @@character_set_client */;
/*!40101 SET character_set_client = utf8 */;
CREATE TABLE `fulfilledby` (
  `order_id` int(11) NOT NULL,
  `seller_id` int(11) NOT NULL,
  PRIMARY KEY (`seller_id`,`order_id`),
  KEY `order_id` (`order_id`),
  CONSTRAINT `fulfilledby_ibfk_1` FOREIGN KEY (`seller_id`) REFERENCES `seller` (`seller_id`),
  CONSTRAINT `fulfilledby_ibfk_2` FOREIGN KEY (`order_id`) REFERENCES `orders` (`order_id`)
) ENGINE=InnoDB DEFAULT CHARSET=latin1;
/*!40101 SET character_set_client = @saved_cs_client */;

--
-- Dumping data for table `fulfilledby`
--

LOCK TABLES `fulfilledby` WRITE;
/*!40000 ALTER TABLE `fulfilledby` DISABLE KEYS */;
/*!40000 ALTER TABLE `fulfilledby` ENABLE KEYS */;
UNLOCK TABLES;

--
-- Table structure for table `genre`
--

DROP TABLE IF EXISTS `genre`;
/*!40101 SET @saved_cs_client     = @@character_set_client */;
/*!40101 SET character_set_client = utf8 */;
CREATE TABLE `genre` (
  `genre_id` int(11) NOT NULL,
  `genre` varchar(20) DEFAULT NULL,
  PRIMARY KEY (`genre_id`)
) ENGINE=InnoDB DEFAULT CHARSET=latin1;
/*!40101 SET character_set_client = @saved_cs_client */;

--
-- Dumping data for table `genre`
--

LOCK TABLES `genre` WRITE;
/*!40000 ALTER TABLE `genre` DISABLE KEYS */;
INSERT INTO `genre` VALUES (1,'Pop'),(2,'Jazz'),(3,'Blues'),(4,'Reggae'),(5,'Folk'),(6,'Hip Hop'),(7,'Country'),(8,'Classical'),(9,'Rock'),(10,'Comedy');
/*!40000 ALTER TABLE `genre` ENABLE KEYS */;
UNLOCK TABLES;

--
-- Table structure for table `makes`
--

DROP TABLE IF EXISTS `makes`;
/*!40101 SET @saved_cs_client     = @@character_set_client */;
/*!40101 SET character_set_client = utf8 */;
CREATE TABLE `makes` (
  `artist_id` int(11) NOT NULL,
  `track_id` int(11) NOT NULL,
  PRIMARY KEY (`artist_id`,`track_id`)
) ENGINE=InnoDB DEFAULT CHARSET=latin1;
/*!40101 SET character_set_client = @saved_cs_client */;

--
-- Dumping data for table `makes`
--

LOCK TABLES `makes` WRITE;
/*!40000 ALTER TABLE `makes` DISABLE KEYS */;
INSERT INTO `makes` VALUES (1,1),(1,2),(1,3),(1,4),(1,5),(1,6),(1,7),(1,8),(1,9),(1,10),(1,11),(1,12),(1,13),(1,14),(1,15),(1,16),(1,17),(1,18),(1,19),(1,20),(1,21),(1,22),(1,23),(1,24),(1,25),(1,26),(1,27),(1,28),(1,29),(1,30),(1,31),(1,32),(1,33),(1,34),(1,35),(1,36),(1,37),(1,38),(1,39),(1,40),(2,41),(2,42),(2,43),(2,44),(2,45),(2,46),(2,47),(2,48),(2,49),(2,50),(2,51),(2,52),(2,53),(2,54),(2,55),(2,56),(2,57),(2,58),(2,59),(2,60),(2,61),(2,62),(2,63),(2,64),(2,65),(2,66),(2,67),(2,68),(2,69),(2,70),(2,71),(2,72),(2,73),(2,74),(2,75),(2,76),(2,77),(2,78),(2,79),(2,80),(3,81),(3,82),(3,83),(3,84),(3,85),(3,86),(3,87),(3,88),(3,89),(3,90),(3,91),(3,92),(3,93),(3,94),(3,95),(3,96),(3,97),(3,98),(3,99),(3,100),(3,101),(3,102),(3,103),(3,104),(3,105),(3,106),(3,107),(3,108),(3,109),(3,110),(3,111),(3,112),(3,113),(3,114),(3,115),(3,116),(3,117),(3,118),(3,119),(3,120),(4,121),(4,122),(4,123),(4,124),(4,125),(4,126),(4,127),(4,128),(4,129),(4,130),(4,131),(4,132),(4,133),(4,134),(4,135),(4,136),(4,137),(4,138),(4,139),(4,140),(4,141),(4,142),(4,143),(4,144),(4,145),(4,146),(4,147),(4,148),(4,149),(4,150),(4,151),(4,152),(4,153),(4,154),(4,155),(4,156),(4,157),(4,158),(4,159),(4,160),(5,161),(5,162),(5,163),(5,164),(5,165),(5,166),(5,167),(5,168),(5,169),(5,170),(5,171),(5,172),(5,173),(5,174),(5,175),(5,176),(5,177),(5,178),(5,179),(5,180),(5,181),(5,182),(5,183),(5,184),(5,185),(5,186),(5,187),(5,188),(5,189),(5,190),(5,191),(5,192),(5,193),(5,194),(5,195),(5,196),(5,197),(5,198),(5,199),(5,200),(6,201),(6,202),(6,203),(6,204),(6,205),(6,206),(6,207),(6,208),(6,209),(6,210),(6,211),(6,212),(6,213),(6,214),(6,215),(6,216),(6,217),(6,218),(6,219),(6,220),(6,221),(6,222),(6,223),(6,224),(6,225),(6,226),(6,227),(6,228),(6,229),(6,230),(6,231),(6,232),(6,233),(6,234),(6,235),(6,236),(6,237),(6,238),(6,239),(6,240),(7,241),(7,242),(7,243),(7,244),(7,245),(7,246),(7,247),(7,248),(7,249),(7,250),(7,251),(7,252),(7,253),(7,254),(7,255),(7,256),(7,257),(7,258),(7,259),(7,260),(7,261),(7,262),(7,263),(7,264),(7,265),(7,266),(7,267),(7,268),(7,269),(7,270),(7,271),(7,272),(7,273),(7,274),(7,275),(7,276),(7,277),(7,278),(7,279),(7,280),(8,281),(8,282),(8,283),(8,284),(8,285),(8,286),(8,287),(8,288),(8,289),(8,290),(8,291),(8,292),(8,293),(8,294),(8,295),(8,296),(8,297),(8,298),(8,299),(8,300),(8,301),(8,302),(8,303),(8,304),(8,305),(8,306),(8,307),(8,308),(8,309),(8,310),(8,311),(8,312),(8,313),(8,314),(8,315),(8,316),(8,317),(8,318),(8,319),(8,320),(9,321),(9,322),(9,323),(9,324),(9,325),(9,326),(9,327),(9,328),(9,329),(9,330),(9,331),(9,332),(9,333),(9,334),(9,335),(9,336),(9,337),(9,338),(9,339),(9,340),(9,341),(9,342),(9,343),(9,344),(9,345),(9,346),(9,347),(9,348),(9,349),(9,350),(9,351),(9,352),(9,353),(9,354),(9,355),(9,356),(9,357),(9,358),(9,359),(9,360),(10,361),(10,362),(10,363),(10,364),(10,365),(10,366),(10,367),(10,368),(10,369),(10,370),(10,371),(10,372),(10,373),(10,374),(10,375),(10,376),(10,377),(10,378),(10,379),(10,380),(10,381),(10,382),(10,383),(10,384),(10,385),(10,386),(10,387),(10,388),(10,389),(10,390),(10,391),(10,392),(10,393),(10,394),(10,395),(10,396),(10,397),(10,398),(10,399),(10,400),(11,401),(11,402),(11,403),(11,404),(11,405),(11,406),(11,407),(11,408),(11,409),(11,410),(11,411),(11,412),(11,413),(11,414),(11,415),(11,416),(11,417),(11,418),(11,419),(11,420),(11,421),(11,422),(11,423),(11,424),(11,425),(11,426),(11,427),(11,428),(11,429),(11,430),(11,431),(11,432),(11,433),(11,434),(11,435),(11,436),(11,437),(11,438),(11,439),(11,440),(12,441),(12,442),(12,443),(12,444),(12,445),(12,446),(12,447),(12,448),(12,449),(12,450),(12,451),(12,452),(12,453),(12,454),(12,455),(12,456),(12,457),(12,458),(12,459),(12,460),(12,461),(12,462),(12,463),(12,464),(12,465),(12,466),(12,467),(12,468),(12,469),(12,470),(12,471),(12,472),(12,473),(12,474),(12,475),(12,476),(12,477),(12,478),(12,479),(12,480),(13,481),(13,482),(13,483),(13,484),(13,485),(13,486),(13,487),(13,488),(13,489),(13,490),(13,491),(13,492),(13,493),(13,494),(13,495),(13,496),(13,497),(13,498),(13,499),(13,500),(13,501),(13,502),(13,503),(13,504),(13,505),(13,506),(13,507),(13,508),(13,509),(13,510),(13,511),(13,512),(13,513),(13,514),(13,515),(13,516),(13,517),(13,518),(13,519),(13,520),(14,521),(14,522),(14,523),(14,524),(14,525),(14,526),(14,527),(14,528),(14,529),(14,530),(14,531),(14,532),(14,533),(14,534),(14,535),(14,536),(14,537),(14,538),(14,539),(14,540),(14,541),(14,542),(14,543),(14,544),(14,545),(14,546),(14,547),(14,548),(14,549),(14,550),(14,551),(14,552),(14,553),(14,554),(14,555),(14,556),(14,557),(14,558),(14,559),(14,560),(15,561),(15,562),(15,563),(15,564),(15,565),(15,566),(15,567),(15,568),(15,569),(15,570),(15,571),(15,572),(15,573),(15,574),(15,575),(15,576),(15,577),(15,578),(15,579),(15,580),(15,581),(15,582),(15,583),(15,584),(15,585),(15,586),(15,587),(15,588),(15,589),(15,590),(15,591),(15,592),(15,593),(15,594),(15,595),(15,596),(15,597),(15,598),(15,599),(15,600),(16,601),(16,602),(16,603),(16,604),(16,605),(16,606),(16,607),(16,608),(16,609),(16,610),(16,611),(16,612),(16,613),(16,614),(16,615),(16,616),(16,617),(16,618),(16,619),(16,620),(16,621),(16,622),(16,623),(16,624),(16,625),(16,626),(16,627),(16,628),(16,629),(16,630),(16,631),(16,632),(16,633),(16,634),(16,635),(16,636),(16,637),(16,638),(16,639),(16,640),(17,641),(17,642),(17,643),(17,644),(17,645),(17,646),(17,647),(17,648),(17,649),(17,650),(17,651),(17,652),(17,653),(17,654),(17,655),(17,656),(17,657),(17,658),(17,659),(17,660),(17,661),(17,662),(17,663),(17,664),(17,665),(17,666),(17,667),(17,668),(17,669),(17,670),(17,671),(17,672),(17,673),(17,674),(17,675),(17,676),(17,677),(17,678),(17,679),(17,680),(18,681),(18,682),(18,683),(18,684),(18,685),(18,686),(18,687),(18,688),(18,689),(18,690),(18,691),(18,692),(18,693),(18,694),(18,695),(18,696),(18,697),(18,698),(18,699),(18,700),(18,701),(18,702),(18,703),(18,704),(18,705),(18,706),(18,707),(18,708),(18,709),(18,710),(18,711),(18,712),(18,713),(18,714),(18,715),(18,716),(18,717),(18,718),(18,719),(18,720),(19,721),(19,722),(19,723),(19,724),(19,725),(19,726),(19,727),(19,728),(19,729),(19,730),(19,731),(19,732),(19,733),(19,734),(19,735),(19,736),(19,737),(19,738),(19,739),(19,740),(19,741),(19,742),(19,743),(19,744),(19,745),(19,746),(19,747),(19,748),(19,749),(19,750),(19,751),(19,752),(19,753),(19,754),(19,755),(19,756),(19,757),(19,758),(19,759),(19,760),(20,761),(20,762),(20,763),(20,764),(20,765),(20,766),(20,767),(20,768),(20,769),(20,770),(20,771),(20,772),(20,773),(20,774),(20,775),(20,776),(20,777),(20,778),(20,779),(20,780),(20,781),(20,782),(20,783),(20,784),(20,785),(20,786),(20,787),(20,788),(20,789),(20,790),(20,791),(20,792),(20,793),(20,794),(20,795),(20,796),(20,797),(20,798),(20,799),(20,800),(21,801),(21,802),(21,803),(21,804),(21,805),(21,806),(21,807),(21,808),(21,809),(21,810),(21,811),(21,812),(21,813),(21,814),(21,815),(21,816),(21,817),(21,818),(21,819),(21,820),(21,821),(21,822),(21,823),(21,824),(21,825),(21,826),(21,827),(21,828),(21,829),(21,830),(21,831),(21,832),(21,833),(21,834),(21,835),(21,836),(21,837),(21,838),(21,839),(21,840),(22,841),(22,842),(22,843),(22,844),(22,845),(22,846),(22,847),(22,848),(22,849),(22,850),(22,851),(22,852),(22,853),(22,854),(22,855),(22,856),(22,857),(22,858),(22,859),(22,860),(22,861),(22,862),(22,863),(22,864),(22,865),(22,866),(22,867),(22,868),(22,869),(22,870),(22,871),(22,872),(22,873),(22,874),(22,875),(22,876),(22,877),(22,878),(22,879),(22,880),(23,881),(23,882),(23,883),(23,884),(23,885),(23,886),(23,887),(23,888),(23,889),(23,890),(23,891),(23,892),(23,893),(23,894),(23,895),(23,896),(23,897),(23,898),(23,899),(23,900),(23,901),(23,902),(23,903),(23,904),(23,905),(23,906),(23,907),(23,908),(23,909),(23,910),(23,911),(23,912),(23,913),(23,914),(23,915),(23,916),(23,917),(23,918),(23,919),(23,920),(24,921),(24,922),(24,923),(24,924),(24,925),(24,926),(24,927),(24,928),(24,929),(24,930),(24,931),(24,932),(24,933),(24,934),(24,935),(24,936),(24,937),(24,938),(24,939),(24,940),(24,941),(24,942),(24,943),(24,944),(24,945),(24,946),(24,947),(24,948),(24,949),(24,950),(24,951),(24,952),(24,953),(24,954),(24,955),(24,956),(24,957),(24,958),(24,959),(24,960),(25,961),(25,962),(25,963),(25,964),(25,965),(25,966),(25,967),(25,968),(25,969),(25,970),(25,971),(25,972),(25,973),(25,974),(25,975),(25,976),(25,977),(25,978),(25,979),(25,980),(25,981),(25,982),(25,983),(25,984),(25,985),(25,986),(25,987),(25,988),(25,989),(25,990),(25,991),(25,992),(25,993),(25,994),(25,995),(25,996),(25,997),(25,998),(25,999),(25,1000),(26,1001),(26,1002),(26,1003),(26,1004),(26,1005),(26,1006),(26,1007),(26,1008),(26,1009),(26,1010),(26,1011),(26,1012),(26,1013),(26,1014),(26,1015),(26,1016),(26,1017),(26,1018),(26,1019),(26,1020),(26,1021),(26,1022),(26,1023),(26,1024),(26,1025),(26,1026),(26,1027),(26,1028),(26,1029),(26,1030),(26,1031),(26,1032),(26,1033),(26,1034),(26,1035),(26,1036),(26,1037),(26,1038),(26,1039),(26,1040),(27,1041),(27,1042),(27,1043),(27,1044),(27,1045),(27,1046),(27,1047),(27,1048),(27,1049),(27,1050),(27,1051),(27,1052),(27,1053),(27,1054),(27,1055),(27,1056),(27,1057),(27,1058),(27,1059),(27,1060),(27,1061),(27,1062),(27,1063),(27,1064),(27,1065),(27,1066),(27,1067),(27,1068),(27,1069),(27,1070),(27,1071),(27,1072),(27,1073),(27,1074),(27,1075),(27,1076),(27,1077),(27,1078),(27,1079),(27,1080),(28,1081),(28,1082),(28,1083),(28,1084),(28,1085),(28,1086),(28,1087),(28,1088),(28,1089),(28,1090),(28,1091),(28,1092),(28,1093),(28,1094),(28,1095),(28,1096),(28,1097),(28,1098),(28,1099),(28,1100),(28,1101),(28,1102),(28,1103),(28,1104),(28,1105),(28,1106),(28,1107),(28,1108),(28,1109),(28,1110),(28,1111),(28,1112),(28,1113),(28,1114),(28,1115),(28,1116),(28,1117),(28,1118),(28,1119),(28,1120),(29,1121),(29,1122),(29,1123),(29,1124),(29,1125),(29,1126),(29,1127),(29,1128),(29,1129),(29,1130),(29,1131),(29,1132),(29,1133),(29,1134),(29,1135),(29,1136),(29,1137),(29,1138),(29,1139),(29,1140),(29,1141),(29,1142),(29,1143),(29,1144),(29,1145),(29,1146),(29,1147),(29,1148),(29,1149),(29,1150),(29,1151),(29,1152),(29,1153),(29,1154),(29,1155),(29,1156),(29,1157),(29,1158),(29,1159),(29,1160),(30,1161),(30,1162),(30,1163),(30,1164),(30,1165),(30,1166),(30,1167),(30,1168),(30,1169),(30,1170),(30,1171),(30,1172),(30,1173),(30,1174),(30,1175),(30,1176),(30,1177),(30,1178),(30,1179),(30,1180),(30,1181),(30,1182),(30,1183),(30,1184),(30,1185),(30,1186),(30,1187),(30,1188),(30,1189),(30,1190),(30,1191),(30,1192),(30,1193),(30,1194),(30,1195),(30,1196),(30,1197),(30,1198),(30,1199),(30,1200),(31,1201),(31,1202),(31,1203),(31,1204),(31,1205),(31,1206),(31,1207),(31,1208),(31,1209),(31,1210),(31,1211),(31,1212),(31,1213),(31,1214),(31,1215),(31,1216),(31,1217),(31,1218),(31,1219),(31,1220),(31,1221),(31,1222),(31,1223),(31,1224),(31,1225),(31,1226),(31,1227),(31,1228),(31,1229),(31,1230),(31,1231),(31,1232),(31,1233),(31,1234),(31,1235),(31,1236),(31,1237),(31,1238),(31,1239),(31,1240),(32,1241),(32,1242),(32,1243),(32,1244),(32,1245),(32,1246),(32,1247),(32,1248),(32,1249),(32,1250),(32,1251),(32,1252),(32,1253),(32,1254),(32,1255),(32,1256),(32,1257),(32,1258),(32,1259),(32,1260),(32,1261),(32,1262),(32,1263),(32,1264),(32,1265),(32,1266),(32,1267),(32,1268),(32,1269),(32,1270),(32,1271),(32,1272),(32,1273),(32,1274),(32,1275),(32,1276),(32,1277),(32,1278),(32,1279),(32,1280),(33,1281),(33,1282),(33,1283),(33,1284),(33,1285),(33,1286),(33,1287),(33,1288),(33,1289),(33,1290),(33,1291),(33,1292),(33,1293),(33,1294),(33,1295),(33,1296),(33,1297),(33,1298),(33,1299),(33,1300),(33,1301),(33,1302),(33,1303),(33,1304),(33,1305),(33,1306),(33,1307),(33,1308),(33,1309),(33,1310),(33,1311),(33,1312),(33,1313),(33,1314),(33,1315),(33,1316),(33,1317),(33,1318),(33,1319),(33,1320),(34,1321),(34,1322),(34,1323),(34,1324),(34,1325),(34,1326),(34,1327),(34,1328),(34,1329),(34,1330),(34,1331),(34,1332),(34,1333),(34,1334),(34,1335),(34,1336),(34,1337),(34,1338),(34,1339),(34,1340),(34,1341),(34,1342),(34,1343),(34,1344),(34,1345),(34,1346),(34,1347),(34,1348),(34,1349),(34,1350),(34,1351),(34,1352),(34,1353),(34,1354),(34,1355),(34,1356),(34,1357),(34,1358),(34,1359),(34,1360),(35,1361),(35,1362),(35,1363),(35,1364),(35,1365),(35,1366),(35,1367),(35,1368),(35,1369),(35,1370),(35,1371),(35,1372),(35,1373),(35,1374),(35,1375),(35,1376),(35,1377),(35,1378),(35,1379),(35,1380),(35,1381),(35,1382),(35,1383),(35,1384),(35,1385),(35,1386),(35,1387),(35,1388),(35,1389),(35,1390),(35,1391),(35,1392),(35,1393),(35,1394),(35,1395),(35,1396),(35,1397),(35,1398),(35,1399),(35,1400),(36,1401),(36,1402),(36,1403),(36,1404),(36,1405),(36,1406),(36,1407),(36,1408),(36,1409),(36,1410),(36,1411),(36,1412),(36,1413),(36,1414),(36,1415),(36,1416),(36,1417),(36,1418),(36,1419),(36,1420),(36,1421),(36,1422),(36,1423),(36,1424),(36,1425),(36,1426),(36,1427),(36,1428),(36,1429),(36,1430),(36,1431),(36,1432),(36,1433),(36,1434),(36,1435),(36,1436),(36,1437),(36,1438),(36,1439),(36,1440),(37,1441),(37,1442),(37,1443),(37,1444),(37,1445),(37,1446),(37,1447),(37,1448),(37,1449),(37,1450),(37,1451),(37,1452),(37,1453),(37,1454),(37,1455),(37,1456),(37,1457),(37,1458),(37,1459),(37,1460),(37,1461),(37,1462),(37,1463),(37,1464),(37,1465),(37,1466),(37,1467),(37,1468),(37,1469),(37,1470),(37,1471),(37,1472),(37,1473),(37,1474),(37,1475),(37,1476),(37,1477),(37,1478),(37,1479),(37,1480),(38,1481),(38,1482),(38,1483),(38,1484),(38,1485),(38,1486),(38,1487),(38,1488),(38,1489),(38,1490),(38,1491),(38,1492),(38,1493),(38,1494),(38,1495),(38,1496),(38,1497),(38,1498),(38,1499),(38,1500),(38,1501),(38,1502),(38,1503),(38,1504),(38,1505),(38,1506),(38,1507),(38,1508),(38,1509),(38,1510),(38,1511),(38,1512),(38,1513),(38,1514),(38,1515),(38,1516),(38,1517),(38,1518),(38,1519),(38,1520),(39,1521),(39,1522),(39,1523),(39,1524),(39,1525),(39,1526),(39,1527),(39,1528),(39,1529),(39,1530),(39,1531),(39,1532),(39,1533),(39,1534),(39,1535),(39,1536),(39,1537),(39,1538),(39,1539),(39,1540),(39,1541),(39,1542),(39,1543),(39,1544),(39,1545),(39,1546),(39,1547),(39,1548),(39,1549),(39,1550),(39,1551),(39,1552),(39,1553),(39,1554),(39,1555),(39,1556),(39,1557),(39,1558),(39,1559),(39,1560),(40,1561),(40,1562),(40,1563),(40,1564),(40,1565),(40,1566),(40,1567),(40,1568),(40,1569),(40,1570),(40,1571),(40,1572),(40,1573),(40,1574),(40,1575),(40,1576),(40,1577),(40,1578),(40,1579),(40,1580),(40,1581),(40,1582),(40,1583),(40,1584),(40,1585),(40,1586),(40,1587),(40,1588),(40,1589),(40,1590),(40,1591),(40,1592),(40,1593),(40,1594),(40,1595),(40,1596),(40,1597),(40,1598),(40,1599),(40,1600),(41,1601),(41,1602),(41,1603),(41,1604),(41,1605),(41,1606),(41,1607),(41,1608),(41,1609),(41,1610),(41,1611),(41,1612),(41,1613),(41,1614),(41,1615),(41,1616),(41,1617),(41,1618),(41,1619),(41,1620),(41,1621),(41,1622),(41,1623),(41,1624),(41,1625),(41,1626),(41,1627),(41,1628),(41,1629),(41,1630),(41,1631),(41,1632),(41,1633),(41,1634),(41,1635),(41,1636),(41,1637),(41,1638),(41,1639),(41,1640),(42,1641),(42,1642),(42,1643),(42,1644),(42,1645),(42,1646),(42,1647),(42,1648),(42,1649),(42,1650),(42,1651),(42,1652),(42,1653),(42,1654),(42,1655),(42,1656),(42,1657),(42,1658),(42,1659),(42,1660),(42,1661),(42,1662),(42,1663),(42,1664),(42,1665),(42,1666),(42,1667),(42,1668),(42,1669),(42,1670),(42,1671),(42,1672),(42,1673),(42,1674),(42,1675),(42,1676),(42,1677),(42,1678),(42,1679),(42,1680),(43,1681),(43,1682),(43,1683),(43,1684),(43,1685),(43,1686),(43,1687),(43,1688),(43,1689),(43,1690),(43,1691),(43,1692),(43,1693),(43,1694),(43,1695),(43,1696),(43,1697),(43,1698),(43,1699),(43,1700),(43,1701),(43,1702),(43,1703),(43,1704),(43,1705),(43,1706),(43,1707),(43,1708),(43,1709),(43,1710),(43,1711),(43,1712),(43,1713),(43,1714),(43,1715),(43,1716),(43,1717),(43,1718),(43,1719),(43,1720),(44,1721),(44,1722),(44,1723),(44,1724),(44,1725),(44,1726),(44,1727),(44,1728),(44,1729),(44,1730),(44,1731),(44,1732),(44,1733),(44,1734),(44,1735),(44,1736),(44,1737),(44,1738),(44,1739),(44,1740),(44,1741),(44,1742),(44,1743),(44,1744),(44,1745),(44,1746),(44,1747),(44,1748),(44,1749),(44,1750),(44,1751),(44,1752),(44,1753),(44,1754),(44,1755),(44,1756),(44,1757),(44,1758),(44,1759),(44,1760),(45,1761),(45,1762),(45,1763),(45,1764),(45,1765),(45,1766),(45,1767),(45,1768),(45,1769),(45,1770),(45,1771),(45,1772),(45,1773),(45,1774),(45,1775),(45,1776),(45,1777),(45,1778),(45,1779),(45,1780),(45,1781),(45,1782),(45,1783),(45,1784),(45,1785),(45,1786),(45,1787),(45,1788),(45,1789),(45,1790),(45,1791),(45,1792),(45,1793),(45,1794),(45,1795),(45,1796),(45,1797),(45,1798),(45,1799),(45,1800),(46,1801),(46,1802),(46,1803),(46,1804),(46,1805),(46,1806),(46,1807),(46,1808),(46,1809),(46,1810),(46,1811),(46,1812),(46,1813),(46,1814),(46,1815),(46,1816),(46,1817),(46,1818),(46,1819),(46,1820),(46,1821),(46,1822),(46,1823),(46,1824),(46,1825),(46,1826),(46,1827),(46,1828),(46,1829),(46,1830),(46,1831),(46,1832),(46,1833),(46,1834),(46,1835),(46,1836),(46,1837),(46,1838),(46,1839),(46,1840),(47,1841),(47,1842),(47,1843),(47,1844),(47,1845),(47,1846),(47,1847),(47,1848),(47,1849),(47,1850),(47,1851),(47,1852),(47,1853),(47,1854),(47,1855),(47,1856),(47,1857),(47,1858),(47,1859),(47,1860),(47,1861),(47,1862),(47,1863),(47,1864),(47,1865),(47,1866),(47,1867),(47,1868),(47,1869),(47,1870),(47,1871),(47,1872),(47,1873),(47,1874),(47,1875),(47,1876),(47,1877),(47,1878),(47,1879),(47,1880),(48,1881),(48,1882),(48,1883),(48,1884),(48,1885),(48,1886),(48,1887),(48,1888),(48,1889),(48,1890),(48,1891),(48,1892),(48,1893),(48,1894),(48,1895),(48,1896),(48,1897),(48,1898),(48,1899),(48,1900),(48,1901),(48,1902),(48,1903),(48,1904),(48,1905),(48,1906),(48,1907),(48,1908),(48,1909),(48,1910),(48,1911),(48,1912),(48,1913),(48,1914),(48,1915),(48,1916),(48,1917),(48,1918),(48,1919),(48,1920),(49,1921),(49,1922),(49,1923),(49,1924),(49,1925),(49,1926),(49,1927),(49,1928),(49,1929),(49,1930),(49,1931),(49,1932),(49,1933),(49,1934),(49,1935),(49,1936),(49,1937),(49,1938),(49,1939),(49,1940),(49,1941),(49,1942),(49,1943),(49,1944),(49,1945),(49,1946),(49,1947),(49,1948),(49,1949),(49,1950),(49,1951),(49,1952),(49,1953),(49,1954),(49,1955),(49,1956),(49,1957),(49,1958),(49,1959),(49,1960),(50,1961),(50,1962),(50,1963),(50,1964),(50,1965),(50,1966),(50,1967),(50,1968),(50,1969),(50,1970),(50,1971),(50,1972),(50,1973),(50,1974),(50,1975),(50,1976),(50,1977),(50,1978),(50,1979),(50,1980),(50,1981),(50,1982),(50,1983),(50,1984),(50,1985),(50,1986),(50,1987),(50,1988),(50,1989),(50,1990),(50,1991),(50,1992),(50,1993),(50,1994),(50,1995),(50,1996),(50,1997),(50,1998),(50,1999),(50,2000);
/*!40000 ALTER TABLE `makes` ENABLE KEYS */;
UNLOCK TABLES;

--
-- Table structure for table `orders`
--

DROP TABLE IF EXISTS `orders`;
/*!40101 SET @saved_cs_client     = @@character_set_client */;
/*!40101 SET character_set_client = utf8 */;
CREATE TABLE `orders` (
  `track_id` int(11) NOT NULL,
  `order_id` int(11) NOT NULL,
  `date` date DEFAULT NULL,
  `original_price` int(11) DEFAULT NULL,
  `discount` int(11) DEFAULT NULL,
  `paid_price` int(11) DEFAULT NULL,
  PRIMARY KEY (`order_id`,`track_id`)
) ENGINE=InnoDB DEFAULT CHARSET=latin1;
/*!40101 SET character_set_client = @saved_cs_client */;

--
-- Dumping data for table `orders`
--

LOCK TABLES `orders` WRITE;
/*!40000 ALTER TABLE `orders` DISABLE KEYS */;
INSERT INTO `orders` VALUES (5,1,'2017-11-21',99,0,99),(1,2,'2017-11-21',1000,120,NULL),(10,2,'2017-11-21',100,12,90),(5,3,'2017-11-21',99,0,99),(5,4,'2017-11-21',99,0,99),(10,10,'2017-11-21',10,0,10),(10,12,'2017-11-21',100,12,90),(2,13,'2017-11-22',99,99,0),(3,13,'2017-11-22',99,99,0),(4,13,'2017-11-22',99,99,0),(3,14,'2017-11-22',1031,0,1031),(256,14,'2017-11-22',153,0,153),(3,15,'2017-11-22',1031,0,1031),(4,15,'2017-11-22',351,0,351),(6,15,'2017-11-22',44,0,44),(2,16,'2017-11-22',1169,0,1169),(1,17,'2017-11-22',1170,0,1170),(57,17,'2017-11-22',1157,0,1157),(1,18,'2017-11-22',1170,0,1170),(3,19,'2017-11-22',1031,0,1031),(4,19,'2017-11-22',351,0,351),(21,20,'2017-11-22',902,0,902),(691,20,'2017-11-22',160,0,160),(2,21,'2017-11-22',1169,0,1169),(991,21,'2017-11-22',999,0,999),(4,22,'2017-11-22',351,28,323),(4,23,'2017-11-22',351,28,323),(2,24,'2017-11-22',1169,140,1029),(3,24,'2017-11-22',1031,124,907),(3,25,'2017-11-22',1031,124,907),(10,121,'2017-11-21',800,96,720),(10,122,'2017-11-21',900,108,810),(10,123,'2017-11-21',10000,1200,9000),(10,1211,'2017-11-21',1000,120,900),(11,12112,NULL,NULL,NULL,NULL),(12,112112,'2017-11-21',NULL,NULL,NULL);
/*!40000 ALTER TABLE `orders` ENABLE KEYS */;
UNLOCK TABLES;

--
-- Table structure for table `places`
--

DROP TABLE IF EXISTS `places`;
/*!40101 SET @saved_cs_client     = @@character_set_client */;
/*!40101 SET character_set_client = utf8 */;
CREATE TABLE `places` (
  `customer_id` int(11) NOT NULL,
  `order_id` int(11) NOT NULL,
  `track_id` int(11) NOT NULL,
  PRIMARY KEY (`order_id`,`customer_id`,`track_id`),
  KEY `track_id` (`track_id`),
  KEY `customer_id` (`customer_id`),
  CONSTRAINT `places_ibfk_1` FOREIGN KEY (`track_id`) REFERENCES `track` (`track_id`),
  CONSTRAINT `places_ibfk_2` FOREIGN KEY (`order_id`) REFERENCES `orders` (`order_id`),
  CONSTRAINT `places_ibfk_3` FOREIGN KEY (`customer_id`) REFERENCES `customer` (`customer_id`)
) ENGINE=InnoDB DEFAULT CHARSET=latin1;
/*!40101 SET character_set_client = @saved_cs_client */;

--
-- Dumping data for table `places`
--

LOCK TABLES `places` WRITE;
/*!40000 ALTER TABLE `places` DISABLE KEYS */;
INSERT INTO `places` VALUES (2,1,5),(2,16,2),(2,17,1),(2,17,57),(4,18,1),(4,19,3),(4,19,4),(4,20,21),(4,20,691),(4,21,2),(4,21,991),(4,22,4),(4,23,4),(2,24,2),(2,24,3),(6,25,3);
/*!40000 ALTER TABLE `places` ENABLE KEYS */;
UNLOCK TABLES;

--
-- Table structure for table `seller`
--

DROP TABLE IF EXISTS `seller`;
/*!40101 SET @saved_cs_client     = @@character_set_client */;
/*!40101 SET character_set_client = utf8 */;
CREATE TABLE `seller` (
  `seller_id` int(11) NOT NULL,
  `name` varchar(20) DEFAULT NULL,
  `telephone_number` varchar(20) DEFAULT NULL,
  `email_id` varchar(40) DEFAULT NULL,
  `username` varchar(20) DEFAULT NULL,
  `password` varchar(20) DEFAULT NULL,
  PRIMARY KEY (`seller_id`)
) ENGINE=InnoDB DEFAULT CHARSET=latin1;
/*!40101 SET character_set_client = @saved_cs_client */;

--
-- Dumping data for table `seller`
--

LOCK TABLES `seller` WRITE;
/*!40000 ALTER TABLE `seller` DISABLE KEYS */;
INSERT INTO `seller` VALUES (1,'Brad','Glen','Brad123@gmail.com ','Brad123','12345'),(2,'Rufus','(764)442-4313','Rufus123@gmail.com ','Rufus123','12345'),(3,'Victoria','(548)799-7210','Victoria123@gmail.com ','Victoria123','12345'),(4,'Glenda','(591)183-6879','Glenda123@gmail.com ','Glenda123','12345'),(5,'Edith','(263)626-6299','Edith123@gmail.com ','Edith123','12345'),(6,'Francis','(505)261-4207','Francis123@gmail.com ','Francis123','12345'),(7,'Deanna','(139)455-3802','Deanna123@gmail.com ','Deanna123','12345'),(8,'Robin','(456)976-1180','Robin123@gmail.com ','Robin123','12345'),(9,'Carolyn','(568)701-3610','Carolyn123@gmail.com ','Carolyn123','12345'),(10,'Clyde','(142)168-0690','Clyde123@gmail.com ','Clyde123','12345'),(11,'Janice','(139)836-7465','Janice123@gmail.com ','Janice123','12345'),(12,'Holly','(187)616-4450','Holly123@gmail.com ','Holly123','12345'),(13,'Barry','(951)753-6869','Barry123@gmail.com ','Barry123','12345'),(14,'Irma','(748)487-5207','Irma123@gmail.com ','Irma123','12345'),(15,'Dana','(467)583-1379','Dana123@gmail.com ','Dana123','12345'),(16,'Colleen','(883)866-9845','Colleen123@gmail.com ','Colleen123','12345'),(17,'John','(458)867-6229','John123@gmail.com ','John123','12345'),(18,'Alejandr','(893)998-6198','Alejandr123@gmail.com ','Alejandr123','12345'),(19,'Everett','(315)147-7582','Everett123@gmail.com ','Everett123','12345'),(20,'Roderick','(437)872-2905','Roderick123@gmail.com ','Roderick123','12345'),(21,'Gene','(875)854-5377','Gene123@gmail.com ','Gene123','12345'),(22,'Ron','(911)571-5714','Ron123@gmail.com ','Ron123','12345'),(23,'Morga','(201)958-3288','Morga123@gmail.com ','Morga123','12345'),(24,'Jessie','(583)876-4668','Jessie123@gmail.com ','Jessie123','12345'),(25,'Marilyn','(925)867-8967','Marilyn123@gmail.com ','Marilyn123','12345'),(26,'Sammy','(136)251-8765','Sammy123@gmail.com ','Sammy123','12345'),(27,'Louis','(396)204-4818','Louis123@gmail.com ','Louis123','12345'),(28,'Orville','(649)351-0745','Orville123@gmail.com ','Orville123','12345'),(29,'Tony','(154)125-7739','Tony123@gmail.com ','Tony123','12345'),(30,'Janet','(540)542-5368','Janet123@gmail.com ','Janet123','12345'),(31,'Erin','(811)332-8506','Erin123@gmail.com ','Erin123','12345'),(32,'Krystal','(400)876-9789','Krystal123@gmail.com ','Krystal123','12345'),(33,'Dawn','(217)738-0926','Dawn123@gmail.com ','Dawn123','12345'),(34,'Darla','(975)823-3171','Darla123@gmail.com ','Darla123','12345'),(35,'Sue','(290)475-0956','Sue123@gmail.com ','Sue123','12345'),(36,'Doris','(745)812-1709','Doris123@gmail.com ','Doris123','12345'),(37,'Olga','(116)978-0040','Olga123@gmail.com ','Olga123','12345'),(38,'Shannon','(613)687-4598','Shannon123@gmail.com ','Shannon123','12345'),(39,'Jose','(806)486-8969','Jose123@gmail.com ','Jose123','12345'),(40,'Cameron','(788)132-7213','Cameron123@gmail.com ','Cameron123','12345'),(41,'Stacy','(766)936-3117','Stacy123@gmail.com ','Stacy123','12345'),(42,'Gregory','(551)384-9535','Gregory123@gmail.com ','Gregory123','12345'),(43,'Mabel','(389)340-4055','Mabel123@gmail.com ','Mabel123','12345'),(44,'Nathan','(605)903-3789','Nathan123@gmail.com ','Nathan123','12345'),(45,'Erick','(593)956-7644','Erick123@gmail.com ','Erick123','12345'),(46,'Santos','(789)748-8390','Santos123@gmail.com ','Santos123','12345'),(47,'Eric','(941)185-0505','Eric123@gmail.com ','Eric123','12345'),(48,'Rex','(167)928-3362','Rex123@gmail.com ','Rex123','12345'),(49,'Josh','(948)293-9704','Josh123@gmail.com ','Josh123','12345'),(50,'Patsy','(669)666-7826','Patsy123@gmail.com ','Patsy123','12345');
/*!40000 ALTER TABLE `seller` ENABLE KEYS */;
UNLOCK TABLES;

--
-- Table structure for table `sells`
--

DROP TABLE IF EXISTS `sells`;
/*!40101 SET @saved_cs_client     = @@character_set_client */;
/*!40101 SET character_set_client = utf8 */;
CREATE TABLE `sells` (
  `track_id` int(11) NOT NULL,
  `seller_id` int(11) DEFAULT NULL,
  PRIMARY KEY (`track_id`)
) ENGINE=InnoDB DEFAULT CHARSET=latin1;
/*!40101 SET character_set_client = @saved_cs_client */;

--
-- Dumping data for table `sells`
--

LOCK TABLES `sells` WRITE;
/*!40000 ALTER TABLE `sells` DISABLE KEYS */;
INSERT INTO `sells` VALUES (0,50),(1,1),(2,2),(3,3),(4,4),(5,5),(6,6),(7,7),(8,8),(9,9),(10,10),(11,11),(12,12),(13,13),(14,14),(15,15),(16,16),(17,17),(18,18),(19,19),(20,20),(21,21),(22,22),(23,23),(24,24),(25,25),(26,26),(27,27),(28,28),(29,29),(30,30),(31,31),(32,32),(33,33),(34,34),(35,35),(36,36),(37,37),(38,38),(39,39),(40,40),(41,41),(42,42),(43,43),(44,44),(45,45),(46,46),(47,47),(48,48),(49,49),(50,50),(51,1),(52,2),(53,3),(54,4),(55,5),(56,6),(57,7),(58,8),(59,9),(60,10),(61,11),(62,12),(63,13),(64,14),(65,15),(66,16),(67,17),(68,18),(69,19),(70,20),(71,21),(72,22),(73,23),(74,24),(75,25),(76,26),(77,27),(78,28),(79,29),(80,30),(81,31),(82,32),(83,33),(84,34),(85,35),(86,36),(87,37),(88,38),(89,39),(90,40),(91,41),(92,42),(93,43),(94,44),(95,45),(96,46),(97,47),(98,48),(99,49),(100,50),(101,1),(102,2),(103,3),(104,4),(105,5),(106,6),(107,7),(108,8),(109,9),(110,10),(111,11),(112,12),(113,13),(114,14),(115,15),(116,16),(117,17),(118,18),(119,19),(120,20),(121,21),(122,22),(123,23),(124,24),(125,25),(126,26),(127,27),(128,28),(129,29),(130,30),(131,31),(132,32),(133,33),(134,34),(135,35),(136,36),(137,37),(138,38),(139,39),(140,40),(141,41),(142,42),(143,43),(144,44),(145,45),(146,46),(147,47),(148,48),(149,49),(150,50),(151,1),(152,2),(153,3),(154,4),(155,5),(156,6),(157,7),(158,8),(159,9),(160,10),(161,11),(162,12),(163,13),(164,14),(165,15),(166,16),(167,17),(168,18),(169,19),(170,20),(171,21),(172,22),(173,23),(174,24),(175,25),(176,26),(177,27),(178,28),(179,29),(180,30),(181,31),(182,32),(183,33),(184,34),(185,35),(186,36),(187,37),(188,38),(189,39),(190,40),(191,41),(192,42),(193,43),(194,44),(195,45),(196,46),(197,47),(198,48),(199,49),(200,50),(201,1),(202,2),(203,3),(204,4),(205,5),(206,6),(207,7),(208,8),(209,9),(210,10),(211,11),(212,12),(213,13),(214,14),(215,15),(216,16),(217,17),(218,18),(219,19),(220,20),(221,21),(222,22),(223,23),(224,24),(225,25),(226,26),(227,27),(228,28),(229,29),(230,30),(231,31),(232,32),(233,33),(234,34),(235,35),(236,36),(237,37),(238,38),(239,39),(240,40),(241,41),(242,42),(243,43),(244,44),(245,45),(246,46),(247,47),(248,48),(249,49),(250,50),(251,1),(252,2),(253,3),(254,4),(255,5),(256,6),(257,7),(258,8),(259,9),(260,10),(261,11),(262,12),(263,13),(264,14),(265,15),(266,16),(267,17),(268,18),(269,19),(270,20),(271,21),(272,22),(273,23),(274,24),(275,25),(276,26),(277,27),(278,28),(279,29),(280,30),(281,31),(282,32),(283,33),(284,34),(285,35),(286,36),(287,37),(288,38),(289,39),(290,40),(291,41),(292,42),(293,43),(294,44),(295,45),(296,46),(297,47),(298,48),(299,49),(300,50),(301,1),(302,2),(303,3),(304,4),(305,5),(306,6),(307,7),(308,8),(309,9),(310,10),(311,11),(312,12),(313,13),(314,14),(315,15),(316,16),(317,17),(318,18),(319,19),(320,20),(321,21),(322,22),(323,23),(324,24),(325,25),(326,26),(327,27),(328,28),(329,29),(330,30),(331,31),(332,32),(333,33),(334,34),(335,35),(336,36),(337,37),(338,38),(339,39),(340,40),(341,41),(342,42),(343,43),(344,44),(345,45),(346,46),(347,47),(348,48),(349,49),(350,50),(351,1),(352,2),(353,3),(354,4),(355,5),(356,6),(357,7),(358,8),(359,9),(360,10),(361,11),(362,12),(363,13),(364,14),(365,15),(366,16),(367,17),(368,18),(369,19),(370,20),(371,21),(372,22),(373,23),(374,24),(375,25),(376,26),(377,27),(378,28),(379,29),(380,30),(381,31),(382,32),(383,33),(384,34),(385,35),(386,36),(387,37),(388,38),(389,39),(390,40),(391,41),(392,42),(393,43),(394,44),(395,45),(396,46),(397,47),(398,48),(399,49),(400,50),(401,1),(402,2),(403,3),(404,4),(405,5),(406,6),(407,7),(408,8),(409,9),(410,10),(411,11),(412,12),(413,13),(414,14),(415,15),(416,16),(417,17),(418,18),(419,19),(420,20),(421,21),(422,22),(423,23),(424,24),(425,25),(426,26),(427,27),(428,28),(429,29),(430,30),(431,31),(432,32),(433,33),(434,34),(435,35),(436,36),(437,37),(438,38),(439,39),(440,40),(441,41),(442,42),(443,43),(444,44),(445,45),(446,46),(447,47),(448,48),(449,49),(450,50),(451,1),(452,2),(453,3),(454,4),(455,5),(456,6),(457,7),(458,8),(459,9),(460,10),(461,11),(462,12),(463,13),(464,14),(465,15),(466,16),(467,17),(468,18),(469,19),(470,20),(471,21),(472,22),(473,23),(474,24),(475,25),(476,26),(477,27),(478,28),(479,29),(480,30),(481,31),(482,32),(483,33),(484,34),(485,35),(486,36),(487,37),(488,38),(489,39),(490,40),(491,41),(492,42),(493,43),(494,44),(495,45),(496,46),(497,47),(498,48),(499,49),(500,50),(501,1),(502,2),(503,3),(504,4),(505,5),(506,6),(507,7),(508,8),(509,9),(510,10),(511,11),(512,12),(513,13),(514,14),(515,15),(516,16),(517,17),(518,18),(519,19),(520,20),(521,21),(522,22),(523,23),(524,24),(525,25),(526,26),(527,27),(528,28),(529,29),(530,30),(531,31),(532,32),(533,33),(534,34),(535,35),(536,36),(537,37),(538,38),(539,39),(540,40),(541,41),(542,42),(543,43),(544,44),(545,45),(546,46),(547,47),(548,48),(549,49),(550,50),(551,1),(552,2),(553,3),(554,4),(555,5),(556,6),(557,7),(558,8),(559,9),(560,10),(561,11),(562,12),(563,13),(564,14),(565,15),(566,16),(567,17),(568,18),(569,19),(570,20),(571,21),(572,22),(573,23),(574,24),(575,25),(576,26),(577,27),(578,28),(579,29),(580,30),(581,31),(582,32),(583,33),(584,34),(585,35),(586,36),(587,37),(588,38),(589,39),(590,40),(591,41),(592,42),(593,43),(594,44),(595,45),(596,46),(597,47),(598,48),(599,49),(600,50),(601,1),(602,2),(603,3),(604,4),(605,5),(606,6),(607,7),(608,8),(609,9),(610,10),(611,11),(612,12),(613,13),(614,14),(615,15),(616,16),(617,17),(618,18),(619,19),(620,20),(621,21),(622,22),(623,23),(624,24),(625,25),(626,26),(627,27),(628,28),(629,29),(630,30),(631,31),(632,32),(633,33),(634,34),(635,35),(636,36),(637,37),(638,38),(639,39),(640,40),(641,41),(642,42),(643,43),(644,44),(645,45),(646,46),(647,47),(648,48),(649,49),(650,50),(651,1),(652,2),(653,3),(654,4),(655,5),(656,6),(657,7),(658,8),(659,9),(660,10),(661,11),(662,12),(663,13),(664,14),(665,15),(666,16),(667,17),(668,18),(669,19),(670,20),(671,21),(672,22),(673,23),(674,24),(675,25),(676,26),(677,27),(678,28),(679,29),(680,30),(681,31),(682,32),(683,33),(684,34),(685,35),(686,36),(687,37),(688,38),(689,39),(690,40),(691,41),(692,42),(693,43),(694,44),(695,45),(696,46),(697,47),(698,48),(699,49),(700,50),(701,1),(702,2),(703,3),(704,4),(705,5),(706,6),(707,7),(708,8),(709,9),(710,10),(711,11),(712,12),(713,13),(714,14),(715,15),(716,16),(717,17),(718,18),(719,19),(720,20),(721,21),(722,22),(723,23),(724,24),(725,25),(726,26),(727,27),(728,28),(729,29),(730,30),(731,31),(732,32),(733,33),(734,34),(735,35),(736,36),(737,37),(738,38),(739,39),(740,40),(741,41),(742,42),(743,43),(744,44),(745,45),(746,46),(747,47),(748,48),(749,49),(750,50),(751,1),(752,2),(753,3),(754,4),(755,5),(756,6),(757,7),(758,8),(759,9),(760,10),(761,11),(762,12),(763,13),(764,14),(765,15),(766,16),(767,17),(768,18),(769,19),(770,20),(771,21),(772,22),(773,23),(774,24),(775,25),(776,26),(777,27),(778,28),(779,29),(780,30),(781,31),(782,32),(783,33),(784,34),(785,35),(786,36),(787,37),(788,38),(789,39),(790,40),(791,41),(792,42),(793,43),(794,44),(795,45),(796,46),(797,47),(798,48),(799,49),(800,50),(801,1),(802,2),(803,3),(804,4),(805,5),(806,6),(807,7),(808,8),(809,9),(810,10),(811,11),(812,12),(813,13),(814,14),(815,15),(816,16),(817,17),(818,18),(819,19),(820,20),(821,21),(822,22),(823,23),(824,24),(825,25),(826,26),(827,27),(828,28),(829,29),(830,30),(831,31),(832,32),(833,33),(834,34),(835,35),(836,36),(837,37),(838,38),(839,39),(840,40),(841,41),(842,42),(843,43),(844,44),(845,45),(846,46),(847,47),(848,48),(849,49),(850,50),(851,1),(852,2),(853,3),(854,4),(855,5),(856,6),(857,7),(858,8),(859,9),(860,10),(861,11),(862,12),(863,13),(864,14),(865,15),(866,16),(867,17),(868,18),(869,19),(870,20),(871,21),(872,22),(873,23),(874,24),(875,25),(876,26),(877,27),(878,28),(879,29),(880,30),(881,31),(882,32),(883,33),(884,34),(885,35),(886,36),(887,37),(888,38),(889,39),(890,40),(891,41),(892,42),(893,43),(894,44),(895,45),(896,46),(897,47),(898,48),(899,49),(900,50),(901,1),(902,2),(903,3),(904,4),(905,5),(906,6),(907,7),(908,8),(909,9),(910,10),(911,11),(912,12),(913,13),(914,14),(915,15),(916,16),(917,17),(918,18),(919,19),(920,20),(921,21),(922,22),(923,23),(924,24),(925,25),(926,26),(927,27),(928,28),(929,29),(930,30),(931,31),(932,32),(933,33),(934,34),(935,35),(936,36),(937,37),(938,38),(939,39),(940,40),(941,41),(942,42),(943,43),(944,44),(945,45),(946,46),(947,47),(948,48),(949,49),(950,50),(951,1),(952,2),(953,3),(954,4),(955,5),(956,6),(957,7),(958,8),(959,9),(960,10),(961,11),(962,12),(963,13),(964,14),(965,15),(966,16),(967,17),(968,18),(969,19),(970,20),(971,21),(972,22),(973,23),(974,24),(975,25),(976,26),(977,27),(978,28),(979,29),(980,30),(981,31),(982,32),(983,33),(984,34),(985,35),(986,36),(987,37),(988,38),(989,39),(990,40),(991,41),(992,42),(993,43),(994,44),(995,45),(996,46),(997,47),(998,48),(999,49),(1000,50),(1001,1),(1002,2),(1003,3),(1004,4),(1005,5),(1006,6),(1007,7),(1008,8),(1009,9),(1010,10),(1011,11),(1012,12),(1013,13),(1014,14),(1015,15),(1016,16),(1017,17),(1018,18),(1019,19),(1020,20),(1021,21),(1022,22),(1023,23),(1024,24),(1025,25),(1026,26),(1027,27),(1028,28),(1029,29),(1030,30),(1031,31),(1032,32),(1033,33),(1034,34),(1035,35),(1036,36),(1037,37),(1038,38),(1039,39),(1040,40),(1041,41),(1042,42),(1043,43),(1044,44),(1045,45),(1046,46),(1047,47),(1048,48),(1049,49),(1050,50),(1051,1),(1052,2),(1053,3),(1054,4),(1055,5),(1056,6),(1057,7),(1058,8),(1059,9),(1060,10),(1061,11),(1062,12),(1063,13),(1064,14),(1065,15),(1066,16),(1067,17),(1068,18),(1069,19),(1070,20),(1071,21),(1072,22),(1073,23),(1074,24),(1075,25),(1076,26),(1077,27),(1078,28),(1079,29),(1080,30),(1081,31),(1082,32),(1083,33),(1084,34),(1085,35),(1086,36),(1087,37),(1088,38),(1089,39),(1090,40),(1091,41),(1092,42),(1093,43),(1094,44),(1095,45),(1096,46),(1097,47),(1098,48),(1099,49),(1100,50),(1101,1),(1102,2),(1103,3),(1104,4),(1105,5),(1106,6),(1107,7),(1108,8),(1109,9),(1110,10),(1111,11),(1112,12),(1113,13),(1114,14),(1115,15),(1116,16),(1117,17),(1118,18),(1119,19),(1120,20),(1121,21),(1122,22),(1123,23),(1124,24),(1125,25),(1126,26),(1127,27),(1128,28),(1129,29),(1130,30),(1131,31),(1132,32),(1133,33),(1134,34),(1135,35),(1136,36),(1137,37),(1138,38),(1139,39),(1140,40),(1141,41),(1142,42),(1143,43),(1144,44),(1145,45),(1146,46),(1147,47),(1148,48),(1149,49),(1150,50),(1151,1),(1152,2),(1153,3),(1154,4),(1155,5),(1156,6),(1157,7),(1158,8),(1159,9),(1160,10),(1161,11),(1162,12),(1163,13),(1164,14),(1165,15),(1166,16),(1167,17),(1168,18),(1169,19),(1170,20),(1171,21),(1172,22),(1173,23),(1174,24),(1175,25),(1176,26),(1177,27),(1178,28),(1179,29),(1180,30),(1181,31),(1182,32),(1183,33),(1184,34),(1185,35),(1186,36),(1187,37),(1188,38),(1189,39),(1190,40),(1191,41),(1192,42),(1193,43),(1194,44),(1195,45),(1196,46),(1197,47),(1198,48),(1199,49),(1200,50),(1201,1),(1202,2),(1203,3),(1204,4),(1205,5),(1206,6),(1207,7),(1208,8),(1209,9),(1210,10),(1211,11),(1212,12),(1213,13),(1214,14),(1215,15),(1216,16),(1217,17),(1218,18),(1219,19),(1220,20),(1221,21),(1222,22),(1223,23),(1224,24),(1225,25),(1226,26),(1227,27),(1228,28),(1229,29),(1230,30),(1231,31),(1232,32),(1233,33),(1234,34),(1235,35),(1236,36),(1237,37),(1238,38),(1239,39),(1240,40),(1241,41),(1242,42),(1243,43),(1244,44),(1245,45),(1246,46),(1247,47),(1248,48),(1249,49),(1250,50),(1251,1),(1252,2),(1253,3),(1254,4),(1255,5),(1256,6),(1257,7),(1258,8),(1259,9),(1260,10),(1261,11),(1262,12),(1263,13),(1264,14),(1265,15),(1266,16),(1267,17),(1268,18),(1269,19),(1270,20),(1271,21),(1272,22),(1273,23),(1274,24),(1275,25),(1276,26),(1277,27),(1278,28),(1279,29),(1280,30),(1281,31),(1282,32),(1283,33),(1284,34),(1285,35),(1286,36),(1287,37),(1288,38),(1289,39),(1290,40),(1291,41),(1292,42),(1293,43),(1294,44),(1295,45),(1296,46),(1297,47),(1298,48),(1299,49),(1300,50),(1301,1),(1302,2),(1303,3),(1304,4),(1305,5),(1306,6),(1307,7),(1308,8),(1309,9),(1310,10),(1311,11),(1312,12),(1313,13),(1314,14),(1315,15),(1316,16),(1317,17),(1318,18),(1319,19),(1320,20),(1321,21),(1322,22),(1323,23),(1324,24),(1325,25),(1326,26),(1327,27),(1328,28),(1329,29),(1330,30),(1331,31),(1332,32),(1333,33),(1334,34),(1335,35),(1336,36),(1337,37),(1338,38),(1339,39),(1340,40),(1341,41),(1342,42),(1343,43),(1344,44),(1345,45),(1346,46),(1347,47),(1348,48),(1349,49),(1350,50),(1351,1),(1352,2),(1353,3),(1354,4),(1355,5),(1356,6),(1357,7),(1358,8),(1359,9),(1360,10),(1361,11),(1362,12),(1363,13),(1364,14),(1365,15),(1366,16),(1367,17),(1368,18),(1369,19),(1370,20),(1371,21),(1372,22),(1373,23),(1374,24),(1375,25),(1376,26),(1377,27),(1378,28),(1379,29),(1380,30),(1381,31),(1382,32),(1383,33),(1384,34),(1385,35),(1386,36),(1387,37),(1388,38),(1389,39),(1390,40),(1391,41),(1392,42),(1393,43),(1394,44),(1395,45),(1396,46),(1397,47),(1398,48),(1399,49),(1400,50),(1401,1),(1402,2),(1403,3),(1404,4),(1405,5),(1406,6),(1407,7),(1408,8),(1409,9),(1410,10),(1411,11),(1412,12),(1413,13),(1414,14),(1415,15),(1416,16),(1417,17),(1418,18),(1419,19),(1420,20),(1421,21),(1422,22),(1423,23),(1424,24),(1425,25),(1426,26),(1427,27),(1428,28),(1429,29),(1430,30),(1431,31),(1432,32),(1433,33),(1434,34),(1435,35),(1436,36),(1437,37),(1438,38),(1439,39),(1440,40),(1441,41),(1442,42),(1443,43),(1444,44),(1445,45),(1446,46),(1447,47),(1448,48),(1449,49),(1450,50),(1451,1),(1452,2),(1453,3),(1454,4),(1455,5),(1456,6),(1457,7),(1458,8),(1459,9),(1460,10),(1461,11),(1462,12),(1463,13),(1464,14),(1465,15),(1466,16),(1467,17),(1468,18),(1469,19),(1470,20),(1471,21),(1472,22),(1473,23),(1474,24),(1475,25),(1476,26),(1477,27),(1478,28),(1479,29),(1480,30),(1481,31),(1482,32),(1483,33),(1484,34),(1485,35),(1486,36),(1487,37),(1488,38),(1489,39),(1490,40),(1491,41),(1492,42),(1493,43),(1494,44),(1495,45),(1496,46),(1497,47),(1498,48),(1499,49),(1500,50),(1501,1),(1502,2),(1503,3),(1504,4),(1505,5),(1506,6),(1507,7),(1508,8),(1509,9),(1510,10),(1511,11),(1512,12),(1513,13),(1514,14),(1515,15),(1516,16),(1517,17),(1518,18),(1519,19),(1520,20),(1521,21),(1522,22),(1523,23),(1524,24),(1525,25),(1526,26),(1527,27),(1528,28),(1529,29),(1530,30),(1531,31),(1532,32),(1533,33),(1534,34),(1535,35),(1536,36),(1537,37),(1538,38),(1539,39),(1540,40),(1541,41),(1542,42),(1543,43),(1544,44),(1545,45),(1546,46),(1547,47),(1548,48),(1549,49),(1550,50),(1551,1),(1552,2),(1553,3),(1554,4),(1555,5),(1556,6),(1557,7),(1558,8),(1559,9),(1560,10),(1561,11),(1562,12),(1563,13),(1564,14),(1565,15),(1566,16),(1567,17),(1568,18),(1569,19),(1570,20),(1571,21),(1572,22),(1573,23),(1574,24),(1575,25),(1576,26),(1577,27),(1578,28),(1579,29),(1580,30),(1581,31),(1582,32),(1583,33),(1584,34),(1585,35),(1586,36),(1587,37),(1588,38),(1589,39),(1590,40),(1591,41),(1592,42),(1593,43),(1594,44),(1595,45),(1596,46),(1597,47),(1598,48),(1599,49),(1600,50),(1601,1),(1602,2),(1603,3),(1604,4),(1605,5),(1606,6),(1607,7),(1608,8),(1609,9),(1610,10),(1611,11),(1612,12),(1613,13),(1614,14),(1615,15),(1616,16),(1617,17),(1618,18),(1619,19),(1620,20),(1621,21),(1622,22),(1623,23),(1624,24),(1625,25),(1626,26),(1627,27),(1628,28),(1629,29),(1630,30),(1631,31),(1632,32),(1633,33),(1634,34),(1635,35),(1636,36),(1637,37),(1638,38),(1639,39),(1640,40),(1641,41),(1642,42),(1643,43),(1644,44),(1645,45),(1646,46),(1647,47),(1648,48),(1649,49),(1650,50),(1651,1),(1652,2),(1653,3),(1654,4),(1655,5),(1656,6),(1657,7),(1658,8),(1659,9),(1660,10),(1661,11),(1662,12),(1663,13),(1664,14),(1665,15),(1666,16),(1667,17),(1668,18),(1669,19),(1670,20),(1671,21),(1672,22),(1673,23),(1674,24),(1675,25),(1676,26),(1677,27),(1678,28),(1679,29),(1680,30),(1681,31),(1682,32),(1683,33),(1684,34),(1685,35),(1686,36),(1687,37),(1688,38),(1689,39),(1690,40),(1691,41),(1692,42),(1693,43),(1694,44),(1695,45),(1696,46),(1697,47),(1698,48),(1699,49),(1700,50),(1701,1),(1702,2),(1703,3),(1704,4),(1705,5),(1706,6),(1707,7),(1708,8),(1709,9),(1710,10),(1711,11),(1712,12),(1713,13),(1714,14),(1715,15),(1716,16),(1717,17),(1718,18),(1719,19),(1720,20),(1721,21),(1722,22),(1723,23),(1724,24),(1725,25),(1726,26),(1727,27),(1728,28),(1729,29),(1730,30),(1731,31),(1732,32),(1733,33),(1734,34),(1735,35),(1736,36),(1737,37),(1738,38),(1739,39),(1740,40),(1741,41),(1742,42),(1743,43),(1744,44),(1745,45),(1746,46),(1747,47),(1748,48),(1749,49),(1750,50),(1751,1),(1752,2),(1753,3),(1754,4),(1755,5),(1756,6),(1757,7),(1758,8),(1759,9),(1760,10),(1761,11),(1762,12),(1763,13),(1764,14),(1765,15),(1766,16),(1767,17),(1768,18),(1769,19),(1770,20),(1771,21),(1772,22),(1773,23),(1774,24),(1775,25),(1776,26),(1777,27),(1778,28),(1779,29),(1780,30),(1781,31),(1782,32),(1783,33),(1784,34),(1785,35),(1786,36),(1787,37),(1788,38),(1789,39),(1790,40),(1791,41),(1792,42),(1793,43),(1794,44),(1795,45),(1796,46),(1797,47),(1798,48),(1799,49),(1800,50),(1801,1),(1802,2),(1803,3),(1804,4),(1805,5),(1806,6),(1807,7),(1808,8),(1809,9),(1810,10),(1811,11),(1812,12),(1813,13),(1814,14),(1815,15),(1816,16),(1817,17),(1818,18),(1819,19),(1820,20),(1821,21),(1822,22),(1823,23),(1824,24),(1825,25),(1826,26),(1827,27),(1828,28),(1829,29),(1830,30),(1831,31),(1832,32),(1833,33),(1834,34),(1835,35),(1836,36),(1837,37),(1838,38),(1839,39),(1840,40),(1841,41),(1842,42),(1843,43),(1844,44),(1845,45),(1846,46),(1847,47),(1848,48),(1849,49),(1850,50),(1851,1),(1852,2),(1853,3),(1854,4),(1855,5),(1856,6),(1857,7),(1858,8),(1859,9),(1860,10),(1861,11),(1862,12),(1863,13),(1864,14),(1865,15),(1866,16),(1867,17),(1868,18),(1869,19),(1870,20),(1871,21),(1872,22),(1873,23),(1874,24),(1875,25),(1876,26),(1877,27),(1878,28),(1879,29),(1880,30),(1881,31),(1882,32),(1883,33),(1884,34),(1885,35),(1886,36),(1887,37),(1888,38),(1889,39),(1890,40),(1891,41),(1892,42),(1893,43),(1894,44),(1895,45),(1896,46),(1897,47),(1898,48),(1899,49),(1900,50),(1901,1),(1902,2),(1903,3),(1904,4),(1905,5),(1906,6),(1907,7),(1908,8),(1909,9),(1910,10),(1911,11),(1912,12),(1913,13),(1914,14),(1915,15),(1916,16),(1917,17),(1918,18),(1919,19),(1920,20),(1921,21),(1922,22),(1923,23),(1924,24),(1925,25),(1926,26),(1927,27),(1928,28),(1929,29),(1930,30),(1931,31),(1932,32),(1933,33),(1934,34),(1935,35),(1936,36),(1937,37),(1938,38),(1939,39),(1940,40),(1941,41),(1942,42),(1943,43),(1944,44),(1945,45),(1946,46),(1947,47),(1948,48),(1949,49),(1950,50),(1951,1),(1952,2),(1953,3),(1954,4),(1955,5),(1956,6),(1957,7),(1958,8),(1959,9),(1960,10),(1961,11),(1962,12),(1963,13),(1964,14),(1965,15),(1966,16),(1967,17),(1968,18),(1969,19),(1970,20),(1971,21),(1972,22),(1973,23),(1974,24),(1975,25),(1976,26),(1977,27),(1978,28),(1979,29),(1980,30),(1981,31),(1982,32),(1983,33),(1984,34),(1985,35),(1986,36),(1987,37),(1988,38),(1989,39),(1990,40),(1991,41),(1992,42),(1993,43),(1994,44),(1995,45),(1996,46),(1997,47),(1998,48),(1999,49),(2000,50),(2001,1),(2002,2),(2003,3),(2004,4),(2005,5),(2006,6),(2007,7),(2008,8),(2009,9),(2010,10),(2011,11),(2012,12),(2013,13),(2014,14),(2015,15),(2016,16);
/*!40000 ALTER TABLE `sells` ENABLE KEYS */;
UNLOCK TABLES;

--
-- Table structure for table `track`
--

DROP TABLE IF EXISTS `track`;
/*!40101 SET @saved_cs_client     = @@character_set_client */;
/*!40101 SET character_set_client = utf8 */;
CREATE TABLE `track` (
  `track_id` int(11) NOT NULL,
  `name` varchar(20) DEFAULT NULL,
  `length` int(11) DEFAULT NULL,
  `release_date` date DEFAULT NULL,
  `language` varchar(20) DEFAULT NULL,
  `price` int(11) DEFAULT NULL,
  `danceability` varchar(20) DEFAULT NULL,
  `energy` varchar(20) DEFAULT NULL,
  `key` varchar(20) DEFAULT NULL,
  `loudness` varchar(20) DEFAULT NULL,
  `mode` varchar(20) DEFAULT NULL,
  `speechiness` varchar(20) DEFAULT NULL,
  `acousticness` varchar(20) DEFAULT NULL,
  `instrumentalness` varchar(20) DEFAULT NULL,
  `liveness` varchar(20) DEFAULT NULL,
  `valence` varchar(20) DEFAULT NULL,
  `tempo` varchar(20) DEFAULT NULL,
  `duration_ms` varchar(20) DEFAULT NULL,
  `time_signature` varchar(20) DEFAULT NULL,
  PRIMARY KEY (`track_id`)
) ENGINE=InnoDB DEFAULT CHARSET=latin1;
/*!40101 SET character_set_client = @saved_cs_client */;

--
-- Dumping data for table `track`
--

LOCK TABLES `track` WRITE;
/*!40000 ALTER TABLE `track` DISABLE KEYS */;
INSERT INTO `track` VALUES (1,'Redbone',326,'2016-12-25','english',1170,'0.743','0.359','1','-10.401','1','0.0794','0.199','0.00611','0.137','0.588','160.083','326933','4'),(2,'Xanny Family',185,'2017-05-31','english',1169,'0.838','0.412','2','-7.148','1','0.289','0.0344','0.000234','0.159','0.173','75.044','185707','4'),(3,'Master Of None',199,'2017-03-23','english',1031,'0.494','0.338','5','-15.236','1','0.0261','0.604','0.51','0.0922','0.23','86.468','199413','4'),(4,'Parallel Lines',392,'2016-12-28','english',351,'0.678','0.561','5','-11.648','0','0.0694','0.18','0.512','0.439','0.904','174.004','392893','4'),(5,'Sneakin’',251,'2017-05-20','english',1259,'0.804','0.56','8','-6.682','1','0.185','0.00479','0','0.164','0.264','85.023','251333','4'),(6,'Childs Play',241,'2017-01-17','english',44,'0.739','0.472','1','-11.204','1','0.156','0.0145','0.00000727','0.207','0.308','80.03','241400','4'),(7,'Gyöngyhajú lány',349,'2017-03-09','english',340,'0.266','0.348','10','-11.609','0','0.0371','0.0202','0.664','0.16','0.393','144.154','349667','4'),(8,'I\'ve Seen Footage',202,'2016-11-24','english',269,'0.603','0.944','11','-3.626','0','0.347','0.0481','0','0.342','0.398','130.035','202853','4'),(9,'Digital Animal',226,'2017-01-13','english',325,'0.836','0.603','7','-7.792','1','0.237','0.00208','0','0.571','0.386','99.994','226840','4'),(10,'Subways - In Flagran',358,'2017-08-06','english',817,'0.525','0.855','5','-7.372','0','0.0548','0.0572','0.0143','0.649','0.524','111.951','358187','3'),(11,'Donme Dolap - Baris ',324,'2016-12-23','english',510,'0.753','0.748','10','-8.62','1','0.0494','0.0915','0.00348','0.212','0.642','104.322','324880','4'),(12,'Cemalim',356,'2017-03-15','english',99,'0.603','0.434','0','-11.062','1','0.0342','0.253','0.0619','0.108','0.381','127.681','356973','4'),(13,'One Night',243,'2017-03-09','english',264,'0.762','0.476','0','-12.686','1','0.114','0.366','0','0.103','0.367','130.007','243270','4'),(14,'Oh lala',247,'2017-06-07','english',1024,'0.662','0.603','9','-8.317','0','0.0793','0.44','0','0.0972','0.351','125.011','247288','4'),(15,'Char',188,'2017-09-16','english',425,'0.637','0.832','6','-6.637','1','0.163','0.019','0.0563','0.316','0.317','99.988','188333','4'),(16,'World In Motion',270,'2017-05-07','english',353,'0.603','0.955','1','-4.111','1','0.0458','0.0239','0.0451','0.119','0.773','123.922','270827','4'),(17,'One Nation Under a G',447,'2017-09-21','english',490,'0.789','0.659','4','-12.654','0','0.0429','0.233','0.00049','0.184','0.842','122.415','447907','4'),(18,'Bouncin',195,'2017-09-04','english',90,'0.713','0.611','1','-6.702','0','0.241','0.314','0','0.117','0.783','140.061','195429','4'),(19,'C O O L - Radio Edit',214,'2017-04-24','english',280,'0.735','0.759','1','-6.914','0','0.0449','0.0242','0.185','0.0966','0.763','109.982','214347','4'),(20,'Percolator (Jamie Jo',249,'2017-08-24','english',1128,'0.854','0.719','10','-9.335','0','0.0655','0.000702','0.308','0.428','0.471','128.049','249253','4'),(21,'House of Jealous Lov',307,'2017-05-26','english',902,'0.747','0.74','1','-4.134','1','0.0323','0.00024','0.369','0.0995','0.77','130.031','307680','4'),(22,'Imma Ride',287,'2017-02-28','english',1123,'0.854','0.401','9','-8.553','1','0.395','0.118','0','0.527','0.441','139.922','287086','4'),(23,'Girlfriend',132,'2017-09-18','english',311,'0.224','0.925','11','-1.71','0','0.0834','0.000596','0.00000135','0.0663','0.364','138.022','132760','4'),(24,'If I Gave You My Lov',203,'2017-03-13','english',783,'0.512','0.564','10','-5.892','1','0.0316','0.279','0.0000154','0.133','0.401','94.498','203400','4'),(25,'This Ready Flesh',205,'2016-12-13','english',381,'0.781','0.795','7','-6.758','1','0.036','0.00219','0.269','0.0673','0.795','109.977','205160','4'),(26,'Lose My Mind',199,'2017-04-08','english',856,'0.411','0.684','11','-6.889','0','0.383','0.341','0.00000142','0.198','0.598','110.016','199500','4'),(27,'Char',188,'2017-08-03','english',536,'0.646','0.837','6','-6.615','1','0.134','0.018','0.0403','0.316','0.32','100.04','188333','4'),(28,'Look Alive',228,'2017-04-02','english',111,'0.782','0.572','4','-7.467','0','0.0385','0.0516','0','0.33','0.237','120.021','228562','4'),(29,'Please Stop Making F',186,'2017-08-07','english',248,'0.735','0.4','1','-12.766','1','0.102','0.282','0.125','0.0811','0.326','129.004','186096','4'),(30,'Milly Rock',220,'2017-05-04','english',904,'0.45','0.449','2','-12.037','1','0.156','0.00791','0','0.173','0.137','135.45','220934','4'),(31,'Blasé (feat. Future ',285,'2017-01-05','english',1179,'0.897','0.642','2','-8.828','1','0.0534','0.0219','0.00000131','0.159','0.27','127.984','285240','4'),(32,'Best Friend',213,'2017-02-23','english',580,'0.959','0.598','8','-5.534','1','0.0713','0.0358','0','0.358','0.424','127.029','213000','4'),(33,'Hercules',280,'2017-10-22','english',664,'0.742','0.559','5','-5.876','1','0.141','0.0324','0','0.0987','0.429','146.923','280831','4'),(34,'Who Be Lovin Me (fea',232,'2017-09-11','english',278,'0.805','0.687','9','-7.771','1','0.0458','0.118','0','0.0842','0.683','119.999','232880','4'),(35,'Check',230,'2017-03-01','english',700,'0.667','0.581','0','-5.164','0','0.323','0.0428','0','0.183','0.372','110.953','230693','4'),(36,'Poppin\' My Collar',175,'2017-11-02','english',64,'0.722','0.823','7','-3.916','1','0.081','0.297','0','0.489','0.855','148.23','175613','4'),(37,'Jumpman',205,'2017-10-20','english',821,'0.853','0.547','1','-7.535','1','0.194','0.0565','0','0.341','0.677','142.065','205879','4'),(38,'7/11',213,'2017-08-11','english',10,'0.747','0.705','9','-5.137','0','0.126','0.0128','0','0.126','0.571','136.024','213507','4'),(39,'Somebody\'s Watching ',237,'2017-09-28','english',187,'0.777','0.591','1','-7.431','0','0.0327','0.135','0.000055','0.126','0.848','124.111','237187','4'),(40,'Bang That',324,'2016-12-29','english',904,'0.731','0.852','11','-6.08','1','0.0476','0.00041','0.625','0.358','0.622','125.008','324541','4'),(41,'I Don\'t Sell Molly N',186,'2017-11-04','english',59,'0.76','0.402','8','-8.751','1','0.164','0.00356','0','0.333','0.069','147.028','186122','4'),(42,'Versace Python',183,'2017-05-04','english',183,'0.624','0.792','10','-5.33','0','0.0473','0.00156','0.00000154','0.0772','0.318','139.94','183000','4'),(43,'Monster',378,'2017-04-09','english',738,'0.621','0.683','11','-5.619','0','0.242','0.00243','0.00856','0.525','0.0891','124.283','378893','5'),(44,'OOOUUU',234,'2017-06-11','english',540,'0.64','0.819','7','-4.108','1','0.455','0.533','0','0.156','0.624','166.012','234526','4'),(45,'Return Of The Mack -',213,'2017-07-05','english',487,'0.715','0.833','2','-5.379','1','0.108','0.00631','0','0.164','0.607','95.487','213093','4'),(46,'Fantastic Man',386,'2017-04-30','english',812,'0.7','0.756','2','-10.714','1','0.0575','0.00182','0.711','0.0575','0.947','114.28','386160','4'),(47,'Right Place Wrong Ti',175,'2017-03-19','english',1298,'0.789','0.494','1','-13.702','1','0.0456','0.0923','0.000408','0.144','0.832','104.593','175240','4'),(48,'Azon de ma gnin kpev',252,'2017-03-09','english',153,'0.796','0.86','5','-6.202','0','0.0653','0.375','0.00457','0.0745','0.973','129.008','252547','3'),(49,'Odofo Nyi Akyiri Bia',576,'2017-05-24','english',770,'0.716','0.957','3','-4.814','1','0.0689','0.183','0.058','0.182','0.93','106.714','576888','4'),(50,'Annie',241,'2017-07-09','english',793,'0.74','0.846','2','-6.039','1','0.0808','0.0185','0.0624','0.254','0.852','95.995','241341','4'),(51,'The Chase',224,'2017-07-10','english',354,'0.7','0.84','7','-6.227','0','0.0292','0.0638','0.112','0.141','0.745','132.475','224480','4'),(52,'Coming Home',215,'2017-03-02','english',688,'0.514','0.453','6','-7.062','1','0.0267','0.456','0.000181','0.178','0.532','75.548','215613','4'),(53,'Wishes',286,'2017-05-12','english',1080,'0.313','0.77','7','-7.265','1','0.0335','0.128','0.0787','0.0873','0.186','74.749','286960','4'),(54,'White Iverson',254,'2017-06-03','english',735,'0.676','0.528','7','-8.699','1','0.0366','0.246','0','0.0803','0.301','130.073','254769','4'),(55,'I Know There\'s Gonna',213,'2017-02-15','english',436,'0.532','0.596','11','-9.912','0','0.187','0.12','0','0.504','0.486','119.296','213622','5'),(56,'Loud Places',283,'2017-06-22','english',1273,'0.646','0.629','8','-10.775','0','0.0427','0.00426','0.277','0.122','0.176','109.013','283067','4'),(57,'L$D',238,'2017-02-04','english',1157,'0.598','0.252','2','-15.086','1','0.0647','0.193','0.138','0.0992','0.0359','120.06','238307','4'),(58,'Dopeman',113,'2017-03-02','english',664,'0.754','0.442','5','-8.873','0','0.127','0.0174','0.000094','0.0622','0.599','148.04','113373','4'),(59,'California Nights',311,'2017-08-25','english',1148,'0.294','0.786','2','-3.626','1','0.0378','0.000392','0.865','0.272','0.136','81.108','311360','4'),(60,'Baby',287,'2017-11-06','english',1147,'0.622','0.253','2','-14.36','1','0.0331','0.435','0.471','0.0941','0.328','92.584','287427','4'),(61,'Ain\'t No Love In The',225,'2017-05-29','english',994,'0.559','0.656','9','-8.699','0','0.0469','0.257','0.000171','0.2','0.671','79.638','225347','4'),(62,'Fail to Cry',293,'2017-08-05','english',225,'0.54','0.945','9','-6.64','1','0.0406','0.000145','0.753','0.667','0.87','92.995','293646','4'),(63,'Evil Friends (feat. ',232,'2017-11-08','english',745,'0.793','0.7','0','-6.641','0','0.0572','0.273','0','0.174','0.887','140.058','232251','4'),(64,'Ikimiz Bir Fidaniz -',223,'2017-08-06','english',450,'0.549','0.715','1','-11.164','1','0.0633','0.374','0.0000035','0.17','0.785','82.118','223720','4'),(65,'Sentimental Trash',186,'2017-07-09','english',12,'0.557','0.607','0','-10.088','1','0.0578','0.00266','0.771','0.33','0.259','73.061','186397','4'),(66,'Get Away',279,'2016-12-03','english',9,'0.597','0.444','2','-8.39','0','0.03','0.000546','0.051','0.335','0.361','120.074','279240','4'),(67,'Look At Wrist',213,'2017-03-01','english',11,'0.879','0.512','0','-7.83','1','0.0775','0.00781','0.0000145','0.134','0.277','127.95','213786','4'),(68,'Our Love',334,'2017-02-25','english',27,'0.726','0.497','10','-10.742','0','0.0433','0.125','0.89','0.104','0.472','125.004','334173','4'),(69,'I Ain\'t Trippin off ',134,'2017-05-17','english',100,'0.857','0.831','2','-4.664','1','0.0995','0.00158','0','0.154','0.251','106.059','134062','4'),(70,'They Don\'t Know - Or',330,'2017-07-09','english',421,'0.807','0.778','0','-5.485','1','0.0399','0.0132','0.666','0.109','0.797','120.001','330920','4'),(71,'Sabali',196,'2017-07-30','english',502,'0.596','0.639','0','-6.546','1','0.03','0.783','0.569','0.331','0.197','124.012','196627','4'),(72,'Spooky',155,'2017-06-11','english',1246,'0.683','0.708','4','-6.852','0','0.0289','0.518','0.0000208','0.175','0.967','106.446','155133','4'),(73,'Pick Up The Pieces',239,'2017-08-03','english',823,'0.768','0.853','10','-5.915','0','0.0427','0.0548','0.13','0.0188','0.887','107.234','239908','4'),(74,'Have Love Will Trave',160,'2017-09-18','english',379,'0.506','0.948','10','-5.626','1','0.105','0.727','0','0.0904','0.936','130.195','160400','4'),(75,'Capitol',293,'2016-11-30','english',726,'0.457','0.918','11','-5.295','0','0.0471','0.000313','0.000215','0.769','0.297','105.018','293533','4'),(76,'Uncast Shadow Of A S',386,'2017-07-13','english',1193,'0.468','0.58','7','-8.131','1','0.0278','0.34','0.821','0.0737','0.324','76.27','386760','4'),(77,'I Shall Be Released ',232,'2017-01-08','english',1187,'0.537','0.447','9','-8.261','1','0.0289','0.47','0.0000186','0.0519','0.549','84.362','232453','3'),(78,'Words I Don\'t Rememb',378,'2017-08-16','english',1054,'0.515','0.217','3','-13.382','0','0.0351','0.855','0.463','0.598','0.194','80.015','378253','4'),(79,'To The Top',196,'2017-02-27','english',409,'0.429','0.725','2','-6.156','1','0.0371','0.00502','0.0000154','0.266','0.174','82.925','196933','4'),(80,'Them Changes (feat. ',187,'2017-01-08','english',184,'0.791','0.58','8','-8.377','1','0.0588','0.555','0.00155','0.116','0.733','81.678','187210','4'),(81,'Aquafina (feat. Gold',221,'2017-09-28','english',992,'0.711','0.705','10','-6.248','0','0.252','0.186','0','0.148','0.403','144.053','221350','4'),(82,'Hot Blur',201,'2017-10-02','english',508,'0.683','0.824','1','-8.569','0','0.222','0.0249','0.627','0.0533','0.921','154.008','201049','4'),(83,'Summer Madness',257,'2017-08-23','english',861,'0.309','0.325','6','-16.4','0','0.0366','0.0108','0.854','0.0742','0.46','175.88','257867','4'),(84,'The Payback',460,'2017-01-25','english',181,'0.867','0.733','10','-7.54','0','0.237','0.193','0.000219','0.749','0.761','97.835','460400','4'),(85,'I\'m In Love',275,'2017-07-05','english',921,'0.619','0.734','5','-9.366','0','0.0343','0.0192','0.263','0.0771','0.853','106.034','275533','4'),(86,'I Need You Tonight',429,'2017-06-14','english',161,'0.898','0.5','1','-11.089','1','0.0571','0.00776','0.292','0.0771','0.868','122.281','429897','4'),(87,'Everybody Likes Some',206,'2017-11-02','english',644,'0.589','0.745','7','-8.109','1','0.076','0.17','0.000406','0.376','0.76','99.407','206240','4'),(88,'Dadje Von O Von Non',234,'2016-12-10','english',135,'0.606','0.668','5','-9.168','0','0.0729','0.0221','0.0000165','0.0527','0.958','158.859','234987','4'),(89,'Sugah Daddy',302,'2017-04-20','english',41,'0.786','0.547','1','-11.416','1','0.262','0.0397','0.272','0.0378','0.68','92.603','302840','4'),(90,'International Player',321,'2017-10-15','english',1103,'0.734','0.548','11','-9.682','1','0.386','0.0213','0','0.512','0.72','128.289','321933','4'),(91,'Swerve',268,'2017-02-22','english',189,'0.812','0.676','1','-4.502','1','0.0491','0.0454','0','0.0929','0.399','114.047','268421','4'),(92,'Look At Wrist',213,'2017-06-18','english',235,'0.876','0.606','0','-5.471','1','0.0645','0.00672','0.0000106','0.14','0.249','127.975','213246','4'),(93,'Let It Happen',467,'2016-12-28','english',610,'0.601','0.873','1','-5.866','0','0.0448','0.00488','0.0365','0.113','0.566','124.997','467587','4'),(94,'My Way (feat. Monty)',213,'2017-08-31','english',1044,'0.748','0.741','6','-3.103','1','0.0531','0.00419','0','0.147','0.533','128.077','213053','4'),(95,'Walk',214,'2017-06-17','english',787,'0.615','0.814','9','-3.903','0','0.0677','0.17','0','0.218','0.601','144.005','214150','4'),(96,'The Magnificent Seve',333,'2017-05-28','english',805,'0.799','0.789','0','-8.208','1','0.0396','0.0604','0','0.0338','0.833','116.081','333520','4'),(97,'NOBO',247,'2017-10-05','english',361,'0.398','0.776','9','-7.388','0','0.0374','0.0571','0.0172','0.303','0.689','110.815','247390','4'),(98,'The Gaudy Side of To',427,'2017-09-08','english',691,'0.685','0.423','11','-9.031','0','0.0475','0.716','0.518','0.0765','0.649','138.034','427227','4'),(99,'U Mad',299,'2017-04-07','english',1070,'0.706','0.581','9','-6.492','1','0.055','0.0151','0','0.368','0.463','134.009','299799','4'),(100,'Slumlord',315,'2017-05-14','english',677,'0.63','0.98','1','-4.914','1','0.059','0.228','0.00661','0.487','0.805','108.009','315595','4'),(101,'Leave A Trace',237,'2017-02-23','english',174,'0.57','0.736','9','-5.822','1','0.0844','0.017','0.0000574','0.178','0.267','99.86','237480','4'),(102,'Willing & Able',292,'2017-09-29','english',139,'0.525','0.643','5','-6.874','0','0.816','0.247','0','0.106','0.943','199.727','292760','4'),(103,'White Girl',236,'2017-05-21','english',172,'0.698','0.793','1','-5.332','0','0.105','0.123','0','0.0805','0.46','129.948','236760','4'),(104,'Maneuvering',213,'2017-10-20','english',442,'0.763','0.773','0','-4.722','1','0.0533','0.00705','0.032','0.772','0.347','130.025','213375','4'),(105,'Be My Baby',160,'2016-12-14','english',394,'0.511','0.769','4','-7.032','1','0.042','0.181','0','0.0921','0.814','129.657','160907','4'),(106,'Why Don\'t They Let U',159,'2017-06-21','english',646,'0.506','0.813','4','-5.78','1','0.0392','0.378','0.0293','0.276','0.855','108.212','159253','4'),(107,'Will You Love Me Tom',162,'2017-08-06','english',744,'0.513','0.494','0','-5.072','1','0.0315','0.677','0.0000643','0.143','0.521','135.894','162040','4'),(108,'One Fine Day',126,'2017-09-04','english',484,'0.251','0.868','1','-2.685','1','0.128','0.488','0.00000734','0.818','0.587','177.125','126827','4'),(109,'He\'s So Fine - 2000 ',111,'2017-09-10','english',189,'0.559','0.633','7','-3.265','1','0.0329','0.487','0','0.164','0.842','72.496','111270','4'),(110,'Then He Kissed Me',158,'2017-07-19','english',789,'0.431','0.678','4','-7.945','1','0.0365','0.7','0.00000637','0.199','0.632','135.919','158685','4'),(111,'It\'s My Party',142,'2017-10-07','english',780,'0.683','0.71','9','-7.445','1','0.114','0.403','0','0.086','0.93','128.181','142333','4'),(112,'Please Mr. Postman',149,'2017-04-16','english',232,'0.78','0.599','2','-10.251','1','0.0329','0.656','0','0.129','0.967','121.198','149440','4'),(113,'Fiesta - Remix',196,'2017-04-03','english',118,'0.614','0.907','4','-2.536','0','0.143','0.00904','0.000131','0.36','0.354','122.906','196352','4'),(114,'Queen\'s Speech 4',196,'2017-07-05','english',1195,'0.661','0.531','7','-10.113','0','0.548','0.141','0','0.136','0.657','93.287','196615','5'),(115,'I Know There\'s Gonna',213,'2017-11-21','english',422,'0.564','0.594','11','-9.912','0','0.155','0.119','0','0.536','0.489','89.394','213622','4'),(116,'With That (feat. Duk',202,'2017-01-09','english',1124,'0.751','0.597','9','-6.59','0','0.125','0.0659','0','0.0881','0.168','123.997','202533','4'),(117,'Hotline Bling',267,'2017-07-25','english',451,'0.896','0.623','2','-8.008','1','0.0571','0.00257','0.000258','0.039','0.564','134.962','267024','4'),(118,'679 (feat. Remy Boyz',196,'2017-11-08','english',185,'0.618','0.717','7','-5.738','1','0.318','0.00256','0','0.625','0.601','190.05','196693','4'),(119,'Trap Queen',222,'2017-09-06','english',870,'0.746','0.873','7','-3.803','1','0.128','0.0244','0','0.354','0.808','148.075','222093','4'),(120,'No Type',200,'2016-12-12','english',1195,'0.888','0.483','6','-7.797','1','0.154','0.013','0.00000485','0.0926','0.221','125.008','200080','4'),(121,'Chasing Heaven',318,'2017-10-20','english',765,'0.443','0.645','6','-6.24','1','0.0515','0.0127','0.952','0.122','0.138','128.044','318750','4'),(122,'Speakerbox (feat. La',282,'2017-04-09','english',239,'0.507','0.934','8','-2.325','0','0.188','0.00943','0.0018','0.222','0.472','175.954','282273','4'),(123,'Movin\' Bass - GTA Re',253,'2017-01-20','english',198,'0.695','0.912','10','-3.331','0','0.193','0.000758','0.000103','0.302','0.612','160.043','253773','4'),(124,'Danger and Dread',226,'2017-07-24','english',275,'0.462','0.449','0','-9.271','0','0.0916','0.674','0.000632','0.0993','0.748','209.686','226333','4'),(125,'Midnight City',241,'2017-10-01','english',780,'0.526','0.712','11','-6.525','0','0.0356','0.0161','0','0.179','0.299','105.009','241440','4'),(126,'Water No Get Enemy -',591,'2017-03-06','english',476,'0.645','0.924','10','-7.697','0','0.0569','0.107','0.0266','0.0982','0.886','90.852','591707','4'),(127,'Pyramids',592,'2017-09-28','english',36,'0.405','0.647','5','-6.109','0','0.0482','0.0134','0.0000762','0.819','0.204','131.952','592920','4'),(128,'Hercules Theme',269,'2017-04-14','english',55,'0.735','0.641','7','-6.177','0','0.0284','0.0219','0.89','0.168','0.886','105.993','269817','4'),(129,'Rewind',238,'2017-04-21','english',165,'0.746','0.416','11','-6.607','1','0.0482','0.0452','0.0000777','0.12','0.216','132.036','238146','4'),(130,'My Sub (Pt. 2: The J',251,'2017-10-07','english',661,'0.547','0.643','1','-8.904','1','0.227','0.0551','0','0.267','0.187','143.064','251093','4'),(131,'Kush',221,'2017-01-13','english',207,'0.634','0.609','6','-8.982','1','0.172','0.0224','0','0.099','0.659','83.021','221960','4'),(132,'9',253,'2016-12-23','english',351,'0.607','0.488','8','-8.704','1','0.193','0.244','0.000177','0.113','0.16','77.021','253800','4'),(133,'Magnets',199,'2017-11-22','english',1136,'0.704','0.647','10','-7.874','0','0.171','0.0668','0.00000193','0.101','0.694','92.002','199246','4'),(134,'Don\'t Move',258,'2017-08-18','english',726,'0.558','0.642','5','-5.206','0','0.0321','0.0000719','0.00746','0.201','0.492','99.977','258187','4'),(135,'Pussy',248,'2017-08-01','english',220,'0.698','0.804','4','-6.616','1','0.111','0.0227','0.0599','0.566','0.786','92.001','248053','4'),(136,'Black Mags',191,'2017-02-17','english',220,'0.772','0.582','4','-5.96','0','0.309','0.103','0.0000661','0.323','0.564','172.03','191160','4'),(137,'Stay Fly - Explicit ',238,'2017-01-06','english',443,'0.788','0.864','11','-5.767','1','0.0335','0.0956','0','0.335','0.678','133.295','238467','4'),(138,'Sippin On Some Syrup',261,'2017-10-13','english',252,'0.944','0.839','11','-4.141','1','0.108','0.00919','0','0.0921','0.891','136.019','261973','4'),(139,'Poppin\' My Collar - ',176,'2016-12-24','english',1232,'0.729','0.795','7','-4.579','1','0.144','0.354','0','0.536','0.853','146.747','176880','4'),(140,'Sittin\' Sidewayz - f',228,'2017-08-26','english',202,'0.721','0.621','1','-4.378','1','0.306','0.00469','0.0103','0.199','0.578','159.967','228933','4'),(141,'Gold and a Pager',227,'2017-06-06','english',1216,'0.798','0.751','1','-6.335','1','0.263','0.00102','0.00000322','0.0271','0.482','162.003','227587','4'),(142,'Smell Yo D*ck',224,'2017-04-18','english',272,'0.851','0.387','0','-13.584','1','0.334','0.0512','0','0.0996','0.365','116.629','224653','4'),(143,'Don\'??t Wanna Lose',147,'2017-04-20','english',310,'0.34','0.805','7','-3.397','1','0.0387','0.0252','0','0.138','0.654','167.922','147467','4'),(144,'Endless Rhythm',194,'2017-09-19','english',736,'0.767','0.891','4','-6.426','1','0.0402','0.221','0.0723','0.0935','0.779','122.026','194066','4'),(145,'Demon',220,'2017-10-16','english',147,'0.772','0.635','0','-8.412','1','0.0536','0.937','0.018','0.0961','0.592','168.039','220093','4'),(146,'Nothing Ever Happene',350,'2016-11-28','english',1129,'0.259','0.847','2','-6.298','1','0.0332','0.0000213','0.823','0.133','0.682','150.162','350920','4'),(147,'Oh My Darling Don\'t ',226,'2017-04-13','english',2,'0.633','0.77','10','-6.954','0','0.327','0.284','0','0.308','0.324','149.97','226747','4'),(148,'River',252,'2017-10-13','english',524,'0.654','0.292','2','-12.977','1','0.474','0.0962','0.0031','0.106','0.111','153.547','252095','4'),(149,'The Buzz (feat. Mata',221,'2017-03-04','english',11,'0.726','0.583','0','-6.434','0','0.23','0.334','0.00135','0.122','0.48','140.943','221787','4'),(150,'All Day',310,'2017-08-17','english',1082,'0.855','0.638','9','-4.968','0','0.143','0.0648','0','0.162','0.433','122.967','310907','4'),(151,'Blood On the Money',282,'2017-09-19','english',180,'0.704','0.431','8','-7.893','1','0.131','0.185','0.0972','0.249','0.349','146.003','282253','4'),(152,'River',238,'2017-10-26','english',250,'0.658','0.179','8','-10.866','1','0.0448','0.689','0','0.17','0.197','128.128','238560','4'),(153,'Trust Me Danny',244,'2017-01-18','english',713,'0.502','0.833','2','-4.982','1','0.0638','0.000472','0.043','0.352','0.593','142.053','244204','4'),(154,'Big Rings',217,'2017-11-21','english',211,'0.79','0.676','8','-6.432','0','0.271','0.00157','0','0.25','0.314','132.002','217707','4'),(155,'Annie',242,'2017-05-28','english',216,'0.738','0.849','2','-6.246','1','0.0822','0.0233','0.0317','0.309','0.863','95.987','242188','4'),(156,'Acamar',500,'2017-06-20','english',448,'0.777','0.739','9','-9.089','1','0.039','0.00212','0.868','0.109','0.201','119.992','500550','4'),(157,'Alright',219,'2017-03-26','english',292,'0.791','0.779','7','-5.972','1','0.235','0.0734','0','0.0832','0.581','110.037','219333','4'),(158,'Know Yourself',275,'2017-11-10','english',114,'0.735','0.41','11','-8.735','0','0.2','0.19','0','0.341','0.16','114.812','275840','4'),(159,'Deicide',294,'2017-09-14','english',992,'0.556','0.582','6','-10.65','0','0.0357','0.188','0.911','0.229','0.516','131.023','294360','4'),(160,'Coming Home',206,'2017-01-20','english',719,'0.427','0.465','6','-6.595','1','0.0291','0.461','0.0000552','0.154','0.462','112.137','206387','3'),(161,'Hercules Theme 2014',176,'2017-04-05','english',620,'0.563','0.81','8','-9.158','1','0.0372','0.0111','0.0000271','0.142','0.767','99.996','176361','4'),(162,'Forever',256,'2017-03-30','english',943,'0.753','0.708','6','-7.217','0','0.223','0.0496','0.0123','0.0872','0.445','115.004','256320','4'),(163,'Next to You',262,'2017-07-16','english',253,'0.785','0.764','4','-5.245','0','0.04','0.149','0.813','0.201','0.961','93.984','262979','4'),(164,'Papi Pacify',293,'2017-01-26','english',1036,'0.557','0.608','5','-7.657','0','0.0862','0.0682','0.0263','0.196','0.211','109.67','293910','4'),(165,'Magnolia',235,'2017-11-05','english',519,'0.594','0.42','4','-8.467','0','0.031','0.489','0.00452','0.0833','0.311','140.04','235693','4'),(166,'Dark Matter',237,'2017-02-14','english',786,'0.644','0.758','5','-7.859','1','0.0458','0.000259','0.0708','0.0726','0.752','108.99','237120','4'),(167,'Callie (feat. Vic Me',185,'2017-03-09','english',1072,'0.704','0.657','10','-7.172','0','0.35','0.217','0.000118','0.0888','0.804','150.058','185437','4'),(168,'Wu-Tang Forever',217,'2017-09-02','english',404,'0.849','0.408','6','-8.67','0','0.284','0.0472','0','0.101','0.337','99.876','217693','4'),(169,'Fame (2007 Remastere',260,'2017-11-22','english',103,'0.628','0.568','10','-10.695','1','0.14','0.228','0.0183','0.0906','0.618','191.404','260947','4'),(170,'We Dem Boyz',224,'2017-07-23','english',602,'0.717','0.862','8','-4.736','1','0.054','0.00689','0','0.321','0.512','130.021','224933','4'),(171,'Ego Free Sex Free',243,'2017-03-23','english',100,'0.584','0.68','9','-4.685','0','0.0524','0.0109','0.00000103','0.129','0.326','104.89','243480','4'),(172,'Her Fantasy',374,'2017-07-19','english',1293,'0.586','0.806','1','-9.542','1','0.0548','0.0246','0.000167','0.353','0.207','110.325','374133','4'),(173,'Little People (Black',560,'2017-03-04','english',966,'0.648','0.85','1','-6.277','1','0.0439','0.00399','0.294','0.35','0.559','112.014','560600','4'),(174,'Confess To Me',250,'2017-04-27','english',949,'0.807','0.785','8','-7.928','1','0.148','0.037','0.000763','0.18','0.421','124.051','250130','4'),(175,'Let Me Show You Love',355,'2017-03-11','english',547,'0.577','0.941','10','-4.338','1','0.0422','0.0789','0.207','0.342','0.381','99.995','355881','4'),(176,'New Slaves',256,'2017-02-06','english',1186,'0.5','0.593','1','-4.34','1','0.0898','0.141','0.00000621','0.0969','0.325','68.456','256093','4'),(177,'Sexy Socialite',336,'2017-01-16','english',388,'0.804','0.708','10','-5.099','0','0.0394','0.108','0.0636','0.0528','0.966','141.996','336160','4'),(178,'Okay',273,'2017-01-06','english',982,'0.787','0.658','8','-5.379','0','0.0324','0.0108','0.0152','0.13','0.867','110.983','273853','4'),(179,'Weight',230,'2017-01-19','english',1144,'0.246','0.784','5','-5.004','1','0.0529','0.0107','0.00000571','0.0825','0.189','153.027','230230','4'),(180,'When A Fire Starts T',284,'2017-04-27','english',176,'0.882','0.743','7','-6.972','1','0.141','0.0107','0.00152','0.327','0.678','123.97','284027','4'),(181,'When A Fire Starts T',308,'2017-07-19','english',45,'0.628','0.824','0','-7.983','1','0.112','0.0315','0.543','0.0999','0.86','122.01','308527','4'),(182,'Fake Tales Of San Fr',179,'2017-11-19','english',998,'0.451','0.79','11','-4.261','0','0.0461','0.00807','0','0.0394','0.674','127.142','179947','4'),(183,'Billie Holiday',405,'2017-11-21','english',956,'0.518','0.385','9','-11.125','0','0.0286','0.64','0.000536','0.0931','0.264','100.878','405027','4'),(184,'Goody Two Shoes',269,'2016-11-24','english',485,'0.774','0.901','9','-5.398','0','0.216','0.0414','0.00000484','0.873','0.768','128.024','269867','4'),(185,'The Wire',245,'2016-12-07','english',855,'0.547','0.635','2','-5.569','1','0.137','0.0127','0.00000501','0.0585','0.496','113.678','245293','4'),(186,'Awake',283,'2017-01-28','english',222,'0.552','0.878','1','-5.767','1','0.0353','0.0585','0.892','0.0746','0.603','176.057','283636','4'),(187,'Man I Need',216,'2017-09-06','english',1144,'0.542','0.946','10','-6.307','1','0.0505','0.00856','0.00000538','0.386','0.389','108.496','216827','4'),(188,'N.O. Bounce',246,'2017-04-14','english',1153,'0.695','0.94','7','-2.935','1','0.127','0.019','0.8','0.623','0.337','100.262','246521','4'),(189,'Now Is Not The Time',224,'2017-06-27','english',1033,'0.633','0.492','2','-7.672','1','0.0524','0.0488','0.00047','0.0758','0.357','114.845','224720','4'),(190,'No Rest For The Wick',222,'2017-09-07','english',407,'0.312','0.445','11','-7.202','0','0.0305','0.365','0.0038','0.13','0.308','97.967','222719','4'),(191,'Holdin On',154,'2017-01-25','english',233,'0.43','0.436','8','-4.816','1','0.119','0.17','0','0.128','0.22','90.053','154414','4'),(192,'Rocking Chair',230,'2017-05-22','english',1246,'0.19','0.908','0','-4.679','1','0.111','0.0346','0.0369','0.241','0.181','148.951','230693','4'),(193,'Marriage',281,'2017-11-06','english',329,'0.312','0.907','7','-6.571','1','0.229','0.0361','0.618','0.363','0.122','120.286','281360','4'),(194,'Ride On / Right On',224,'2017-03-10','english',506,'0.539','0.582','7','-7.414','1','0.0328','0.00818','0.0717','0.15','0.249','95.07','224907','4'),(195,'GodLovesUgly',230,'2017-07-02','english',244,'0.698','0.878','8','-0.307','1','0.314','0.613','0.0000161','0.518','0.816','182.126','230200','4'),(196,'New York City',195,'2017-01-14','english',1003,'0.476','0.818','2','-7.933','1','0.0318','0.00275','0.757','0.279','0.745','159.089','195200','4'),(197,'Moving to the Left',322,'2017-10-20','english',379,'0.568','0.936','0','-6.365','1','0.0504','0.064','0.00099','0.148','0.792','150.067','322544','4'),(198,'All These Things Tha',301,'2016-12-30','english',187,'0.558','0.74','6','-6.22','1','0.0448','0.00192','0.00000897','0.129','0.214','118.293','301573','4'),(199,'Junk of the Heart (H',187,'2017-09-07','english',1099,'0.604','0.894','2','-5','1','0.037','0.0212','0','0.0299','0.893','145.014','187253','4'),(200,'When The Night Falls',224,'2017-07-14','english',1033,'0.718','0.921','5','-3.978','0','0.0375','0.0516','0.0473','0.315','0.898','121.922','224267','4'),(201,'Mercy',332,'2017-09-22','english',568,'0.737','0.545','6','-8.536','0','0.362','0.0855','0.0000932','0.153','0.438','140.086','332453','4'),(202,'Don\'t You Evah',214,'2017-02-15','english',1042,'0.769','0.712','8','-4.692','0','0.029','0.0293','0.00000212','0.103','0.948','120.975','214333','4'),(203,'We Exist',343,'2017-07-25','english',904,'0.567','0.506','1','-8.742','1','0.0264','0.00731','0.205','0.103','0.354','116.392','343784','4'),(204,'Le Goudron (Edit)',213,'2017-07-18','english',93,'0.817','0.588','7','-6.603','1','0.0399','0.000467','0.00000151','0.0911','0.448','119.934','213059','4'),(205,'Double Bubble Troubl',179,'2017-02-19','english',353,'0.767','0.912','1','-1.157','1','0.054','0.0411','0.402','0.0288','0.496','144.084','179240','4'),(206,'Careless',391,'2017-02-25','english',185,'0.77','0.895','7','-8.102','0','0.0488','0.000195','0.897','0.0455','0.678','120.986','391686','4'),(207,'Look at You',279,'2017-06-19','english',1165,'0.712','0.77','10','-13.187','0','0.0345','0.827','0.548','0.0726','0.973','106.963','279800','4'),(208,'How Did I Get Here',131,'2016-12-21','english',70,'0.706','0.577','0','-6.226','0','0.0299','0.39','0.692','0.407','0.385','96.056','131250','4'),(209,'Black Out Days',227,'2017-07-26','english',757,'0.542','0.799','4','-3.641','0','0.0354','0.00471','0.0161','0.0814','0.426','92.215','227160','4'),(210,'Bang! Bang!',248,'2017-01-10','english',971,'0.583','0.776','3','-5.293','1','0.0661','0.827','0.0000381','0.298','0.782','126.536','248213','4'),(211,'Every 1\'s A Winner -',289,'2017-07-18','english',1286,'0.727','0.548','10','-7.393','1','0.0291','0.0628','0.526','0.133','0.93','107.826','289267','4'),(212,'Unbound',201,'2017-09-27','english',914,'0.45','0.782','11','-6.769','1','0.0364','0.00919','0.101','0.123','0.209','173.954','201602','4'),(213,'Operate',215,'2017-03-05','english',714,'0.602','0.764','10','-4.897','0','0.0435','0.0027','0.0053','0.0822','0.468','105.997','215518','5'),(214,'Blood On The Leaves',359,'2017-10-03','english',825,'0.415','0.681','2','-4.104','0','0.189','0.385','0','0.101','0.372','171.893','359800','4'),(215,'Come Save Me',315,'2017-05-14','english',682,'0.614','0.838','10','-6.896','1','0.028','0.0304','0.000297','0.166','0.584','127.971','315000','4'),(216,'Hannah Montana',212,'2017-09-01','english',935,'0.901','0.744','0','-3.484','1','0.283','0.105','0.00000779','0.0964','0.606','135.95','212712','4'),(217,'High School Lover',218,'2017-05-06','english',27,'0.7','0.986','0','-4.403','1','0.0573','0.359','0.0221','0.963','0.64','123.033','218733','4'),(218,'They Come in Gold',202,'2017-10-28','english',1233,'0.583','0.843','1','-7.416','0','0.409','0.119','0','0.602','0.422','108.066','202710','5'),(219,'Tides of Neptune',215,'2017-03-14','english',882,'0.6','0.586','7','-9.414','1','0.0296','0.0112','0.535','0.115','0.193','129.952','215000','4'),(220,'Cocaine Model',255,'2017-08-15','english',710,'0.786','0.706','9','-6.212','0','0.0537','0.251','0.213','0.142','0.318','120.011','255094','4'),(221,'Light House',287,'2017-08-15','english',903,'0.512','0.821','9','-7.442','0','0.0334','0.0696','0.33','0.0998','0.396','149.988','287147','4'),(222,'Pass The Dutchie',199,'2017-05-06','english',1086,'0.791','0.664','7','-5.713','1','0.0831','0.403','0','0.61','0.96','149.939','199973','4'),(223,'Words I Don\'t Rememb',378,'2016-12-21','english',122,'0.533','0.213','3','-13.437','0','0.0342','0.849','0.565','0.449','0.196','80.004','378253','4'),(224,'I Would Die 4 U',178,'2016-12-04','english',1249,'0.731','0.75','2','-10.457','1','0.0321','0.0862','0.000388','0.202','0.648','135.406','178987','4'),(225,'Bless My Soul',356,'2017-10-25','english',680,'0.853','0.532','1','-13.443','1','0.121','0.000156','0.88','0.0643','0.499','99.989','356560','4'),(226,'Heaven And Hell Is O',313,'2017-05-30','english',952,'0.674','0.501','2','-12.907','0','0.0579','0.0398','0.000123','0.0818','0.567','107.363','313147','4'),(227,'Upper Echelon',243,'2017-09-17','english',120,'0.788','0.617','2','-4.516','1','0.0651','0.0448','0','0.088','0.13','122.065','243800','4'),(228,'Flying High (Part 1)',384,'2017-06-07','english',344,'0.745','0.857','0','-5.754','1','0.0393','0.000686','0.2','0.022','0.946','115.945','384907','4'),(229,'Go',240,'2017-02-19','english',61,'0.621','0.796','8','-6.179','0','0.0327','0.0107','0.187','0.0719','0.288','140.012','240760','4'),(230,'Spill The Wine',242,'2017-06-27','english',571,'0.818','0.528','2','-10.666','0','0.0716','0.377','0','0.131','0.895','120.368','242067','4'),(231,'Got To Give It Up (P',247,'2017-02-16','english',72,'0.856','0.874','11','-8.037','0','0.0401','0.0988','0.000472','0.339','0.91','122.416','247800','4'),(232,'Never Gonna Give You',286,'2017-04-15','english',1246,'0.614','0.857','2','-8.85','0','0.0859','0.0913','0','0.069','0.944','85.125','286315','4'),(233,'Sanctified',289,'2017-02-28','english',812,'0.729','0.527','9','-6.338','1','0.0708','0.0778','0','0.382','0.23','126.012','289627','4'),(234,'It #1',151,'2017-01-20','english',322,'0.42','0.776','11','-8.827','1','0.0451','0.0608','0.0107','0.248','0.416','114.217','151853','4'),(235,'Dangerous (feat. Joy',280,'2017-11-19','english',476,'0.757','0.578','0','-3.886','1','0.0386','0.011','0.00672','0.127','0.952','102.96','280427','4'),(236,'Counting',221,'2017-05-16','english',112,'0.618','0.538','2','-5.828','0','0.0319','0.0249','0.0000137','0.352','0.299','79.925','221840','4'),(237,'You\'re the Best',175,'2017-04-25','english',431,'0.657','0.393','0','-7.667','1','0.0367','0.642','0.0000403','0.14','0.266','99.946','175333','4'),(238,'Estrelar',313,'2017-07-23','english',517,'0.879','0.495','7','-10.584','0','0.0765','0.538','0.000333','0.0827','0.797','102.652','313493','4'),(239,'Hold On We\'re Going ',190,'2016-12-16','english',1294,'0.496','0.54','7','-7.121','0','0.0324','0.0172','0.0367','0.13','0.172','131.337','190582','5'),(240,'Uncle ACE',256,'2017-03-22','english',1018,'0.742','0.945','5','-6.445','1','0.0428','0.0639','0.165','0.131','0.748','112.977','256693','4'),(241,'San Francisco',227,'2017-05-01','english',1208,'0.623','0.65','10','-7.953','1','0.0274','0.245','0.000913','0.146','0.884','116.74','227907','4'),(242,'Stay High - Habits R',258,'2017-02-08','english',385,'0.736','0.68','4','-7.036','0','0.0361','0.00101','0.897','0.0922','0.0793','120.995','258387','4'),(243,'Crosstown Traffic',139,'2017-08-22','english',902,'0.482','0.96','0','-5.269','0','0.126','0.254','0.00000243','0.294','0.539','113.263','139267','4'),(244,'Ziggy Starfish (Anxi',175,'2016-12-29','english',755,'0.683','0.86','7','-7.317','1','0.31','0.0117','0.000379','0.356','0.317','143.311','175357','4'),(245,'Marijuana',181,'2017-02-23','english',1069,'0.697','0.655','1','-9.781','0','0.15','0.0626','0.774','0.353','0.436','86.969','181149','4'),(246,'Crown Violet - Bonus',187,'2017-11-12','english',480,'0.631','0.626','9','-7.747','0','0.114','0.479','0','0.108','0.104','107.007','187617','4'),(247,'Glad I Met You',202,'2016-12-27','english',492,'0.747','0.722','8','-7.33','1','0.0349','0.0957','0.000519','0.208','0.56','100.215','202349','4'),(248,'Dancing In The Rain',265,'2017-06-13','english',1019,'0.569','0.74','0','-6.235','1','0.283','0.251','0.00000268','0.134','0.709','180.559','265827','4'),(249,'You Know I\'m No Good',202,'2017-05-23','english',1018,'0.674','0.832','9','-3.593','1','0.0616','0.029','0.00000556','0.0927','0.807','102.833','202733','4'),(250,'Kill V. Maim',246,'2017-09-19','english',733,'0.578','0.947','11','-2.431','0','0.036','0.00744','0.0816','0.105','0.452','134.034','246007','4'),(251,'Life Round Here',217,'2017-07-06','english',608,'0.586','0.658','10','-9.71','0','0.0457','0.449','0.368','0.109','0.276','144.933','217120','4'),(252,'Sitting Pretty (feat',206,'2017-07-05','english',844,'0.756','0.44','1','-9.973','0','0.179','0.275','0','0.101','0.307','112.14','206378','4'),(253,'Glyde 2nyte (feat. L',322,'2017-02-15','english',1094,'0.723','0.687','11','-7.019','0','0.0373','0.212','0.0000583','0.137','0.867','95.237','322050','4'),(254,'Clouds Over the Paci',243,'2017-03-17','english',340,'0.599','0.645','0','-6.098','1','0.0315','0.0559','0.108','0.0857','0.371','141.209','243589','4'),(255,'Distant Land',238,'2017-10-05','english',1014,'0.586','0.671','10','-9.787','0','0.0445','0.00333','0.916','0.0521','0.771','91.412','238507','4'),(256,'Flashlight',267,'2017-04-17','english',153,'0.749','0.802','7','-6.159','0','0.0471','0.0332','0.0499','0.611','0.824','106.077','267800','4'),(257,'Can You Get To That',171,'2017-04-15','english',319,'0.689','0.83','8','-8.774','1','0.0954','0.539','0','0.0882','0.822','140.732','171560','4'),(258,'Better',186,'2017-08-30','english',1136,'0.283','0.331','0','-7.459','0','0.0315','0.0257','0.00489','0.174','0.151','101.797','186369','3'),(259,'Pony',216,'2017-07-23','english',825,'0.413','0.676','6','-7.639','0','0.241','0.0193','0','0.1','0.601','71.607','216771','4'),(260,'WTF (Where They From',192,'2016-11-29','english',716,'0.932','0.819','8','-3.484','0','0.203','0.0181','0.00000681','0.0577','0.552','119.941','192773','4'),(261,'Again',312,'2016-12-28','english',1104,'0.748','0.733','11','-4.421','0','0.072','0.0062','0','0.329','0.273','93.019','312240','4'),(262,'Exchange',194,'2017-04-28','english',772,'0.53','0.433','6','-10.598','1','0.185','0.108','0','0.135','0.272','160.14','194613','4'),(263,'Sugar for the Queen',238,'2017-09-30','english',548,'0.388','0.688','5','-8.407','0','0.0708','0.196','0.00883','0.0781','0.804','170.678','238000','3'),(264,'Symphony of the Nymp',275,'2017-11-14','english',421,'0.371','0.703','3','-7.358','1','0.0404','0.667','0.00186','0.0986','0.558','120.599','275013','4'),(265,'Cool It Now',347,'2017-03-20','english',462,'0.875','0.532','10','-13.265','0','0.0686','0.124','0.0123','0.314','0.704','116.556','347667','4'),(266,'Jumpin\' Jack Flash',215,'2017-08-01','english',1045,'0.523','0.722','6','-6.533','1','0.0307','0.074','0.00336','0.122','0.496','129.424','215867','4'),(267,'River',252,'2017-05-13','english',1239,'0.654','0.292','2','-12.977','1','0.474','0.0962','0.0031','0.106','0.111','153.547','252095','4'),(268,'You Know You Like It',191,'2017-03-06','english',459,'0.847','0.654','5','-6.443','0','0.113','0.455','0.0622','0.0674','0.624','119.998','191541','4'),(269,'Batuque (Jeremy Sole',229,'2016-11-27','english',1179,'0.836','0.537','4','-9.854','0','0.261','0.015','0.00103','0.0805','0.43','160.188','229715','4'),(270,'Mykonos (feat. Fleet',273,'2017-02-05','english',617,'0.413','0.555','11','-9.699','0','0.0427','0.172','0.000309','0.256','0.542','121.976','273545','4'),(271,'So Destroyed (channe',153,'2017-11-18','english',848,'0.473','0.865','0','-6.391','1','0.0332','0.123','0.968','0.897','0.554','100.018','153973','4'),(272,'Bitch',207,'2017-03-19','english',1090,'0.609','0.641','8','-5.309','1','0.0266','0.00593','0.585','0.105','0.0844','84.957','207301','4'),(273,'Locket',181,'2017-07-15','english',305,'0.544','0.427','9','-8.33','0','0.0298','0.174','0.0248','0.133','0.189','139.939','181400','4'),(274,'Apathy',325,'2017-02-21','english',854,'0.379','0.674','8','-5.762','0','0.0305','0.0059','0.0000104','0.0957','0.0647','99.797','325500','3'),(275,'It All Feels Right',245,'2017-03-19','english',756,'0.316','0.748','2','-8.187','1','0.0413','0.000304','0.0139','0.608','0.239','79.337','245880','4'),(276,'Last Chance to Dance',222,'2017-09-30','english',1215,'0.857','0.484','10','-6.232','0','0.148','0.29','0.00000304','0.112','0.729','107.434','222573','4'),(277,'The Righteous One',215,'2017-03-14','english',1209,'0.389','0.884','9','-4.602','1','0.0741','0.00412','0.172','0.31','0.399','128.604','215560','4'),(278,'The New Internationa',282,'2017-11-11','english',1099,'0.519','0.793','10','-9.83','0','0.0777','0.00492','0.93','0.235','0.222','164.032','282659','4'),(279,'Like Lust',281,'2017-10-25','english',566,'0.478','0.6','5','-11.025','0','0.0356','0.384','0.808','0.0987','0.0635','143.98','281774','4'),(280,'Rhythm of Devotion',362,'2017-08-06','english',833,'0.706','0.643','2','-9.357','0','0.0859','0.00978','0.00955','0.103','0.808','160.026','362413','4'),(281,'Zion Gate Dub',190,'2017-08-25','english',1166,'0.736','0.539','1','-8.316','1','0.0936','0.0621','0.0312','0.12','0.761','147.73','190440','4'),(282,'Enjoy The Silence - ',253,'2017-07-23','english',733,'0.651','0.77','0','-8.08','0','0.0274','0.081','0.0000654','0.114','0.738','112.923','253587','4'),(283,'Fried Neck Bones And',270,'2016-12-14','english',164,'0.869','0.658','8','-5.025','1','0.036','0.0269','0.299','0.115','0.244','109.998','270520','4'),(284,'Archangel',238,'2017-03-11','english',1220,'0.624','0.852','1','-10.184','1','0.153','0.428','0.656','0.114','0.517','135.223','238427','4'),(285,'Lone Wolf and Cub (f',328,'2017-03-16','english',407,'0.386','0.509','2','-12.745','0','0.034','0.699','0.872','0.131','0.254','129.982','328966','4'),(286,'Skyscraper',207,'2017-07-24','english',975,'0.234','0.747','11','-3.332','0','0.0577','0.22','0.000176','0.157','0.365','81.805','207186','4'),(287,'I Want You - Single ',216,'2017-04-16','english',1053,'0.525','0.797','1','-11.168','0','0.0656','0.516','0.000005','0.152','0.769','100.518','216520','4'),(288,'The New Internationa',208,'2017-11-17','english',1041,'0.521','0.888','8','-5.197','1','0.0357','0.00564','0.0226','0.0633','0.264','81.971','208613','4'),(289,'Suede (feat. Anderso',181,'2017-08-20','english',747,'0.719','0.697','2','-5.647','1','0.31','0.504','0','0.295','0.668','117.123','181459','4'),(290,'Bam Bam',196,'2017-08-20','english',608,'0.722','0.605','5','-6.07','1','0.153','0.825','0.0178','0.248','0.69','165.998','196507','4'),(291,'Alright',218,'2017-05-18','english',801,'0.806','0.696','11','-5.109','1','0.0502','0.0453','0.00000571','0.0785','0.131','127.023','218280','4'),(292,'Rainy Streets',156,'2017-02-03','english',878,'0.763','0.491','9','-8.587','0','0.0316','0.259','0.902','0.14','0.475','93.024','156484','4'),(293,'Hazelton Trump',168,'2017-06-07','english',686,'0.736','0.68','9','-6.438','1','0.342','0.00403','0.00000549','0.116','0.601','149.902','168451','4'),(294,'Free Stress Test',256,'2016-12-26','english',799,'0.651','0.824','0','-9.368','1','0.0617','0.0141','0.00000602','0.129','0.731','141.226','256667','4'),(295,'I\'m Ya Dogg',278,'2017-09-29','english',633,'0.479','0.609','11','-8.678','0','0.236','0.127','0','0.0815','0.522','107.699','278147','5'),(296,'Hot Dreams',293,'2017-11-16','english',770,'0.535','0.374','9','-8.83','1','0.0317','0.379','0.0464','0.0914','0.339','121.93','293213','3'),(297,'The Hills',242,'2017-03-30','english',648,'0.356','0.567','0','-7.011','0','0.0798','0.0861','0','0.137','0.116','135.553','242253','5'),(298,'When They Fight, The',200,'2017-09-13','english',932,'0.753','0.9','11','-1.866','0','0.0322','0.26','0.000102','0.165','0.967','119.72','200213','4'),(299,'The River',273,'2017-11-19','english',115,'0.694','0.789','4','-5.201','0','0.0378','0.032','0.00129','0.127','0.549','109.014','273949','4'),(300,'Rill Rill',229,'2017-06-02','english',379,'0.483','0.804','8','-3.452','1','0.0501','0.0356','0.0000016','0.0736','0.803','73.048','229893','4'),(301,'Awake',372,'2017-07-20','english',248,'0.878','0.43','11','-8.445','0','0.0658','0.0453','0.751','0.101','0.138','119.999','372096','4'),(302,'Johnny Was',228,'2017-08-07','english',104,'0.703','0.412','6','-9.827','0','0.0288','0.19','0.00000526','0.221','0.815','152.219','228040','4'),(303,'Monster Mash',192,'2017-06-13','english',1073,'0.688','0.488','11','-14.195','0','0.357','0.407','0','0.43','0.708','69.77','192040','4'),(304,'Night on Bald Mounta',659,'2017-07-20','english',1155,'0.316','0.308','2','-15.944','1','0.0411','0.854','0.888','0.585','0.0933','103.459','659560','4'),(305,'Feel The Volume',230,'2017-07-09','english',1256,'0.725','0.918','10','-4.912','0','0.0676','0.153','0.0328','0.113','0.191','125.009','230400','4'),(306,'Water Me (feat. Leon',308,'2017-01-17','english',213,'0.749','0.422','1','-11.004','0','0.0733','0.321','0.155','0.11','0.587','98.82','308947','4'),(307,'Kathy Lee',248,'2017-10-11','english',1197,'0.771','0.248','5','-20.815','0','0.0802','0.00079','0.1','0.341','0.281','139.937','248991','4'),(308,'Love Buzz',225,'2017-11-11','english',146,'0.69','0.548','10','-9.587','0','0.352','0.0259','0.00243','0.106','0.693','121.509','225533','4'),(309,'Beautiful Life (feat',201,'2017-01-29','english',1039,'0.648','0.887','1','-4.536','0','0.188','0.058','0','0.0382','0.464','102.128','201848','4'),(310,'Auditorium',274,'2016-11-29','english',855,'0.403','0.742','11','-5.889','0','0.338','0.0498','0','0.418','0.734','90.336','274480','4'),(311,'Disco Devil',472,'2017-06-05','english',1159,'0.664','0.727','0','-8.738','1','0.263','0.0803','0.000253','0.38','0.527','77.92','472013','4'),(312,'Frontier Psychiatris',288,'2017-07-04','english',628,'0.704','0.894','6','-7.415','1','0.243','0.118','0.000115','0.386','0.408','98.946','288347','4'),(313,'Had Ten Dollaz',252,'2017-05-10','english',961,'0.554','0.749','10','-7.365','1','0.0266','0.00189','0.39','0.124','0.824','168.045','252140','4'),(314,'Sometimes',241,'2017-05-12','english',324,'0.446','0.752','6','-6.088','1','0.368','0.0174','0','0.128','0.585','96.318','241800','4'),(315,'VHS Sex',265,'2017-11-06','english',35,'0.612','0.628','1','-7.82','1','0.0447','0.124','0.85','0.231','0.373','172.176','265133','4'),(316,'Ambling Alp',235,'2017-04-07','english',504,'0.587','0.866','9','-6.444','1','0.0816','0.00838','0.0000355','0.15','0.42','107.986','235440','3'),(317,'All Day And All Of T',141,'2017-11-21','english',1112,'0.551','0.952','7','-4.886','1','0.0944','0.429','0.000686','0.0721','0.628','136.958','141493','4'),(318,'Strychnine',133,'2017-10-06','english',147,'0.331','0.957','7','-6.101','0','0.0504','0.419','0','0.102','0.561','143.299','133093','4'),(319,'Who Is He (And What ',194,'2017-03-31','english',1299,'0.912','0.317','6','-12.719','0','0.0378','0.106','0.000208','0.0723','0.949','99.346','194040','4'),(320,'Acamar',236,'2017-01-19','english',856,'0.697','0.905','6','-7.787','0','0.0339','0.0211','0.893','0.119','0.311','119.977','236456','4'),(321,'It Looks Like Love',382,'2017-08-16','english',380,'0.883','0.333','5','-17.848','0','0.053','0.00799','0.804','0.257','0.964','121.099','382015','4'),(322,'Freak Connection - E',232,'2017-01-25','english',631,'0.733','0.87','0','-6.199','1','0.0624','0.00236','0.00102','0.327','0.657','118.449','232375','4'),(323,'I\'ll Be Good - 12\" M',446,'2017-07-31','english',714,'0.803','0.579','10','-11.156','0','0.059','0.0602','0.000627','0.226','0.726','108.567','446307','4'),(324,'Here I Come (Broader',223,'2017-10-19','english',378,'0.698','0.515','4','-13.029','1','0.0605','0.219','0','0.124','0.712','85.023','223191','4'),(325,'Swords',144,'2017-05-12','english',1046,'0.677','0.905','6','-4.597','1','0.0721','0.0138','0','0.219','0.742','89.988','144280','4'),(326,'Hands On The Wheel',197,'2017-07-05','english',196,'0.648','0.862','1','-4.527','0','0.0777','0.0169','0','0.0937','0.176','127.857','197800','4'),(327,'Kush High',190,'2017-07-29','english',440,'0.65','0.448','5','-9.979','1','0.0947','0.315','0','0.0931','0.193','85.045','190734','4'),(328,'Métele',248,'2017-06-13','english',314,'0.672','0.527','9','-12.702','0','0.111','0.518','0.26','0.0946','0.356','87.996','248372','4'),(329,'What I Might Do',194,'2017-08-18','english',249,'0.838','0.537','8','-11.689','1','0.116','0.0567','0.799','0.0991','0.357','121.986','194828','4'),(330,'Atomic Bomb',479,'2016-11-28','english',304,'0.76','0.391','1','-8.73','1','0.0353','0.0286','0.00691','0.0582','0.965','116.873','479547','4'),(331,'World Restart',279,'2017-10-07','english',771,'0.646','0.621','0','-11.358','1','0.0747','0.00909','0.000124','0.249','0.408','90.986','279200','4'),(332,'Swingin\' Party',237,'2017-03-16','english',344,'0.808','0.687','9','-8.668','1','0.0397','0.0445','0.3','0.0933','0.458','109.953','237853','4'),(333,'Antidote',263,'2017-10-29','english',703,'0.716','0.647','1','-4.008','1','0.0345','0.119','0.0000138','0.121','0.159','131.04','263817','4'),(334,'Pieces',233,'2017-08-20','english',1186,'0.846','0.501','11','-6.076','1','0.0334','0.0111','0.00257','0.0883','0.825','118.001','233387','4'),(335,'Zombie',745,'2017-10-16','english',1221,'0.704','0.942','2','-5.115','0','0.171','0.388','0.0147','0.302','0.584','131.69','745653','4'),(336,'Time-Out',97,'2017-02-28','english',1244,'0.305','0.827','5','-5.789','1','0.147','0.00000284','0.00245','0.335','0.463','159.882','97560','4'),(337,'Let\'s Lovedance Toni',349,'2017-07-17','english',1256,'0.82','0.616','4','-8.427','0','0.0361','0.0115','0.445','0.082','0.972','127.86','349720','4'),(338,'I\'m a Dildo',105,'2017-05-02','english',1250,'0.185','0.89','2','-4.182','1','0.0524','0.136','0','0.777','0.322','163.315','105858','4'),(339,'Do It (High School D',238,'2017-02-24','english',1182,'0.562','0.801','11','-3.069','0','0.267','0.00328','0','0.605','0.634','169.988','238457','4'),(340,'Cadillac Girl',217,'2017-11-09','english',860,'0.565','0.86','11','-5.449','1','0.0285','0.376','0.000121','0.119','0.782','95.019','217648','4'),(341,'Today',199,'2016-12-07','english',753,'0.464','0.772','2','-5.046','0','0.0397','0.196','0.0088','0.0716','0.627','107.651','199053','4'),(342,'The Buzz (feat. Big ',235,'2017-03-17','english',1185,'0.576','0.602','0','-6.591','0','0.315','0.248','0.000609','0.144','0.57','141.345','235187','4'),(343,'I Choose You',220,'2017-05-04','english',1066,'0.388','0.598','4','-9.485','0','0.0296','0.0686','0','0.657','0.641','154.78','220467','4'),(344,'The Way You’d Love H',156,'2017-03-05','english',475,'0.637','0.498','1','-9.367','1','0.0231','0.602','0.119','0.305','0.931','92.227','156430','4'),(345,'Shooting Stars',235,'2016-12-21','english',474,'0.636','0.72','11','-6.195','1','0.0432','0.0893','0.0178','0.0868','0.444','124.944','235813','4'),(346,'Bloom - Lane 8 Remix',324,'2017-06-09','english',943,'0.688','0.587','2','-8.521','1','0.046','0.000141','0.92','0.0421','0.757','125.012','324437','4'),(347,'Pacifier',237,'2017-05-18','english',696,'0.766','0.82','2','-5.851','1','0.124','0.0469','0','0.336','0.401','117.012','237867','4'),(348,'Powerful',206,'2017-09-07','english',651,'0.402','0.794','11','-3.982','0','0.125','0.133','0','0.133','0.706','195.058','206920','3'),(349,'Unbreakable',218,'2017-05-23','english',1165,'0.599','0.524','1','-8.036','1','0.13','0.157','0','0.238','0.44','83.013','218342','4'),(350,'It\'s Strange (feat. ',245,'2017-01-03','english',1271,'0.837','0.492','0','-7.792','1','0.354','0.371','0.0401','0.102','0.407','85.951','245581','4'),(351,'Make Them Gold',231,'2016-12-22','english',260,'0.612','0.858','7','-5.437','0','0.0478','0.0124','0','0.0984','0.451','145.306','231765','4'),(352,'Don\'t Mean A Thing',348,'2016-12-16','english',86,'0.63','0.671','6','-7.727','0','0.0602','0.19','0.753','0.466','0.142','96.478','348742','4'),(353,'White Lies - The Sou',237,'2016-12-20','english',952,'0.614','0.858','6','-7.068','0','0.097','0.0953','0.0559','0.125','0.477','164.025','237073','4'),(354,'Sophia So Far',259,'2017-01-31','english',598,'0.446','0.89','7','-7.974','1','0.0308','0.27','0.661','0.451','0.503','170.002','259765','4'),(355,'Nimble Girl',263,'2017-08-12','english',136,'0.481','0.851','7','-4.528','1','0.127','0.0846','0.907','0.178','0.852','174.144','263187','4'),(356,'Grinder',202,'2016-11-30','english',184,'0.293','0.792','7','-3.747','1','0.0363','0.00855','0.0111','0.133','0.696','161.933','202160','4'),(357,'Choices (Yup)',272,'2017-11-06','english',512,'0.889','0.597','9','-7.301','0','0.374','0.128','0.0004','0.0924','0.261','119.999','272720','4'),(358,'Two Brothers',347,'2017-08-08','english',706,'0.673','0.857','4','-7.493','0','0.0422','0.088','0.0108','0.0754','0.457','109.99','347613','4'),(359,'Walkabout (W/ Noah L',238,'2017-07-26','english',693,'0.536','0.922','2','-6.247','1','0.0667','0.0406','0.0000892','0.214','0.368','121.977','238893','4'),(360,'Ferus Gallery',215,'2017-02-17','english',50,'0.575','0.691','5','-7.595','0','0.0301','0.0377','0.563','0.0657','0.718','131.588','215973','4'),(361,'Everybody Loves The ',237,'2017-01-22','english',767,'0.571','0.719','11','-7.206','0','0.0378','0.021','0','0.458','0.538','80.694','237680','4'),(362,'Number One',252,'2017-01-06','english',1085,'0.784','0.803','9','-3.458','0','0.0597','0.0466','0.0000157','0.0773','0.79','111.044','252663','4'),(363,'Sick Beat',179,'2017-01-01','english',526,'0.746','0.682','7','-6.353','1','0.117','0.16','0','0.177','0.836','98.977','179091','4'),(364,'She a Go (feat. Spin',217,'2017-01-28','english',671,'0.444','0.498','2','-7.631','1','0.199','0.00266','0.0299','0.135','0.294','119.914','217733','4'),(365,'Lost You',218,'2017-06-22','english',480,'0.736','0.882','11','-4.285','0','0.0398','0.0833','0.000349','0.354','0.512','126.012','218312','4'),(366,'Norf Norf',183,'2017-03-30','english',384,'0.915','0.54','7','-6.578','1','0.0661','0.445','0.0000363','0.11','0.113','100.039','183159','4'),(367,'Eleven 11: / 11',229,'2016-11-26','english',479,'0.75','0.835','4','-7.882','1','0.152','0.304','0','0.165','0.504','127.026','229588','4'),(368,'Buffalo',197,'2017-11-22','english',1245,'0.632','0.519','1','-7.207','1','0.0265','0.109','0','0.122','0.602','99.999','197963','4'),(369,'Talk About',234,'2017-11-08','english',886,'0.814','0.83','10','-5.766','0','0.0822','0.0152','0.36','0.0899','0.287','124.998','234640','4'),(370,'Probably Nu It',142,'2017-09-14','english',697,'0.893','0.378','9','-7.324','1','0.305','0.273','0','0.141','0.642','119.969','142012','4'),(371,'Mamacita',274,'2017-01-24','english',823,'0.823','0.768','11','-6.21','1','0.0819','0.0146','0.00000103','0.127','0.207','115.021','274320','4'),(372,'Star',284,'2017-04-26','english',726,'0.639','0.749','1','-5.916','0','0.0468','0.0573','0.0294','0.153','0.553','84.452','284080','4'),(373,'Gooey',289,'2017-06-29','english',1159,'0.49','0.376','11','-13.463','0','0.0433','0.726','0.0000254','0.0849','0.107','182.969','289307','4'),(374,'Walk On By - Single ',273,'2017-08-15','english',1015,'0.289','0.523','6','-9.531','1','0.0488','0.0487','0.000293','0.0561','0.366','145.556','273000','4'),(375,'Omen - Radio Edit',196,'2017-09-25','english',299,'0.615','0.781','5','-4.838','0','0.203','0.111','0','0.373','0.664','105.967','196817','4'),(376,'Champagne Coast',292,'2016-11-29','english',1050,'0.808','0.41','9','-12.428','1','0.0658','0.0207','0.364','0.0769','0.752','122.663','292373','4'),(377,'Running Back To You',423,'2017-06-20','english',451,'0.775','0.528','9','-7.756','1','0.0441','0.102','0.582','0.233','0.961','94.967','423747','4'),(378,'BKNY',261,'2017-09-14','english',405,'0.393','0.838','9','-3.815','1','0.0985','0.00757','0.145','0.223','0.474','142.019','261187','4'),(379,'Pains',191,'2017-03-21','english',672,'0.449','0.416','0','-5.571','1','0.0608','0.01','0.122','0.0778','0.118','140.804','191425','3'),(380,'Night Drive',224,'2017-02-03','english',843,'0.595','0.549','4','-10.41','0','0.0339','0.0000224','0.835','0.274','0.131','122.199','224094','4'),(381,'Flex (Ooh, Ooh, Ooh)',176,'2016-11-30','english',899,'0.728','0.62','2','-7.533','1','0.0434','0.038','0','0.342','0.904','81.998','176675','4'),(382,'Indian Food',213,'2017-05-26','english',666,'0.561','0.896','2','-4.903','1','0.0528','0.765','0.685','0.124','0.654','86.808','213786','4'),(383,'Childs Play (feat. C',216,'2017-05-10','english',634,'0.758','0.343','1','-9.044','0','0.0402','0.775','0','0.11','0.218','99.995','216234','4'),(384,'Lets Start the Dance',351,'2017-09-09','english',1172,'0.782','0.938','10','-8.692','0','0.05','0.000429','0.121','0.118','0.872','118.086','351707','4'),(385,'Rollerskate',369,'2017-06-29','english',54,'0.839','0.48','6','-12.223','1','0.113','0.323','0.0505','0.0758','0.45','120.973','369067','4'),(386,'Outro',247,'2017-06-29','english',656,'0.226','0.261','2','-11.276','1','0.0339','0.0301','0.0677','0.0628','0.0795','108.915','247027','4'),(387,'Grindin’ My Whole Li',322,'2017-02-05','english',518,'0.763','0.623','2','-6.128','1','0.179','0.268','0.00000437','0.0768','0.369','115.032','322093','4'),(388,'Slyd',254,'2017-02-10','english',621,'0.858','0.717','0','-8.734','1','0.0995','0.0626','0.243','0.216','0.593','120.004','254920','4'),(389,'The Moment',255,'2017-05-17','english',250,'0.329','0.814','7','-6.005','1','0.0674','0.000239','0.0944','0.0936','0.403','120.462','255413','4'),(390,'R.I.C.O. (feat. Drak',197,'2017-08-22','english',688,'0.727','0.599','1','-6.941','1','0.327','0.317','0','0.219','0.381','167.909','197133','3'),(391,'Black And White',182,'2017-03-10','english',89,'0.318','0.975','9','-4.211','1','0.0916','0.00605','0.832','0.345','0.683','174.205','182987','4'),(392,'Never Never Gonna Gi',290,'2017-02-14','english',981,'0.61','0.791','2','-10.918','0','0.101','0.0818','0','0.0847','0.938','85.338','290667','4'),(393,'Wait & See',219,'2017-02-25','english',736,'0.646','0.892','10','-5.015','1','0.0331','0.0021','0.00626','0.117','0.935','119.998','219754','4'),(394,'Wait for a Minute',233,'2017-07-04','english',737,'0.79','0.616','0','-7.081','1','0.0388','0.016','0.13','0.136','0.373','111.038','233813','4'),(395,'5ft7',205,'2017-03-05','english',176,'0.484','0.492','7','-9.297','1','0.0326','0.0385','0.66','0.111','0.193','76.467','205500','4'),(396,'200 Press',373,'2017-06-16','english',1271,'0.785','0.573','5','-9.082','0','0.0416','0.304','0.403','0.0824','0.626','126.465','373243','4'),(397,'Huarache Lights',329,'2017-11-15','english',625,'0.715','0.64','2','-7.168','1','0.0317','0.113','0.0418','0.0848','0.398','113.507','329169','4'),(398,'Leave House',312,'2017-02-05','english',611,'0.811','0.635','7','-8.394','1','0.0971','0.0414','0.142','0.204','0.752','137.595','312360','4'),(399,'Sweet Power, Your Em',318,'2016-12-23','english',1178,'0.597','0.721','0','-9.433','1','0.0377','0.704','0.0119','0.188','0.854','110.761','318261','4'),(400,'Hunger Of The Pine',299,'2017-09-11','english',157,'0.6','0.413','7','-9.572','1','0.0258','0.785','0.0289','0.109','0.0768','93.618','299711','4'),(401,'Money Money',141,'2017-08-25','english',1151,'0.811','0.461','9','-10.829','1','0.264','0.629','0.000014','0.0767','0.72','75.286','141000','4'),(402,'Symptom - Original M',211,'2017-04-09','english',84,'0.797','0.961','10','-8.083','0','0.0677','0.0167','0.919','0.107','0.355','128.015','211882','4'),(403,'I\'ll Do a Little Bit',157,'2017-07-05','english',866,'0.799','0.657','3','-5.293','1','0.0377','0.391','0.00000316','0.0763','0.956','141.655','157068','4'),(404,'Who Is He And What I',703,'2017-11-04','english',176,'0.769','0.514','9','-14.157','1','0.052','0.0301','0.016','0.0394','0.719','119.674','703107','4'),(405,'Bustin\' Loose',462,'2017-10-15','english',881,'0.865','0.896','3','-7.031','0','0.0623','0.27','0.0488','0.0676','0.939','111.457','462467','4'),(406,'I Wish',253,'2017-07-11','english',1280,'0.826','0.751','10','-9.621','0','0.0564','0.107','0.0000771','0.0596','0.919','105.909','253747','4'),(407,'Baby',250,'2017-05-12','english',1153,'0.508','0.325','2','-11.627','1','0.037','0.96','0.00259','0.188','0.271','92.187','250533','4'),(408,'More Bounce To The O',311,'2017-05-04','english',625,'0.85','0.818','0','-8.623','1','0.0904','0.124','0.00135','0.349','0.845','105.266','311120','4'),(409,'Outlaw',302,'2017-09-21','english',966,'0.819','0.684','2','-6.97','1','0.0599','0.0245','0.358','0.115','0.84','130.268','302000','4'),(410,'Walking Into Sunshin',474,'2017-09-13','english',354,'0.896','0.482','0','-8.35','1','0.127','0.0194','0.033','0.0273','0.847','112','474040','4'),(411,'Pyramids',592,'2017-06-11','english',173,'0.401','0.661','5','-6.111','0','0.0462','0.0129','0.0000772','0.791','0.173','107.998','592920','4'),(412,'Lazuli',301,'2017-03-22','english',1102,'0.346','0.808','11','-5.791','0','0.0302','0.0106','0.685','0.247','0.711','219.331','301867','4'),(413,'Oblivion',251,'2017-11-16','english',1089,'0.697','0.529','2','-8.838','1','0.0338','0.115','0.901','0.0895','0.483','155.974','251267','4'),(414,'Obedear',209,'2017-10-30','english',840,'0.605','0.732','6','-5.643','0','0.15','0.195','0.0135','0.246','0.136','195.978','209573','4'),(415,'Flutes',425,'2017-08-17','english',933,'0.691','0.71','10','-6.351','0','0.0322','0.034','0.00225','0.0903','0.334','118.006','425320','4'),(416,'Club Rez',316,'2017-09-29','english',843,'0.428','0.74','0','-10.026','1','0.0588','0.0079','0.935','0.0985','0.0576','134.981','316444','4'),(417,'Cry Like A Ghost',263,'2016-12-16','english',115,'0.555','0.612','4','-7.841','0','0.0353','0.00525','0','0.346','0.319','100.036','263213','4'),(418,'Chained',167,'2017-08-27','english',647,'0.732','0.468','9','-13.662','0','0.0409','0.482','0.809','0.371','0.191','118.994','167547','4'),(419,'Disparate Youth',284,'2017-07-05','english',291,'0.633','0.926','1','-4.056','1','0.0404','0.0124','0.689','0.156','0.512','152.032','284925','4'),(420,'Cheap Beer',141,'2017-09-10','english',811,'0.284','0.961','9','-3.993','1','0.0567','0.000199','0','0.365','0.199','186.287','141813','4'),(421,'Swimming Pools (Dran',313,'2017-01-13','english',583,'0.68','0.489','11','-7.837','0','0.432','0.119','0.0000286','0.606','0.261','74.04','313787','4'),(422,'Origins',208,'2017-03-15','english',480,'0.578','0.825','5','-4.659','0','0.0284','0.0463','0.0201','0.162','0.959','113.907','208139','4'),(423,'Affection',156,'2017-01-06','english',653,'0.658','0.835','4','-7.165','0','0.0501','0.0602','0.00781','0.14','0.568','124.654','156707','4'),(424,'Comeback Kid',180,'2017-08-01','english',524,'0.385','0.902','7','-5.464','1','0.098','0.00914','0.522','0.317','0.52','159.939','180493','4'),(425,'Losing You',260,'2016-12-20','english',660,'0.735','0.798','0','-6.175','1','0.127','0.0555','0.0627','0.161','0.469','113.997','260400','4'),(426,'Grown Up',139,'2017-03-16','english',427,'0.635','0.766','11','-6.449','1','0.26','0.132','0','0.122','0.675','93.603','139931','4'),(427,'It\'s Not My Fault, I',305,'2017-03-24','english',157,'0.569','0.857','7','-5.571','1','0.0337','0.0101','0.0145','0.141','0.291','104.981','305680','4'),(428,'How Deep Is Your Lov',387,'2017-08-13','english',802,'0.469','0.823','9','-3.948','0','0.0583','0.000613','0.000829','0.185','0.138','122.316','387640','4'),(429,'Are you... Can you..',287,'2017-07-07','english',937,'0.502','0.632','4','-9.971','0','0.271','0.0571','0.054','0.226','0.207','82.738','287827','4'),(430,'Second Song',260,'2017-10-29','english',978,'0.597','0.798','5','-5.307','1','0.0367','0.0212','0.473','0.143','0.383','99.999','260467','4'),(431,'Mornin\'',132,'2017-09-12','english',778,'0.673','0.764','11','-5.482','1','0.401','0.459','0.000237','0.0955','0.551','182.13','132049','4'),(432,'Before',286,'2017-02-12','english',956,'0.507','0.739','2','-9.728','1','0.04','0.198','0.865','0.185','0.17','87.569','286413','4'),(433,'Midnight City',245,'2017-08-05','english',1148,'0.517','0.491','11','-13.742','0','0.0341','0.0198','0.00000131','0.0786','0.331','104.996','245013','4'),(434,'Lonely Boy',193,'2017-09-24','english',269,'0.356','0.872','2','-7.837','1','0.068','0.00417','0.00975','0.0997','0.592','166.3','193653','4'),(435,'Caffeinated Consciou',200,'2016-12-23','english',500,'0.563','0.924','10','-3.909','0','0.0511','0.00529','0.883','0.145','0.6','94.057','200600','4'),(436,'Wild Window',176,'2017-10-18','english',394,'0.567','0.876','9','-4.573','0','0.0376','0.0039','0','0.531','0.697','114.902','176893','4'),(437,'Polish Girl',264,'2017-02-28','english',469,'0.633','0.884','9','-4.158','0','0.0369','0.00501','0.0000193','0.134','0.455','111.98','264000','4'),(438,'Calgary',250,'2017-07-11','english',1163,'0.445','0.461','11','-11.488','1','0.0379','0.929','0.167','0.623','0.091','119.951','250200','4'),(439,'Civilization',250,'2017-03-29','english',506,'0.575','0.625','9','-5.296','0','0.0345','0.00145','0','0.0817','0.295','111.984','250826','4'),(440,'Headlines',236,'2017-09-26','english',342,'0.662','0.571','6','-7.382','0','0.106','0.369','0.000197','0.0908','0.442','152.009','236733','4'),(441,'Michael Jackson',256,'2017-01-24','english',191,'0.573','0.946','7','-5.065','1','0.377','0.00096','0.00191','0.115','0.769','151.817','256800','4'),(442,'Need You Now',369,'2017-03-21','english',1229,'0.605','0.755','1','-5.169','1','0.0358','0.0244','0.586','0.0937','0.367','122.3','369387','4'),(443,'Abducted',172,'2017-01-02','english',371,'0.374','0.937','9','-3.882','1','0.082','0.00632','0.0207','0.186','0.337','149.812','172960','4'),(444,'Gucci Gucci',187,'2017-06-23','english',769,'0.714','0.924','10','-2.91','0','0.0662','0.158','0.0000129','0.91','0.897','77.516','187293','4'),(445,'Eyes Be Closed',287,'2017-06-19','english',132,'0.207','0.878','4','-7.212','1','0.0449','0.00441','0.421','0.341','0.135','89.969','287667','4'),(446,'Echoes',248,'2017-01-05','english',951,'0.589','0.938','2','-10.475','0','0.0567','0.0729','0.942','0.166','0.556','120.007','248200','4'),(447,'The Daily Mail',217,'2017-10-10','english',457,'0.36','0.362','10','-7.102','1','0.0385','0.652','0.000128','0.107','0.144','116.846','217798','4'),(448,'Civilization',251,'2016-12-08','english',732,'0.516','0.66','9','-5.002','0','0.0489','0.00091','0','0.0663','0.238','112.065','251011','4'),(449,'Punch Drunk Love',212,'2017-06-18','english',990,'0.579','0.767','9','-3.713','1','0.078','0.126','0.0000328','0.384','0.67','144.001','212227','4'),(450,'Principles',415,'2017-08-12','english',152,'0.845','0.59','0','-8.225','1','0.0538','0.0184','0.00581','0.084','0.346','126.024','415371','4'),(451,'Slow Peels',277,'2017-10-12','english',391,'0.568','0.662','8','-10.651','0','0.257','0.0914','0.459','0.317','0.452','173.937','277335','4'),(452,'Dead Wrong',208,'2017-03-03','english',197,'0.716','0.724','9','-8.06','1','0.24','0.154','0.000309','0.224','0.698','137.131','208027','4'),(453,'Do It Roger',317,'2017-08-13','english',1113,'0.791','0.729','11','-9.856','0','0.054','0.386','0.0126','0.0771','0.717','108.274','317467','4'),(454,'Pharaohs (feat. Rose',218,'2017-09-03','english',1074,'0.795','0.578','5','-8.507','0','0.0569','0.00983','0.743','0.115','0.639','127.014','218147','4'),(455,'No Fun',318,'2017-08-17','english',729,'0.584','0.761','9','-5.056','1','0.0287','0.00215','0.0217','0.0989','0.722','122.494','318373','4'),(456,'Computer Love',282,'2017-03-22','english',425,'0.679','0.709','7','-5.851','0','0.133','0.676','0','0.292','0.677','84.543','282308','4'),(457,'Dutchie Courage',180,'2017-05-01','english',1234,'0.646','0.947','1','-2.762','1','0.119','0.0693','0','0.283','0.957','164.111','180036','4'),(458,'Osaka Loop Line',241,'2017-02-04','english',996,'0.704','0.49','9','-6.667','1','0.339','0.0961','0.000114','0.157','0.646','155.909','241733','4'),(459,'White Horse',237,'2017-08-04','english',1279,'0.812','0.554','7','-10.978','1','0.0567','0.00254','0.698','0.0558','0.786','123.289','237320','4'),(460,'Abataka - Original M',520,'2017-10-10','english',807,'0.76','0.971','5','-4.582','0','0.0549','0.394','0.775','0.138','0.992','125.439','520133','4'),(461,'Danger! High Voltage',214,'2017-03-16','english',195,'0.657','0.699','11','-4.718','0','0.0297','0.0000215','0.153','0.0525','0.531','123.017','214600','4'),(462,'Say Please',207,'2017-10-21','english',1156,'0.731','0.812','5','-6.691','1','0.0608','0.185','0.154','0.131','0.861','91.96','207496','4'),(463,'You Don\'t Love Me (N',213,'2017-07-10','english',1293,'0.805','0.596','7','-6.007','1','0.119','0.00649','0.00772','0.299','0.753','81.004','213280','4'),(464,'The Yes Strut',171,'2017-04-20','english',395,'0.718','0.844','8','-8.045','1','0.0581','0.00947','0.711','0.122','0.54','94.988','171933','4'),(465,'86 Carrot Gold',183,'2017-01-17','english',698,'0.597','0.746','11','-7.991','0','0.542','0.0507','0.000198','0.493','0.891','172.215','183798','4'),(466,'Close to Me',101,'2017-06-07','english',1004,'0.698','0.923','1','-5.382','0','0.316','0.738','0.00000821','0.296','0.779','95.009','101039','4'),(467,'How Do You See Me No',259,'2017-02-16','english',323,'0.823','0.811','1','-6.158','1','0.0661','0.000419','0.0745','0.176','0.718','104.63','259680','4'),(468,'See Me Now',231,'2017-06-13','english',1206,'0.819','0.777','8','-7.734','0','0.0614','0.00176','0.0931','0.0627','0.769','104.651','231747','4'),(469,'Every Freakin\' - DJ ',200,'2016-12-21','english',1160,'0.671','0.781','2','-5.363','1','0.311','0.02','0','0.0718','0.684','134.02','200754','4'),(470,'Dance Our Way',198,'2017-08-11','english',881,'0.872','0.565','7','-10.236','1','0.0708','0.00402','0.237','0.0947','0.885','125.992','198101','4'),(471,'Flashing Lights',205,'2017-04-02','english',922,'0.85','0.664','0','-9.141','1','0.105','0.00241','0.0672','0.192','0.584','126.018','205663','4'),(472,'The Daily Mail',217,'2017-07-11','english',670,'0.36','0.362','10','-7.102','1','0.0385','0.652','0.000128','0.107','0.144','116.845','217798','4'),(473,'Bizness',263,'2016-12-25','english',582,'0.76','0.76','10','-5.964','0','0.0509','0.196','0.00185','0.113','0.616','111.01','263733','4'),(474,'Long Heels Red Botto',217,'2017-06-10','english',898,'0.874','0.492','2','-4.898','1','0.328','0.0305','0','0.117','0.644','64.992','217783','4'),(475,'I Wanna Be Your Dog',188,'2017-05-13','english',146,'0.527','0.871','4','-8.708','1','0.0354','0.0229','0.155','0.419','0.12','120.722','188560','4'),(476,'Jealousy',317,'2017-08-10','english',634,'0.767','0.712','5','-7.28','1','0.0564','0.000963','0.00275','0.243','0.947','125.025','317320','4'),(477,'Embody',225,'2017-01-17','english',131,'0.328','0.827','6','-2.545','0','0.252','0.233','0.00517','0.632','0.709','103.127','225627','4'),(478,'Love In Motion - fea',185,'2017-07-05','english',55,'0.702','0.773','9','-3.741','1','0.214','0.0175','0.00165','0.651','0.484','100.006','185840','4'),(479,'Save the World',410,'2017-07-09','english',1178,'0.654','0.734','0','-6.216','1','0.112','0.00314','0.000249','0.0802','0.243','126.995','410897','4'),(480,'Myth',258,'2017-03-04','english',527,'0.448','0.733','3','-6.238','1','0.0292','0.0369','0.0425','0.169','0.404','142.008','258653','4'),(481,'Ready 2 Go',265,'2017-06-01','english',398,'0.542','0.854','8','-5.041','1','0.0445','0.0152','0','0.0639','0.262','128.041','265480','4'),(482,'We Are Young - The P',235,'2017-08-29','english',409,'0.469','0.821','2','-5.055','0','0.0397','0.00206','0.00914','0.258','0.226','173.964','235301','4'),(483,'Bop Gun (One Nation)',287,'2017-02-27','english',850,'0.857','0.889','6','-4.382','1','0.0795','0.429','0.00000521','0.143','0.82','103.072','287200','4'),(484,'La Funky',279,'2016-12-03','english',423,'0.796','0.774','9','-4.833','0','0.0509','0.000407','0.812','0.0784','0.327','124.989','279952','4'),(485,'In My Mind (Axwell R',400,'2017-03-31','english',866,'0.67','0.897','7','-5.19','0','0.0922','0.0401','0.0021','0.293','0.294','127.994','400742','4'),(486,'On\'n\'On - Ruined by ',238,'2017-07-25','english',458,'0.697','0.68','2','-6.847','1','0.0318','0.000299','0.00674','0.125','0.288','98.002','238206','4'),(487,'Don\'t Die',248,'2017-03-09','english',993,'0.352','0.807','0','-7.781','1','0.173','0.0193','0.00000604','0.0963','0.0459','90.772','248133','4'),(488,'Van Vogue',357,'2017-05-08','english',990,'0.687','0.799','1','-9.181','0','0.355','0.122','0.0011','0.107','0.0397','128.001','357280','4'),(489,'How Do You Do?',285,'2017-04-17','english',671,'0.666','0.811','11','-5.079','0','0.0357','0.0998','0.0614','0.0588','0.955','124.954','285320','4'),(490,'Night And Day',270,'2017-07-07','english',383,'0.764','0.768','5','-5.614','1','0.0382','0.0285','0.0235','0.122','0.627','125.988','270680','4'),(491,'Don\'t Deny Your Hear',271,'2017-10-22','english',1204,'0.677','0.86','1','-5.074','1','0.0348','0.0132','0.0119','0.0487','0.793','121.989','271480','4'),(492,'Focused - feat. Kid ',212,'2017-08-09','english',968,'0.735','0.801','1','-5.067','1','0.0554','0.275','0','0.137','0.491','123.094','212333','4'),(493,'Neptune',242,'2017-09-12','english',1228,'0.286','0.694','6','-7.481','1','0.0335','0.000483','0.00252','0.0773','0.411','169.904','242653','4'),(494,'Function - feat. YG,',259,'2017-10-14','english',636,'0.881','0.564','2','-5.239','1','0.232','0.00138','0','0.0983','0.36','100.032','259200','4'),(495,'Didn\'t You',237,'2016-12-09','english',797,'0.246','0.843','4','-10.022','1','0.0396','0.0086','0.241','0.137','0.681','80.047','237947','4'),(496,'Search Party',172,'2017-06-13','english',777,'0.515','0.876','5','-5.448','1','0.0375','0.000248','0.156','0.0606','0.707','105.128','172520','4'),(497,'Mi Swing es Tropical',222,'2017-07-12','english',192,'0.816','0.894','6','-9.243','1','0.0819','0.0227','0.0000723','0.331','0.968','99.995','222920','4'),(498,'Stock Exchange',346,'2017-05-27','english',1230,'0.715','0.518','5','-11','0','0.0699','0.00569','0.772','0.0983','0.923','129.87','346773','4'),(499,'Changes',336,'2017-07-15','english',371,'0.829','0.637','5','-9.481','0','0.0882','0.0365','0.0233','0.267','0.688','120.761','336906','4'),(500,'Play This (Also)',346,'2017-07-30','english',767,'0.444','0.978','6','-6.238','1','0.0998','0.289','0.778','0.171','0.463','125.371','346360','4'),(501,'Obedear',212,'2017-05-22','english',121,'0.612','0.725','6','-5.775','0','0.0966','0.232','0.011','0.395','0.153','195.972','212944','4'),(502,'Slow Down',285,'2017-04-26','english',902,'0.7','0.718','2','-5.882','1','0.0535','0.0989','0.0609','0.218','0.343','81.997','285211','4'),(503,'I Don\'t Like',295,'2017-07-13','english',249,'0.754','0.877','2','-3.486','1','0.0586','0.000869','0','0.0576','0.557','132.033','295867','4'),(504,'Sleeping Ute',275,'2017-10-19','english',1137,'0.327','0.654','6','-6.258','0','0.0364','0.148','0.00442','0.0939','0.262','102.532','275286','3'),(505,'Hands On the Wheel (',197,'2017-07-08','english',1039,'0.646','0.778','1','-7.44','0','0.103','0.0173','0','0.0702','0.173','127.813','197132','4'),(506,'The Kids Were Wrong',252,'2017-04-17','english',485,'0.486','0.526','0','-9.041','1','0.0272','0.00991','0.158','0.0976','0.726','75.461','252707','4'),(507,'Walk With Me',283,'2017-01-05','english',604,'0.551','0.504','7','-11.166','1','0.0309','0.473','0.664','0.0818','0.137','115.998','283373','4'),(508,'Her Fantasy',374,'2017-04-19','english',265,'0.586','0.806','1','-9.542','1','0.0548','0.0246','0.000167','0.353','0.207','110.325','374133','4'),(509,'Der Kommissar',337,'2017-07-23','english',813,'0.694','0.716','7','-7.468','1','0.0513','0.00909','0.000814','0.0772','0.896','121.427','337187','4'),(510,'Slow Down',220,'2017-01-02','english',671,'0.817','0.528','1','-6.551','1','0.0656','0.122','0','0.284','0.161','100.997','220987','4'),(511,'Genesis',255,'2017-06-16','english',915,'0.611','0.677','10','-6.745','0','0.034','0.0764','0.0698','0.241','0.233','166.04','255320','4'),(512,'About to Die',239,'2017-05-18','english',1260,'0.727','0.657','0','-5.307','1','0.188','0.419','0','0.0624','0.794','82.553','239360','4'),(513,'Best Night',330,'2017-08-16','english',953,'0.485','0.793','0','-8.693','1','0.0573','0.229','0.784','0.406','0.295','131.951','330920','4'),(514,'Brothers',269,'2017-02-04','english',987,'0.52','0.872','8','-8.104','1','0.0483','0.0413','0.725','0.161','0.524','111.958','269000','4'),(515,'We Own The Sky',304,'2017-09-17','english',777,'0.399','0.761','9','-6.318','1','0.0334','0.000105','0.0456','0.0757','0.244','140.084','304907','4'),(516,'Chicken Half',212,'2017-05-19','english',921,'0.582','0.903','0','-4.505','1','0.0335','0.52','0.779','0.243','0.902','119.457','212602','4'),(517,'Two Of Hearts',237,'2017-11-14','english',976,'0.852','0.523','5','-6.716','0','0.032','0.0833','0','0.106','0.648','130.154','237533','4'),(518,'The Perfect Kiss',289,'2017-04-28','english',816,'0.623','0.806','0','-8.533','1','0.0352','0.0156','0.0769','0.201','0.847','130.049','289640','4'),(519,'Can I Kick It?',265,'2017-02-07','english',1150,'0.844','0.688','4','-8.594','0','0.291','0.145','0.00351','0.104','0.747','96.671','265400','4'),(520,'Sure Thing',195,'2017-08-26','english',702,'0.684','0.603','11','-8.127','0','0.0989','0.0275','0.000311','0.191','0.508','81','195373','4'),(521,'Kim & Jessie',322,'2017-01-21','english',58,'0.498','0.553','5','-6.193','1','0.0332','0.000103','0.528','0.273','0.228','111.015','322933','4'),(522,'Outro',247,'2017-06-09','english',784,'0.162','0.254','2','-11.251','1','0.0359','0.0329','0.122','0.0631','0.0778','108.943','247027','4'),(523,'We Are the People',272,'2017-02-13','english',1144,'0.671','0.784','4','-5.514','0','0.0303','0.0842','0.0121','0.231','0.545','122.995','272175','4'),(524,'Look At Where We Are',239,'2017-05-26','english',769,'0.792','0.387','8','-8.192','0','0.0464','0.597','0.000106','0.0757','0.677','136.996','239427','4'),(525,'Don\'t Owe You a Than',213,'2017-09-29','english',414,'0.417','0.944','9','-5.192','1','0.0459','0.0801','0.00141','0.0862','0.376','109.721','213853','4'),(526,'Money Trees',386,'2017-08-16','english',1060,'0.739','0.526','4','-7.384','0','0.101','0.0726','0','0.215','0.374','143.948','386907','4'),(527,'Hood Pass Intact fea',286,'2016-12-28','english',160,'0.791','0.916','2','-2.009','1','0.178','0.203','0','0.0924','0.62','103.709','286213','4'),(528,'Got No Money',128,'2017-03-09','english',217,'0.491','0.935','1','-4.22','1','0.0343','0.00341','0.348','0.121','0.964','157.993','128187','4'),(529,'Birthday Song',306,'2017-01-26','english',607,'0.748','0.586','1','-2.554','1','0.0512','0.0581','0','0.156','0.162','140.067','306600','4'),(530,'Oh',141,'2016-11-24','english',1082,'0.351','0.931','6','-5.746','0','0.0539','0.0000779','0.129','0.226','0.604','126.394','141305','4'),(531,'No Waves',139,'2017-05-23','english',987,'0.48','0.964','7','-3.681','1','0.0656','0.001','0.000273','0.131','0.579','98.496','139560','4'),(532,'Wake Bake Skate',99,'2017-05-12','english',390,'0.123','0.963','10','-4.182','1','0.0543','0.0000341','0.0329','0.292','0.68','198.04','99413','4'),(533,'No Ass',93,'2017-09-26','english',290,'0.401','0.972','0','-2.236','1','0.0886','0.00814','0.878','0.382','0.405','152.839','93267','4'),(534,'Black Out Stout',182,'2017-09-16','english',277,'0.228','0.886','9','-3.87','0','0.0497','0.00023','0.848','0.307','0.499','165.201','182600','4'),(535,'Plague',295,'2017-06-09','english',516,'0.465','0.633','11','-9.493','0','0.0578','0.0214','0.79','0.105','0.0451','130.074','295880','4'),(536,'Kerosene',192,'2017-03-02','english',449,'0.438','0.539','8','-9.578','1','0.166','0.11','0','0.143','0.0759','166.649','192000','5'),(537,'Wrath Of God',186,'2017-08-18','english',694,'0.396','0.601','0','-9.347','1','0.0515','0.0036','0.531','0.116','0.351','129.996','186627','4'),(538,'Pale Flesh',178,'2017-10-03','english',825,'0.596','0.628','5','-7.582','0','0.0503','0.000183','0.00767','0.187','0.52','139.965','178800','4'),(539,'Past Lives',141,'2016-12-29','english',740,'0.276','0.766','7','-6.012','0','0.0373','0.000964','0.858','0.15','0.547','158.188','141627','4'),(540,'Pictures Of Matchsti',194,'2017-10-22','english',1225,'0.241','0.588','7','-6.914','1','0.0313','0.104','0.00042','0.087','0.506','171.882','194600','4'),(541,'Get Up',397,'2017-02-28','english',6,'0.821','0.902','11','-7.203','1','0.0542','0.000341','0.909','0.0898','0.269','112.98','397166','4'),(542,'Cloud Atlas End Titl',476,'2017-06-27','english',254,'0.354','0.228','0','-10.304','1','0.0296','0.854','0.8','0.113','0.0745','82.758','476164','3'),(543,'Keep You',210,'2017-01-22','english',1250,'0.638','0.897','7','-5.78','0','0.0504','0.0372','0.00748','0.0691','0.915','133.948','210160','4'),(544,'Anything New',247,'2016-12-12','english',288,'0.651','0.642','2','-4.276','1','0.167','0.0101','0.000186','0.0902','0.711','88.237','247360','4'),(545,'Adorn',193,'2017-08-28','english',292,'0.625','0.576','11','-5.693','0','0.175','0.0543','0.0000407','0.187','0.223','179.063','193147','4'),(546,'Louie Louie',346,'2017-07-19','english',592,'0.759','0.772','7','-8.052','1','0.125','0.169','0.0687','0.0668','0.752','89.245','346160','4'),(547,'Under Mi Sensi',190,'2017-11-15','english',784,'0.726','0.664','0','-6.275','1','0.108','0.0175','0','0.195','0.494','75.571','190360','4'),(548,'Loner',448,'2017-11-01','english',845,'0.611','0.9','1','-10.026','1','0.0593','0.8','0.872','0.19','0.322','129.729','448315','4'),(549,'Murderer',233,'2017-08-28','english',573,'0.865','0.549','0','-10.083','1','0.244','0.0845','0.158','0.081','0.619','142.8','233300','4'),(550,'Space Cakes - Origin',375,'2017-11-20','english',328,'0.794','0.481','6','-11.97','1','0.149','0.00135','0.883','0.0833','0.314','114.003','375179','4'),(551,'There, There',323,'2017-07-28','english',1221,'0.614','0.677','9','-8.317','0','0.0323','0.0193','0.518','0.108','0.726','126.477','323600','4'),(552,'Nightcall',258,'2017-04-23','english',1221,'0.535','0.857','9','-5.2','0','0.0543','0.0113','0.00751','0.472','0.431','91.053','258413','4'),(553,'Jacket & Tie',230,'2016-12-05','english',1142,'0.815','0.672','8','-5.675','1','0.27','0.453','0','0.112','0.813','151.362','230307','4'),(554,'Doom And Gloom - Jef',247,'2017-10-27','english',745,'0.595','0.794','0','-5.186','1','0.0345','0.00104','0.00733','0.0693','0.685','131.619','247175','4'),(555,'All Of Me',230,'2017-06-07','english',299,'0.683','0.698','9','-6.255','1','0.0395','0.0000406','0.000113','0.058','0.962','125.999','230587','4'),(556,'Females Welcomed (fe',192,'2017-10-21','english',560,'0.722','0.619','9','-8.324','0','0.352','0.0829','0','0.0533','0.606','140.031','192026','4'),(557,'Blueberry (Pills & C',277,'2017-10-29','english',600,'0.647','0.841','10','-2.507','1','0.164','0.0985','0','0.897','0.886','139.963','277375','4'),(558,'Max Can\'t Surf',146,'2017-10-29','english',22,'0.428','0.972','11','-4.329','0','0.0514','0.000455','0.000854','0.313','0.48','133.064','146227','4'),(559,'Wait for the Man',109,'2017-10-04','english',909,'0.325','0.918','2','-4.823','1','0.071','0.00000919','0.000288','0.276','0.184','95.537','109533','4'),(560,'Inspector Norse',400,'2017-05-31','english',580,'0.912','0.781','7','-7.018','0','0.0444','0.074','0.762','0.348','0.891','119.978','400751','4'),(561,'Love Sosa',246,'2016-11-26','english',170,'0.771','0.416','0','-8.188','0','0.0894','0.0324','0','0.111','0.218','131.952','246573','4'),(562,'This Time Around',398,'2017-05-20','english',412,'0.759','0.764','10','-7.416','0','0.0446','0.00069','0.719','0.116','0.315','117.996','398615','4'),(563,'See Blind Through',264,'2017-04-23','english',247,'0.691','0.737','10','-5.758','0','0.0447','0.135','0.0291','0.127','0.675','108.049','264213','4'),(564,'Vowels = space and t',261,'2017-07-01','english',1299,'0.701','0.822','6','-6.13','1','0.0366','0.139','0.0526','0.0726','0.739','129.03','261120','4'),(565,'Be A Body',260,'2017-09-01','english',555,'0.736','0.58','5','-9.643','0','0.0485','0.263','0.663','0.101','0.144','140.04','260413','4'),(566,'Unchained (The Payba',171,'2016-12-15','english',176,'0.564','0.912','5','-4.718','0','0.143','0.131','0.00000805','0.369','0.582','92.054','171573','4'),(567,'Stomp - Dirty',181,'2017-11-16','english',515,'0.824','0.513','8','-9.591','1','0.208','0.164','0','0.0487','0.568','99.938','181800','4'),(568,'Borrowed Time',152,'2017-08-14','english',747,'0.406','0.74','0','-7.232','1','0.031','0.0451','0.722','0.637','0.822','92.333','152040','4'),(569,'Young N*****',204,'2017-07-30','english',890,'0.762','0.883','0','-4.397','1','0.18','0.116','0','0.3','0.781','140.974','204293','4'),(570,'All Gold Everything',187,'2017-02-20','english',908,'0.54','0.77','7','-7.748','1','0.354','0.078','0','0.0846','0.62','99.882','187847','4'),(571,'What I Might Do - Cl',389,'2017-01-23','english',567,'0.834','0.481','8','-9.511','1','0.135','0.109','0.822','0.111','0.306','121.999','389508','4'),(572,'I Love It (feat. Cha',155,'2017-01-03','english',114,'0.714','0.905','8','-2.663','1','0.0289','0.00855','0.0000255','0.146','0.824','125.927','155337','4'),(573,'Kenosha',162,'2016-12-15','english',168,'0.36','0.774','3','-8.758','1','0.0384','0.0015','0.807','0.0996','0.664','80.205','162168','4'),(574,'Fineshrine',209,'2017-11-12','english',497,'0.609','0.798','5','-4.448','0','0.0404','0.018','0.00000868','0.434','0.405','130.034','209760','4'),(575,'Flow',309,'2017-07-23','english',682,'0.777','0.688','8','-8.692','0','0.0681','0.0047','0.69','0.096','0.18','126.019','309180','4'),(576,'C\'Est La Vie',267,'2017-04-23','english',620,'0.749','0.647','2','-6.878','1','0.137','0.135','0','0.142','0.196','146.024','267307','4'),(577,'Caramel',260,'2016-12-19','english',1050,'0.67','0.544','1','-9.643','0','0.124','0.0202','0.00792','0.14','0.331','140.037','260853','4'),(578,'O.G',228,'2017-01-07','english',789,'0.684','0.637','9','-6.378','1','0.061','0.00627','0','0.297','0.245','140.063','228907','4'),(579,'HLM 3',321,'2017-04-21','english',796,'0.633','0.85','5','-5.915','0','0.344','0.151','0','0.0556','0.761','97.933','321627','4'),(580,'The Mighty Ming - Or',457,'2017-07-25','english',314,'0.594','0.77','0','-7.082','1','0.0629','0.049','0.9','0.103','0.14','125.987','457205','4'),(581,'Harlem Shake',196,'2017-01-05','english',482,'0.473','0.794','9','-5.151','1','0.0462','0.0119','0.00218','0.418','0.293','139.313','196664','4'),(582,'Purp Walk',255,'2017-06-27','english',167,'0.931','0.606','1','-8.366','1','0.269','0.00207','0.461','0.092','0.865','94.018','255844','4'),(583,'Do You Like It? (Fea',232,'2017-06-30','english',686,'0.744','0.685','7','-8.332','1','0.34','0.432','0','0.319','0.56','87.675','232611','4'),(584,'Gucci On The Rise',150,'2017-02-13','english',330,'0.752','0.783','9','-7.507','1','0.151','0.0452','0','0.194','0.611','159.912','150053','4'),(585,'Hate Bein\' Sober',280,'2017-03-23','english',890,'0.821','0.469','8','-7.152','1','0.0473','0.00469','0','0.141','0.321','132.002','280173','4'),(586,'Traffic',237,'2017-11-12','english',859,'0.908','0.513','2','-5.318','1','0.0973','0.00271','0','0.141','0.256','130.047','237293','4'),(587,'Hold Me Back',267,'2017-10-02','english',327,'0.636','0.702','11','-5.437','1','0.0743','0.0401','0','0.105','0.471','125.998','267147','4'),(588,'Oldie',636,'2017-04-14','english',358,'0.839','0.583','1','-5.941','1','0.268','0.239','0','0.262','0.557','87.99','636213','4'),(589,'Started From the Bot',173,'2017-04-08','english',806,'0.79','0.531','8','-6.968','1','0.197','0.0425','0','0.266','0.498','86.306','173160','4'),(590,'Dum Dum',121,'2017-08-05','english',356,'0.787','0.81','5','-7.822','1','0.0993','0.0596','0.125','0.625','0.606','77.505','121874','4'),(591,'Higher - Extended',342,'2017-04-10','english',663,'0.603','0.978','11','-1.367','0','0.186','0.000451','0.493','0.404','0.496','150.072','342020','4'),(592,'Gone, Gone',225,'2017-09-09','english',947,'0.937','0.67','9','-6.149','1','0.107','0.00402','0','0.108','0.592','136.029','225940','4'),(593,'Rock Creek Park',275,'2017-09-27','english',143,'0.748','0.703','2','-11.869','1','0.0663','0.0912','0.0036','0.0635','0.618','110.615','275907','4'),(594,'Leaving Babylon',250,'2017-09-23','english',476,'0.727','0.235','0','-20.263','1','0.16','0.00741','0.0159','0.0769','0.59','127.16','250587','4'),(595,'Trap Shit V7',222,'2017-07-14','english',649,'0.857','0.948','10','-6.901','0','0.204','0.000117','0.816','0.317','0.669','140.002','222330','4'),(596,'Good Life - Original',432,'2017-08-01','english',518,'0.793','0.978','11','-9.229','0','0.0648','0.0295','0.0331','0.0764','0.711','124.922','432800','4'),(597,'Big Fun - Original 1',461,'2017-06-03','english',642,'0.738','0.808','10','-9.772','0','0.0522','0.0492','0.734','0.036','0.816','120.248','461560','4'),(598,'Piss Test (feat. Jui',223,'2017-06-17','english',356,'0.864','0.86','11','-1.92','1','0.178','0.00905','0','0.183','0.883','140.029','223071','4'),(599,'Can\'t Seem To Make Y',219,'2017-02-22','english',1153,'0.688','0.457','7','-9.86','1','0.0338','0.0234','0','0.127','0.645','109.278','219618','4'),(600,'Borderline',267,'2017-06-15','english',798,'0.786','0.525','1','-8.271','0','0.0388','0.423','0.461','0.0876','0.43','128.014','267160','4'),(601,'Elevate - Q45 Remix',394,'2016-12-08','english',531,'0.734','0.686','5','-9.781','0','0.0761','0.00201','0.11','0.0408','0.543','128.021','394857','4'),(602,'With You (feat. Alex',246,'2017-06-05','english',257,'0.765','0.891','9','-6.43','0','0.0514','0.0196','0.0145','0.0293','0.564','126.99','246823','4'),(603,'Can\'t Shake This Fee',238,'2017-06-07','english',995,'0.725','0.798','0','-6.75','0','0.162','0.00263','0.00000214','0.0791','0.72','124.045','238640','4'),(604,'Check Me Out Like',156,'2016-12-27','english',302,'0.962','0.592','9','-11.716','0','0.108','0.014','0.642','0.134','0.361','130.684','156800','4'),(605,'Second Summer',292,'2017-09-29','english',1125,'0.845','0.455','11','-5.209','1','0.0693','0.00167','0.0000597','0.0414','0.832','119.987','292654','4'),(606,'Demon To Lean On',261,'2017-11-13','english',817,'0.5','0.95','6','-4.333','1','0.0677','0.000321','0.0293','0.382','0.298','120.038','261587','4'),(607,'Walk In The Park',322,'2017-03-20','english',709,'0.648','0.547','5','-6.547','1','0.0245','0.0537','0.0439','0.0826','0.851','141.378','322760','4'),(608,'Reckless (With Your ',347,'2017-08-01','english',1095,'0.77','0.69','9','-4.903','0','0.0977','0.00576','0.0107','0.0684','0.721','118.989','347387','4'),(609,'Reckless (With Your ',420,'2017-05-14','english',747,'0.61','0.907','11','-5.857','0','0.0384','0.0000313','0.698','0.23','0.397','112.007','420384','4'),(610,'Never Be Your Woman ',146,'2017-03-11','english',451,'0.663','0.877','5','-3.37','0','0.0538','0.00318','0.00217','0.124','0.396','135.989','146906','4'),(611,'(Bonus) Break Her Do',155,'2016-12-17','english',14,'0.831','0.373','1','-6.896','1','0.157','0.000548','0.000362','0.1','0.356','96.115','155042','4'),(612,'Molly Ringwald',141,'2017-05-04','english',15,'0.653','0.817','1','-5.077','1','0.239','0.0482','0','0.157','0.493','135.345','141724','4'),(613,'8 Feet Tall',255,'2016-12-03','english',31,'0.72','0.748','5','-7.607','1','0.447','0.0000834','0','0.11','0.555','182.064','255135','4'),(614,'36 Chamber Flow',118,'2017-09-12','english',111,'0.808','0.593','1','-9.395','1','0.344','0.769','0.00000207','0.111','0.88','89.876','118353','4'),(615,'Trill Hoe',216,'2017-10-28','english',460,'0.798','0.481','7','-10.488','1','0.314','0.0302','0','0.128','0.64','127.136','216585','4'),(616,'Saturday Love',245,'2017-02-19','english',666,'0.586','0.915','6','-6.264','1','0.031','0.00706','0.236','0.192','0.747','117.99','245733','4'),(617,'Sweater Weather',240,'2017-04-27','english',653,'0.695','0.615','7','-5.325','0','0.042','0.15','0.000212','0.0879','0.425','124.015','240040','4'),(618,'Oh My - Club Mix',250,'2017-04-19','english',1263,'0.587','0.784','9','-4.878','1','0.0469','0.00749','0.0126','0.264','0.13','139.99','250299','4'),(619,'Saltkin',205,'2017-08-20','english',457,'0.675','0.862','8','-5.309','0','0.0501','0.0765','0.000609','0.364','0.819','124.982','205533','4'),(620,'Lofticries',239,'2017-05-22','english',1093,'0.671','0.73','8','-6.773','1','0.0369','0.116','0.000356','0.201','0.302','112.011','239613','4'),(621,'Get It In',156,'2017-02-23','english',197,'0.632','0.793','10','-4.171','0','0.102','0.00221','0','0.171','0.393','189.992','156614','4'),(622,'My Bad - Club Mix',227,'2017-09-02','english',304,'0.774','0.92','11','-4.213','1','0.25','0.0106','0.433','0.146','0.223','128.97','227327','4'),(623,'I\'m Different',207,'2017-01-07','english',928,'0.941','0.685','10','-5.24','1','0.0752','0.0415','0','0.08','0.695','97.524','207040','4'),(624,'Get Lucky - Radio Ed',248,'2017-03-08','english',1126,'0.794','0.811','6','-8.966','0','0.038','0.0426','0.00000107','0.101','0.865','116.047','248413','4'),(625,'Had A Dream',192,'2016-12-18','english',248,'0.805','0.634','7','-7.759','1','0.0535','0.0436','0','0.0579','0.76','143.944','192623','4'),(626,'Recover',225,'2017-05-17','english',463,'0.394','0.669','7','-4.461','1','0.056','0.00584','0','0.334','0.195','169.929','225680','4'),(627,'Now Is Not the Time',224,'2017-02-03','english',268,'0.635','0.459','2','-7.59','1','0.0491','0.0347','0.000184','0.077','0.345','114.865','224747','4'),(628,'MDA',211,'2017-06-10','english',1251,'0.669','0.765','8','-7.885','1','0.051','0.00116','0','0.312','0.163','131.946','211042','4'),(629,'Pop That',304,'2017-01-12','english',249,'0.742','0.912','6','-1.188','0','0.13','0.0637','0','0.599','0.562','137.975','304880','4'),(630,'Young & Gettin\' It -',205,'2016-12-13','english',94,'0.624','0.752','4','-5.43','1','0.121','0.244','0','0.131','0.862','134.021','205973','4'),(631,'Best Wishes',218,'2017-10-03','english',1023,'0.622','0.628','7','-9.964','0','0.243','0.45','0','0.251','0.304','144.812','218480','4'),(632,'Kids',216,'2017-01-15','english',930,'0.719','0.66','2','-8.22','1','0.0829','0.121','0','0.127','0.357','119.996','216000','4'),(633,'Levitate',200,'2017-01-14','english',281,'0.525','0.8','11','-11.484','1','0.122','0.000478','0.429','0.319','0.52','80.032','200015','4'),(634,'Get Free (feat. Ambe',291,'2017-03-04','english',1213,'0.525','0.538','11','-9.366','0','0.0783','0.14','0.117','0.095','0.791','175.953','291162','4'),(635,'Balance',246,'2017-11-08','english',23,'0.472','0.855','0','-6.937','1','0.069','0.000373','0.93','0.887','0.166','154.908','246427','4'),(636,'The Lion - Original ',262,'2017-11-12','english',375,'0.9','0.929','7','-0.718','1','0.148','0.00417','0.0000204','0.524','0.566','129.991','262168','4'),(637,'For Your Love - Club',334,'2017-11-12','english',507,'0.802','0.586','5','-6.245','1','0.103','0.000839','0.0212','0.0587','0.407','128.011','334849','4'),(638,'For Your Love - Olav',358,'2017-11-03','english',110,'0.723','0.669','11','-5.026','0','0.0582','0.000423','0.936','0.0751','0.156','126.013','358436','4'),(639,'Slippin’',253,'2017-09-17','english',326,'0.797','0.508','9','-8.154','0','0.0455','0.284','0.00859','0.356','0.958','118.032','253187','4'),(640,'Take You On',224,'2017-02-20','english',2,'0.869','0.426','7','-8.187','1','0.202','0.00255','0.534','0.113','0.457','127.059','224107','4'),(641,'One of Those Nights',256,'2017-09-03','english',329,'0.756','0.595','1','-6.924','1','0.0333','0.0302','0.00000198','0.146','0.0681','130.031','256933','4'),(642,'Get Lucky - Daft Pun',632,'2017-01-17','english',339,'0.821','0.793','6','-9.003','0','0.0391','0.0267','0.0000137','0.0751','0.91','116.009','632693','4'),(643,'No Way Back',297,'2017-04-28','english',707,'0.806','0.772','6','-14.369','1','0.0856','0.000891','0.864','0.101','0.436','125.325','297907','4'),(644,'Ride The Rhythm',420,'2017-08-01','english',1218,'0.702','0.504','9','-16.794','1','0.342','0.152','0.00000511','0.22','0.794','121.374','420107','4'),(645,'Move Your Body - Ext',282,'2017-01-20','english',69,'0.646','0.929','2','-1.501','1','0.194','0.0956','0.00000112','0.159','0.229','128.995','282791','4'),(646,'Rockin\' In The Free ',281,'2017-08-17','english',592,'0.491','0.883','4','-4.986','0','0.0306','0.000736','0.0000319','0.369','0.516','131.75','281853','4'),(647,'Feels Like We Only G',192,'2017-01-30','english',151,'0.291','0.901','2','-2.327','0','0.0563','0.028','0.627','0.116','0.511','150.052','192960','4'),(648,'Half Full Glass of W',266,'2017-08-19','english',279,'0.683','0.776','0','-7.029','1','0.0754','0.274','0.0748','0.0885','0.667','126.18','266173','4'),(649,'Bubble Butt [Radio M',207,'2017-01-06','english',943,'0.799','0.605','7','-10.011','1','0.286','0.00845','0.0143','0.485','0.378','194.055','207843','4'),(650,'Wop (Official Versio',230,'2017-04-17','english',1276,'0.836','0.817','7','-5.672','1','0.0677','0.00968','0','0.114','0.658','112.007','230627','4'),(651,'Don’t Drop That Thun',202,'2017-07-08','english',952,'0.931','0.415','7','-8.491','1','0.293','0.0613','0','0.059','0.614','97.995','202199','4'),(652,'Give It Away',284,'2017-10-25','english',932,'0.683','0.989','9','-2.092','0','0.0616','0.00579','0.00108','0.0964','0.78','91.558','284267','4'),(653,'Wakin on a Pretty Da',570,'2017-08-18','english',501,'0.379','0.782','11','-8.163','1','0.0358','0.0472','0.748','0.265','0.529','101.698','570733','4'),(654,'Hulk (Dillon Francis',227,'2017-10-25','english',1011,'0.771','0.949','8','-4.712','1','0.175','0.000289','0.602','0.595','0.372','111.959','227143','4'),(655,'Dill the Noise',295,'2017-04-17','english',949,'0.695','0.792','9','-4.595','0','0.0328','0.000183','0.439','0.0638','0.424','112.008','295714','4'),(656,'Dead Sound',212,'2017-02-12','english',411,'0.375','0.804','7','-5.673','0','0.0372','0.000258','0.694','0.322','0.394','154.066','212947','4'),(657,'Rvtchet Bitch',164,'2017-10-23','english',510,'0.421','0.8','11','-5.85','1','0.303','0.00533','0.332','0.381','0.0951','189.935','164289','4'),(658,'Swing',217,'2017-10-25','english',14,'0.886','0.474','1','-8.045','0','0.274','0.0216','0','0.088','0.823','150.068','217893','4'),(659,'You & Me - Baauer Re',242,'2017-10-01','english',1140,'0.65','0.985','6','-3.406','0','0.133','0.0597','0.325','0.36','0.667','153.009','242056','4'),(660,'Next Order',285,'2017-05-30','english',459,'0.76','0.944','6','-3.793','0','0.0733','0.0155','0.85','0.363','0.294','123.985','285651','4'),(661,'It\'s You',180,'2016-11-26','english',174,'0.824','0.883','0','-2.715','1','0.108','0.0645','0.0707','0.409','0.846','127.989','180107','4'),(662,'m.A.A.d city',350,'2017-05-26','english',791,'0.482','0.72','2','-6.812','1','0.271','0.0553','0.00000207','0.461','0.222','90.999','350120','4'),(663,'Bounce It',263,'2017-05-25','english',831,'0.786','0.604','6','-8.372','1','0.0614','0.00778','0','0.102','0.502','140.054','263120','4'),(664,'Pu$$y Magnet (feat. ',139,'2017-11-18','english',485,'0.853','0.578','10','-4.897','0','0.2','0.00842','0','0.095','0.566','98.027','139240','4'),(665,'Fashion Killa',236,'2017-04-28','english',1230,'0.794','0.82','11','-5.214','1','0.152','0.315','0','0.531','0.821','140.042','236280','4'),(666,'I Wanna Be With You',251,'2017-01-28','english',797,'0.725','0.661','7','-3.903','1','0.131','0.114','0','0.291','0.432','127.82','251333','4'),(667,'Gas Pedal (feat. Iam',207,'2017-07-07','english',291,'0.854','0.46','10','-9.71','0','0.14','0.025','0','0.128','0.492','97.512','207264','4'),(668,'Red Nose',198,'2017-06-15','english',364,'0.862','0.364','11','-9.727','0','0.137','0.436','0','0.0688','0.766','97.51','198531','4'),(669,'U.O.E.N.O. Remix (fe',262,'2017-10-30','english',949,'0.432','0.703','10','-3.845','0','0.332','0.461','0','0.779','0.675','187.302','262857','3'),(670,'VERSACE',246,'2016-11-23','english',1052,'0.847','0.713','6','-3.89','0','0.241','0.0235','0','0.331','0.338','132.063','246100','4'),(671,'Strictly 4 My Jeeps',165,'2017-02-03','english',1110,'0.654','0.794','1','-4.307','1','0.322','0.444','0','0.127','0.464','96.973','165432','4'),(672,'The Giver - Original',389,'2017-11-18','english',1094,'0.701','0.914','7','-4.463','1','0.129','0.000134','0.000137','0.169','0.372','123.966','389493','4'),(673,'Lean & Bounce',310,'2017-03-28','english',840,'0.844','0.728','11','-6.805','0','0.0582','0.00264','0.865','0.0544','0.635','124.297','310334','4'),(674,'Swishas and Dosha - ',311,'2017-08-24','english',916,'0.582','0.884','8','-5.635','0','0.166','0.155','0','0.0725','0.67','150.195','311093','4'),(675,'Players Anthem',172,'2017-08-15','english',763,'0.697','0.682','7','-9.022','1','0.219','0.0352','0','0.664','0.672','155.742','172760','4'),(676,'Hold On, We\'re Going',227,'2017-04-09','english',1063,'0.766','0.453','6','-6.651','0','0.067','0.003','0.0000349','0.0923','0.346','100.002','227027','4'),(677,'Living',188,'2017-08-09','english',428,'0.872','0.541','5','-5.911','1','0.103','0.426','0.000789','0.132','0.653','95.971','188347','4'),(678,'Taylor Gang - Bonus ',335,'2017-04-26','english',251,'0.621','0.813','6','-3.59','0','0.158','0.0152','0','0.691','0.524','141.91','335156','4'),(679,'I\'m A Martian',205,'2017-11-18','english',1271,'0.675','0.617','10','-7.74','1','0.256','0.311','0','0.19','0.508','140.124','205740','4'),(680,'The Drop',229,'2017-07-23','english',399,'0.689','0.879','0','-4.03','0','0.0978','0.104','0.0376','0.49','0.544','170.036','229853','4'),(681,'Drippin',160,'2017-04-01','english',784,'0.63','0.664','9','-7.245','1','0.172','0.011','0.082','0.105','0.231','179.955','160858','4'),(682,'Heaven',296,'2017-09-03','english',123,'0.514','0.75','2','-7.847','1','0.028','0.00246','0.0285','0.139','0.551','86.018','296400','4'),(683,'I Need You',222,'2017-09-24','english',862,'0.599','0.677','11','-6.328','1','0.0314','0.0557','0.00018','0.434','0.108','126.012','222160','4'),(684,'From Nowhere',197,'2017-09-27','english',39,'0.64','0.888','1','-5.251','0','0.169','0.0281','0.0000801','0.0584','0.664','87.93','197120','4'),(685,'I Follow Rivers',228,'2017-08-11','english',207,'0.599','0.533','9','-14.032','0','0.0472','0.475','0.00153','0.235','0.609','122.262','228467','4'),(686,'L\'Amour Parfait',234,'2016-12-08','english',920,'0.667','0.901','9','-3.719','0','0.0275','0.356','0.00393','0.0774','0.824','140.026','234994','4'),(687,'Northern Lights',214,'2016-12-16','english',79,'0.742','0.77','10','-6.339','0','0.0514','0.109','0.0239','0.104','0.687','96.988','214693','4'),(688,'Shabba',281,'2017-02-03','english',235,'0.874','0.704','9','-6.27','1','0.102','0.0938','0','0.409','0.444','119.954','281373','4'),(689,'Work',178,'2017-09-10','english',936,'0.726','0.834','10','-5.564','1','0.0565','0.152','0.683','0.0845','0.574','130.04','178507','4'),(690,'Work REMIX',285,'2017-04-15','english',74,'0.834','0.732','1','-5.121','1','0.138','0.0247','0','0.112','0.308','130.011','285947','4'),(691,'The Way We Are',252,'2017-06-21','english',160,'0.712','0.865','1','-6.411','1','0.083','0.00469','0.0412','0.121','0.831','113.015','252313','4'),(692,'U.O.E.N.O. (feat. Ri',260,'2017-08-06','english',580,'0.422','0.641','10','-4.947','0','0.323','0.422','0','0.317','0.668','187.027','260276','3'),(693,'Now You Do',182,'2017-09-06','english',1119,'0.651','0.773','6','-6.855','0','0.262','0.268','0','0.172','0.418','129.882','182384','4'),(694,'Holding On - Jerome ',294,'2017-09-18','english',1255,'0.728','0.77','10','-4.945','0','0.0426','0.00142','0.229','0.603','0.668','108.991','294011','4'),(695,'Music Is the Answer ',849,'2017-08-22','english',319,'0.907','0.643','1','-8.657','0','0.0549','0.0296','0.0265','0.105','0.363','124.909','849960','4'),(696,'Test Me - UZ Remix',233,'2017-02-28','english',429,'0.855','0.898','7','-3.863','1','0.061','0.00255','0.0000295','0.0563','0.525','135.965','233272','4'),(697,'Test Me',215,'2016-12-28','english',1186,'0.769','0.792','7','-4.086','1','0.111','0.000901','0','0.385','0.323','136.021','215294','4'),(698,'No New Friends - SFT',307,'2017-07-30','english',742,'0.7','0.675','2','-6.362','1','0.149','0.00525','0','0.657','0.227','124.882','307467','4'),(699,'R.I.P.',199,'2017-01-08','english',151,'0.825','0.489','11','-9.32','1','0.263','0.0215','0','0.111','0.424','96.99','199973','4'),(700,'Baby Blue',216,'2017-06-25','english',1127,'0.607','0.913','11','-6.822','1','0.069','0.015','0.118','0.164','0.517','124.677','216453','4'),(701,'Dip',211,'2017-06-11','english',1285,'0.751','0.882','1','-5.605','1','0.0819','0.0193','0','0.15','0.657','140.103','211825','4'),(702,'25 Bucks [feat. Puri',210,'2017-11-18','english',442,'0.723','0.848','5','-7.11','1','0.0833','0.32','0','0.144','0.261','116.021','210880','4'),(703,'Fascism',299,'2017-03-10','english',955,'0.626','0.888','9','-4.981','0','0.0461','0.00152','0.0551','0.243','0.728','126.976','299383','4'),(704,'Marc Jacobs',259,'2017-05-27','english',849,'0.743','0.633','9','-8.224','1','0.235','0.00723','0','0.246','0.398','85.041','259683','4'),(705,'One Of Us - Original',437,'2017-07-20','english',77,'0.752','0.767','5','-8.022','0','0.0469','0.224','0.931','0.0833','0.564','117.973','437293','4'),(706,'Can We Go Up?',214,'2017-08-26','english',440,'0.66','0.763','4','-6.832','0','0.0636','0.000768','0.0389','0.0637','0.661','137.932','214636','4'),(707,'This Lonely Morning',162,'2017-09-16','english',670,'0.211','0.963','7','-4.061','1','0.118','0.00144','0.000732','0.162','0.395','128.113','162436','3'),(708,'Time Has Come Today',290,'2017-09-11','english',727,'0.528','0.514','2','-11.909','1','0.133','0.0252','0.0894','0.0725','0.428','122.872','290933','4'),(709,'Sad Eyes',207,'2017-06-17','english',325,'0.442','0.797','1','-7.352','1','0.0349','0.0000491','0.293','0.0749','0.274','135.018','207027','4'),(710,'Wearing My Rolex - R',170,'2017-04-26','english',746,'0.876','0.716','1','-6.884','1','0.135','0.0468','0.000482','0.0667','0.758','131.942','170480','4'),(711,'Need U (100%) [feat.',174,'2017-04-23','english',151,'0.67','0.848','0','-5.103','0','0.0537','0.00174','0.00168','0.385','0.46','124.029','174122','4'),(712,'Stoned and Starving',311,'2017-09-14','english',1120,'0.237','0.89','5','-7.445','1','0.0599','0.268','0.843','0.122','0.308','169.792','311680','4'),(713,'Reflektor',453,'2017-09-10','english',1243,'0.59','0.721','11','-8.32','0','0.0317','0.0438','0.0155','0.352','0.663','111.524','453949','4'),(714,'Jack',183,'2017-06-17','english',258,'0.907','0.616','6','-7.073','0','0.0577','0.000334','0.425','0.11','0.614','124.036','183581','4'),(715,'Tennis Court',198,'2017-05-01','english',158,'0.764','0.547','0','-8.6','1','0.0576','0.0175','0.000161','0.23','0.404','89.993','198907','4'),(716,'Primetime (feat. Mig',280,'2017-05-18','english',16,'0.667','0.465','8','-8.096','1','0.0339','0.0426','0.00649','0.465','0.338','123.883','280080','4'),(717,'Hold On, We\'re Going',227,'2016-12-30','english',904,'0.772','0.407','6','-7.442','0','0.0907','0.00349','0.000024','0.0705','0.287','100.006','227880','4'),(718,'Hannah Hunt',237,'2016-12-16','english',572,'0.345','0.313','4','-10.098','1','0.0681','0.717','0.000822','0.1','0.166','207.969','237973','4'),(719,'Latch',255,'2016-11-29','english',149,'0.502','0.732','1','-5.45','1','0.168','0.0151','0.000119','0.0897','0.529','122.025','255632','4'),(720,'Play by Play',313,'2017-10-17','english',328,'0.35','0.844','1','-4.161','0','0.0438','0.03','0','0.177','0.107','114.64','313707','4'),(721,'I Blame Myself',237,'2017-05-01','english',1194,'0.69','0.737','1','-4.123','1','0.0363','0.344','0','0.243','0.821','115.02','237040','4'),(722,'Sunday',205,'2017-05-20','english',1086,'0.716','0.568','2','-8.904','1','0.212','0.278','0.00000198','0.385','0.915','136.894','205800','4'),(723,'Step',251,'2017-01-10','english',546,'0.624','0.724','10','-7.113','1','0.101','0.591','0.00000779','0.101','0.62','78.008','251627','4'),(724,'You\'re Not Good Enou',261,'2017-02-03','english',771,'0.74','0.798','0','-6.55','1','0.146','0.189','0.00128','0.305','0.574','119.964','261360','4'),(725,'Strandbar (disko)',527,'2017-06-27','english',919,'0.81','0.949','2','-8.732','1','0.0428','0.0543','0.957','0.155','0.778','121.971','527705','4'),(726,'Open',217,'2017-04-05','english',979,'0.574','0.324','0','-10.993','1','0.0307','0.886','0.0817','0.28','0.226','91.007','217053','4'),(727,'Falling',257,'2016-12-14','english',839,'0.741','0.894','2','-5.648','1','0.069','0.076','0.0000489','0.0835','0.31','111.969','257733','4'),(728,'White Noise',277,'2017-01-30','english',1256,'0.667','0.848','10','-6.164','0','0.05','0.00963','0.000213','0.317','0.895','119.975','277688','4'),(729,'Bumpy Road',377,'2017-08-30','english',1165,'0.122','0.913','11','-5.815','0','0.0499','0.000195','0.713','0.269','0.0957','185.906','377177','4'),(730,'Shabba',275,'2017-03-02','english',756,'0.869','0.712','9','-6.136','1','0.103','0.0715','0','0.272','0.458','120','275867','4'),(731,'Work REMIX',283,'2016-12-15','english',285,'0.841','0.733','1','-5.077','1','0.142','0.0246','0','0.174','0.291','130.009','283693','4'),(732,'Dope',224,'2017-05-21','english',458,'0.816','0.543','0','-6.923','1','0.238','0.0116','0','0.13','0.373','95.04','224853','4'),(733,'Here Comes The Night',171,'2017-03-03','english',132,'0.288','0.394','7','-14.352','1','0.0399','0.649','0.712','0.145','0.0733','151.632','171620','3'),(734,'Warm In The Winter',405,'2017-10-16','english',587,'0.57','0.742','6','-12.475','1','0.0366','0.0392','0.177','0.0993','0.039','127.193','405213','4'),(735,'Don\'t Let It Get to ',442,'2017-07-21','english',1240,'0.807','0.634','11','-9.035','1','0.0727','0.00626','0.0288','0.0442','0.674','94.242','442213','4'),(736,'We Fall Down',224,'2017-07-02','english',535,'0.656','0.787','8','-5.01','1','0.043','0.0086','0.0923','0.376','0.0933','94.495','224286','4'),(737,'R U With Me',264,'2016-12-11','english',258,'0.333','0.789','6','-5.784','1','0.0782','0.0152','0','0.0639','0.338','82.66','264384','4'),(738,'Blue Hawaii',224,'2017-05-01','english',983,'0.652','0.744','7','-4.098','0','0.0378','0.064','0.0000287','0.342','0.488','123.006','224685','4'),(739,'Razor',218,'2016-12-05','english',239,'0.771','0.857','8','-6.114','0','0.102','0.000986','0.0161','0.323','0.66','108.03','218356','4'),(740,'Stay',240,'2017-10-04','english',845,'0.619','0.324','9','-10.146','0','0.0271','0.949','0.0000542','0.114','0.0968','111.927','240707','4'),(741,'The Sound Of San Fra',224,'2017-02-10','english',908,'0.701','0.829','6','-5.749','0','0.0513','0.000483','0.00223','0.14','0.501','132.349','224200','4'),(742,'Sunshine Of Your Lov',250,'2017-05-22','english',704,'0.683','0.478','2','-12.501','1','0.0356','0.503','0.0000526','0.113','0.771','115.121','250653','4'),(743,'Somebody to Love',180,'2017-09-17','english',795,'0.507','0.63','4','-8.746','1','0.0355','0.364','0.0127','0.293','0.559','130.141','180000','4'),(744,'San Francisco (Be Su',178,'2017-06-30','english',564,'0.529','0.645','7','-8.158','1','0.0265','0.514','0.00821','0.113','0.464','112.575','178507','4'),(745,'White Rabbit',155,'2017-06-15','english',434,'0.561','0.329','2','-12.68','1','0.0282','0.351','0.0311','0.116','0.297','105.029','155040','4'),(746,'Pleasure Power (DJ S',352,'2017-11-21','english',478,'0.827','0.462','8','-10.673','1','0.0623','0.000294','0.543','0.0886','0.341','123.994','352341','4'),(747,'Bound 2',229,'2017-03-10','english',1086,'0.359','0.662','1','-2.843','1','0.0466','0.134','0','0.0907','0.296','152.096','229147','4'),(748,'Drunk in Love',323,'2017-05-18','english',97,'0.589','0.621','5','-6.902','0','0.0468','0.00969','0.00104','0.181','0.398','140.03','323480','4'),(749,'Viol - Original Mix',343,'2017-06-06','english',1128,'0.597','0.839','7','-6.964','1','0.0377','0.0000759','0.825','0.55','0.199','108.993','343878','4'),(750,'Good Mistake',256,'2017-02-16','english',146,'0.677','0.64','11','-6.408','0','0.0428','0.00778','0.477','0.093','0.912','110.639','256133','4'),(751,'Runaway',260,'2017-06-14','english',1248,'0.556','0.722','9','-9.541','1','0.0475','0.0261','0.0163','0.166','0.508','130.028','260147','4'),(752,'Fall In Love',223,'2016-12-22','english',601,'0.348','0.856','2','-3.216','0','0.0979','0.0416','0','0.203','0.261','188.046','223227','4'),(753,'You’re Not The One',235,'2017-08-19','english',561,'0.468','0.971','1','-3.382','0','0.0609','0.00207','0.00329','0.146','0.814','92.003','235920','4'),(754,'Sacrilege',230,'2017-05-03','english',1002,'0.529','0.95','9','-3.446','1','0.056','0.162','0.00199','0.616','0.456','119.964','230213','4'),(755,'Collard Greens',299,'2016-11-23','english',726,'0.824','0.572','11','-4.868','1','0.0652','0.0233','0.00000819','0.208','0.669','153.977','299960','4'),(756,'Hell Of A Night',272,'2017-07-27','english',624,'0.645','0.836','2','-7.23','0','0.159','0.37','0','0.125','0.176','123.966','272453','4'),(757,'1977',201,'2017-04-07','english',941,'0.683','0.692','9','-7.189','0','0.0396','0.00392','0.000441','0.105','0.593','103.848','201987','4'),(758,'Latino & Proud',220,'2017-09-22','english',231,'0.85','0.534','1','-5.278','1','0.322','0.14','0.000893','0.313','0.963','98.004','220347','4'),(759,'Move That Dope',342,'2016-12-07','english',934,'0.868','0.627','1','-4.843','0','0.116','0.0796','0','0.0983','0.314','131.097','342773','4'),(760,'Slasherr',218,'2017-08-07','english',75,'0.702','0.74','5','-5.949','0','0.173','0.00135','0.896','0.0481','0.583','145.05','218483','4'),(761,'Outlines',227,'2017-04-21','english',173,'0.741','0.449','5','-6.621','1','0.0583','0.858','0.000522','0.133','0.444','95.108','227627','4'),(762,'Platoon',190,'2017-10-30','english',641,'0.655','0.704','0','-10.341','0','0.0413','0.464','0.877','0.134','0.696','99.96','190330','4'),(763,'Man Of The Year',216,'2017-05-06','english',83,'0.749','0.857','3','-5.24','1','0.0435','0.00539','0','0.192','0.355','111.906','216013','4'),(764,'Spacer Woman - Vocal',449,'2017-05-05','english',1091,'0.742','0.965','1','-8.291','0','0.0538','0.00011','0.607','0.0703','0.391','123.04','449499','4'),(765,'Nobody Else - Origin',445,'2017-10-12','english',6,'0.805','0.79','0','-7.93','1','0.0577','0.000595','0.889','0.0296','0.533','122.994','445417','4'),(766,'Stoner',240,'2016-12-23','english',657,'0.876','0.675','3','-3.28','0','0.146','0.421','0.00000116','0.0667','0.618','135.959','240000','4'),(767,'Elevate',308,'2017-08-26','english',666,'0.541','0.982','2','-4.908','1','0.107','0.00767','0.000765','0.291','0.721','104.03','308360','4'),(768,'Independent - House ',223,'2017-06-08','english',60,'0.857','0.981','8','-4.223','1','0.12','0.112','0.000157','0.0875','0.709','148.009','223784','4'),(769,'Au Seve',393,'2017-04-29','english',899,'0.771','0.963','11','-7.294','1','0.0363','0.000518','0.901','0.147','0.591','124','393387','4'),(770,'Synchronize',387,'2017-06-06','english',415,'0.761','0.478','4','-7.437','0','0.0545','0.0235','0.00972','0.0458','0.948','118.925','387774','4'),(771,'Don\'t Miss',285,'2017-04-12','english',677,'0.805','0.879','6','-5.747','1','0.0521','0.00204','0.595','0.0578','0.713','123.013','285015','4'),(772,'Coucou disco',295,'2017-03-18','english',841,'0.682','0.953','11','-3.873','0','0.0474','0.00118','0.622','0.256','0.324','124.996','295020','4'),(773,'Vowel Play - Origina',315,'2017-04-28','english',871,'0.801','0.718','0','-6.246','1','0.0746','0.000725','0.91','0.0747','0.817','123.999','315001','4'),(774,'The Devil Is A Lie',311,'2017-02-01','english',533,'0.661','0.837','5','-3.78','0','0.114','0.00188','0','0.362','0.615','102.831','311920','4'),(775,'North North',194,'2017-07-28','english',53,'0.895','0.783','6','-4.983','1','0.102','0.0454','0','0.137','0.696','147.65','194133','4'),(776,'Temporary View',206,'2017-09-16','english',1266,'0.706','0.707','0','-5.212','0','0.0351','0.548','0.000313','0.1','0.246','144.877','206148','4'),(777,'III. Telegraph Ave. ',210,'2016-12-06','english',970,'0.516','0.718','5','-8.571','0','0.257','0.15','0.0163','0.167','0.58','129.857','210680','4'),(778,'Accelerate',184,'2017-08-20','english',1049,'0.653','0.781','0','-7.433','1','0.0376','0.106','0.568','0.596','0.49','101.029','184538','4'),(779,'0 To 100 / The Catch',275,'2017-06-29','english',1037,'0.707','0.709','11','-3.979','0','0.34','0.763','0','0.274','0.497','89.094','275227','4'),(780,'Hot N*gga',194,'2017-08-28','english',739,'0.794','0.51','9','-7.314','1','0.42','0.0505','0.00000181','0.0562','0.189','167.879','194561','4'),(781,'You\'ll Never Walk Al',160,'2016-11-29','english',580,'0.484','0.265','0','-11.101','1','0.0322','0.394','0','0.149','0.282','113.564','160187','3'),(782,'Your Soul',324,'2017-09-13','english',685,'0.487','0.68','7','-8.497','0','0.0408','0.000599','0.0339','0.144','0.076','94.46','324807','3'),(783,'dance yrself clean -',588,'2017-11-16','english',385,'0.6','0.811','8','-10.199','0','0.102','0.0126','0.05','0.969','0.372','100.894','588520','4'),(784,'Running Up That Hill',303,'2017-05-19','english',1171,'0.628','0.575','10','-11.591','0','0.0588','0.713','0.00233','0.0635','0.182','108.166','303560','4'),(785,'High Ball Stepper',230,'2017-05-20','english',796,'0.227','0.635','7','-9.169','1','0.0754','0.0323','0.125','0.117','0.36','170.179','230373','4'),(786,'The Great Gig In The',283,'2017-11-15','english',467,'0.275','0.216','5','-13.818','1','0.0345','0.768','0.897','0.0832','0.176','116.388','283872','4'),(787,'All We Need (feat. S',211,'2017-04-29','english',1246,'0.644','0.848','4','-4.952','0','0.0511','0.00416','0.0168','0.0629','0.302','99.989','211200','4'),(788,'Catamaran',212,'2017-02-12','english',928,'0.564','0.846','4','-5.897','0','0.0437','0.00692','0.00175','0.0452','0.695','122.035','212986','4'),(789,'Fool',235,'2017-09-17','english',904,'0.277','0.29','1','-8.541','1','0.0332','0.712','0.0459','0.228','0.0576','71.302','235747','4'),(790,'Bulbform',291,'2017-04-26','english',434,'0.609','0.909','5','-7.302','0','0.0921','0.296','0.0785','0.262','0.416','114.019','291092','4'),(791,'Passing Out Pieces',167,'2017-07-20','english',758,'0.417','0.73','5','-6.774','1','0.0363','0.000563','0.00000331','0.0766','0.44','81.179','167091','4'),(792,'Tuesday',212,'2016-11-27','english',1187,'0.784','0.649','0','-6.905','1','0.292','0.36','0.000684','0.115','0.503','140.203','212154','4'),(793,'Drop Dead Baby',149,'2016-12-27','english',1062,'0.289','0.942','2','-3.207','1','0.0519','0.0674','0.917','0.405','0.302','137.281','149013','4'),(794,'My Sunshine',155,'2017-04-29','english',449,'0.313','0.893','11','-3.891','0','0.0463','0.00342','0','0.0877','0.709','127.11','155013','4'),(795,'BIG Fun - Full Inten',426,'2017-10-09','english',358,'0.803','0.769','6','-7.025','1','0.0561','0.000588','0.9','0.0683','0.17','122.992','426850','4'),(796,'Natty Dread A Weh Sh',232,'2016-12-28','english',440,'0.895','0.517','2','-9.972','1','0.101','0.0421','0.00000972','0.0511','0.961','141.536','232533','4'),(797,'DLZ',228,'2017-09-27','english',1127,'0.598','0.885','8','-3.992','0','0.0383','0.0326','0.00265','0.107','0.593','87.914','228707','4'),(798,'Whatcha Gonna Do',258,'2017-10-30','english',416,'0.749','0.855','1','-10.105','1','0.406','0.123','0.164','0.329','0.61','128.339','258773','4'),(799,'18 With A Bullet',252,'2017-01-15','english',1296,'0.758','0.629','7','-8.283','0','0.106','0.0625','0.000144','0.109','0.26','112.575','252333','3'),(800,'The Boss',190,'2017-10-26','english',33,'0.746','0.484','1','-9.614','1','0.0434','0.602','0.00824','0.0576','0.596','97.923','190733','4'),(801,'Drifting In And Out',194,'2017-01-30','english',176,'0.191','0.979','7','-3.402','1','0.191','0.00234','0.283','0.617','0.313','179.236','194400','4'),(802,'Made Me',194,'2017-01-19','english',781,'0.856','0.719','10','-6.519','0','0.0746','0.0389','0.00000903','0.0935','0.369','146.032','194747','4'),(803,'Way to be Loved',263,'2017-02-14','english',775,'0.583','0.515','11','-9.283','0','0.0571','0.605','0.000691','0.0931','0.621','115.732','263397','4'),(804,'Just Wanna Love You ',82,'2017-07-25','english',231,'0.22','0.94','0','-2.397','1','0.0511','0.00042','0.000541','0.0926','0.72','83.072','82893','4'),(805,'Be Brave',178,'2017-07-23','english',132,'0.535','0.91','10','-4.827','1','0.0328','0.464','0.0000932','0.0745','0.956','111.027','178867','4'),(806,'Tupelo (Pt. 1) - Sin',175,'2017-03-14','english',1264,'0.722','0.28','10','-13.483','0','0.0583','0.619','0.0786','0.141','0.466','66.711','175867','4'),(807,'Candyman',229,'2017-06-08','english',725,'0.747','0.894','1','-5.226','1','0.0961','0.0758','0.897','0.0918','0.57','90.493','229640','4'),(808,'Somebody Was Watchin',247,'2017-09-07','english',1133,'0.63','0.374','5','-11.305','1','0.177','0.565','0.00146','0.107','0.573','166.999','247293','4'),(809,'Tupelo - Part 1',174,'2017-03-24','english',888,'0.508','0.247','0','-15.432','0','0.0748','0.615','0.0352','0.166','0.484','200.749','174067','3'),(810,'Tupelo',360,'2017-03-07','english',1042,'0.54','0.21','0','-18.687','0','0.0461','0.207','0.0765','0.334','0.411','103.081','360867','3'),(811,'Damn Son, Where\'d Yo',216,'2017-04-29','english',1245,'0.665','0.513','0','-7.314','1','0.331','0.114','0.303','0.122','0.0373','100.344','216728','3'),(812,'I\'m in LOVE With GO-',286,'2017-03-13','english',496,'0.51','0.603','9','-6.949','0','0.174','0.00884','0.286','0.0569','0.094','139.876','286290','4'),(813,'Damn Son Where\'d You',216,'2017-02-11','english',47,'0.665','0.513','0','-7.314','1','0.331','0.114','0.303','0.122','0.0373','100.344','216728','3'),(814,'Work - The Advent & ',369,'2017-02-02','english',48,'0.647','0.793','3','-7.416','0','0.0454','0.000321','0.833','0.401','0.188','130.007','369235','4'),(815,'Mannish Boy',175,'2017-03-17','english',96,'0.649','0.406','2','-10.43','1','0.0803','0.612','0','0.103','0.478','110.091','175733','3'),(816,'Holding On',315,'2017-11-17','english',336,'0.683','0.805','5','-5.24','1','0.353','0.172','0.000231','0.357','0.836','123.658','315094','4'),(817,'Mozart: Requiem in D',175,'2017-11-15','english',93,'0.148','0.031','2','-25.756','0','0.0365','0.99','0.595','0.12','0.0638','141.84','175173','3'),(818,'My Main',165,'2017-11-02','english',755,'0.873','0.504','0','-5.39','1','0.166','0.227','0','0.121','0.647','145.995','165544','4'),(819,'Southern Man - Live',825,'2017-09-03','english',897,'0.376','0.801','2','-10.662','0','0.0474','0.00497','0.149','0.683','0.807','152.826','825027','4'),(820,'Won\'t Look Back',203,'2016-12-18','english',919,'0.523','0.863','8','-4.975','0','0.0553','0.0113','0.204','0.113','0.428','124.046','203046','4'),(821,'Chrome Knight - Feat',214,'2016-11-25','english',603,'0.586','0.892','11','-4.937','0','0.0574','0.0226','0.00827','0.17','0.523','132.048','214227','4'),(822,'Black Boy',202,'2017-09-18','english',257,'0.827','0.503','1','-11.007','1','0.0352','0.666','0.443','0.123','0.94','119.35','202360','4'),(823,'Give Me The Sunshine',382,'2016-12-25','english',777,'0.589','0.616','5','-9.475','0','0.0312','0.11','0.204','0.0721','0.869','96.616','382733','4'),(824,'Motherless Child',311,'2017-11-16','english',512,'0.702','0.495','0','-11.645','0','0.0493','0.391','0.8','0.112','0.292','78.507','311892','4'),(825,'Giudecca',252,'2017-07-14','english',227,'0.582','0.875','0','-6.912','1','0.0513','0.0975','0.912','0.143','0.358','113.036','252038','4'),(826,'Living Every Dream',293,'2017-02-25','english',901,'0.374','0.853','11','-3.571','0','0.295','0.0169','0.0000272','0.322','0.422','200.035','293851','4'),(827,'Easy Rider',259,'2017-04-06','english',1221,'0.422','0.851','11','-4.031','1','0.0398','0.0339','0','0.152','0.667','93.649','259301','4'),(828,'Nissim',271,'2016-12-17','english',802,'0.474','0.837','5','-6.503','1','0.0514','0.127','0.0197','0.169','0.243','165.844','271822','4'),(829,'Topless',178,'2017-02-15','english',348,'0.61','0.672','7','-7.436','0','0.305','0.13','0.00283','0.109','0.925','129.986','178560','4'),(830,'Breakthrough',207,'2017-11-05','english',631,'0.571','0.836','10','-6.906','0','0.215','0.597','0.0108','0.106','0.54','93.641','207360','4'),(831,'Stand Up - Tiger & W',451,'2016-12-16','english',812,'0.802','0.872','5','-6.346','0','0.0557','0.0672','0.0197','0.0941','0.68','117.005','451341','4'),(832,'Blow a Bag',194,'2017-05-13','english',865,'0.793','0.607','4','-6.488','0','0.0821','0.218','0.00000495','0.348','0.16','140.992','194240','4'),(833,'Ain\'t got nobody',328,'2017-01-18','english',587,'0.846','0.472','0','-9.13','0','0.0662','0.0319','0.0398','0.1','0.671','124.984','328962','4'),(834,'I Want\'a Do Somethin',302,'2017-04-06','english',342,'0.575','0.641','6','-8.105','0','0.0325','0.269','0.0121','0.211','0.901','91.714','302987','4'),(835,'I Got a Feeling',484,'2017-04-08','english',1250,'0.787','0.916','0','-8.542','0','0.047','0.000997','0.811','0.0588','0.507','116.007','484853','4'),(836,'Standard',218,'2017-08-28','english',22,'0.614','0.575','5','-5.819','0','0.0285','0.304','0.0116','0.108','0.284','150.009','218413','4'),(837,'What I Might Do - Cl',389,'2017-08-04','english',260,'0.835','0.481','8','-9.606','1','0.136','0.103','0.81','0.113','0.304','121.993','389508','4'),(838,'Let\'s Lovedance Toni',398,'2017-02-03','english',1234,'0.696','0.852','4','-4.281','0','0.0373','0.201','0.00125','0.0736','0.971','128.28','398747','4'),(839,'Do You Love Me',172,'2017-10-16','english',189,'0.597','0.71','5','-9.798','1','0.0378','0.611','0','0.104','0.767','150.13','172667','4'),(840,'Too Bad I Have To De',377,'2017-10-16','english',1142,'0.609','0.664','7','-9.116','0','0.0472','0.0185','0.0195','0.105','0.0944','105.976','377893','4'),(841,'Louie Louie',176,'2017-09-05','english',1244,'0.571','0.839','3','-5.799','0','0.0517','0.737','0.0281','0.195','0.813','127.356','176800','4'),(842,'Heart Full of Soul',147,'2017-02-17','english',192,'0.494','0.666','9','-9.743','0','0.0351','0.229','0.0000569','0.0469','0.704','140.832','147893','4'),(843,'For Your Love',150,'2017-09-23','english',1126,'0.347','0.638','2','-10.258','1','0.0409','0.236','0','0.0894','0.594','94.506','150627','4'),(844,'Sunshine Of Your Lov',250,'2017-05-06','english',1155,'0.684','0.486','2','-12.521','1','0.0385','0.436','0.0000977','0.12','0.821','115.076','250000','4'),(845,'Taifa - The Emperor ',520,'2017-08-27','english',1098,'0.787','0.679','7','-12.377','1','0.0534','0.000641','0.912','0.0618','0.214','117.501','520311','3'),(846,'Taifa',502,'2017-05-05','english',725,'0.696','0.643','7','-10.124','1','0.0407','0.00254','0.834','0.276','0.537','117.514','502888','4'),(847,'Make It',376,'2017-11-05','english',329,'0.894','0.676','8','-9.707','1','0.0979','0.0043','0.348','0.425','0.715','121','376000','4'),(848,'Face It',418,'2017-04-27','english',770,'0.81','0.547','10','-12.295','0','0.0558','0.00524','0.854','0.101','0.817','120.752','418187','4'),(849,'Mary-Mary (M&M Unrel',257,'2017-02-28','english',260,'0.739','0.878','6','-5.464','0','0.0788','0.0263','0.407','0.0477','0.855','126.705','257600','4'),(850,'Supernature - Edit',262,'2016-12-14','english',293,'0.641','0.954','5','-6.765','0','0.0589','0.000173','0.425','0.0535','0.827','122.79','262000','4'),(851,'I\'ll Be Good',321,'2017-05-20','english',683,'0.829','0.65','10','-9.691','1','0.06','0.136','0.0000215','0.15','0.744','108.398','321067','4'),(852,'Defected In The Hous',318,'2017-03-01','english',1237,'0.777','0.671','11','-7.803','0','0.0386','0.00479','0.0244','0.286','0.482','123.974','318470','4'),(853,'A Day In The Life - ',336,'2017-10-10','english',235,'0.567','0.851','1','-5.897','1','0.484','0.271','0','0.569','0.598','80.935','336800','4'),(854,'Episode I - Duel of ',254,'2017-06-27','english',63,'0.44','0.433','2','-17.453','0','0.0412','0.934','0.811','0.273','0.217','79.952','254360','4'),(855,'Three Cool Cats',132,'2017-03-23','english',908,'0.745','0.544','5','-9.137','0','0.0654','0.813','0','0.0975','0.776','125.345','132947','4'),(856,'Mercy',200,'2017-10-07','english',451,'0.616','0.943','1','-5.305','0','0.0444','0.00113','0.00000167','0.346','0.802','129.963','200800','4'),(857,'Do I Love You?',176,'2017-04-07','english',831,'0.462','0.714','1','-8.772','1','0.0386','0.557','0.000881','0.0368','0.375','144.952','176147','4'),(858,'Night on Bald Mounta',700,'2017-02-16','english',203,'0.334','0.265','2','-17.219','1','0.0477','0.916','0.837','0.168','0.0549','113.12','700027','4'),(859,'Akue We Non Houme - ',280,'2016-12-16','english',1118,'0.686','0.61','5','-7.952','0','0.0297','0.00325','0.000123','0.0984','0.861','143.598','280480','4'),(860,'Ecoute ma mélodie - ',445,'2017-07-03','english',1084,'0.691','0.714','1','-9.694','1','0.046','0.517','0.0164','0.178','0.96','91.045','445227','4'),(861,'Ole',265,'2017-10-03','english',765,'0.592','0.688','6','-14.107','1','0.115','0.292','0.268','0.0508','0.927','102.099','265827','4'),(862,'Greetings',373,'2017-05-15','english',573,'0.653','0.875','9','-5.232','1','0.125','0.0164','0.0311','0.377','0.796','116.956','373333','4'),(863,'5thep',304,'2017-09-07','english',568,'0.86','0.857','6','-4.23','1','0.0933','0.0314','0.38','0.0694','0.826','121.999','304138','4'),(864,'Cavern',319,'2017-06-03','english',1119,'0.682','0.78','7','-9.948','1','0.0538','0.0114','0.735','0.0862','0.334','115.564','319760','4'),(865,'Your Love',194,'2017-02-28','english',1294,'0.703','0.464','6','-5.977','0','0.118','0.0491','0','0.146','0.689','95.012','194147','4'),(866,'Sleepwalk',151,'2017-08-23','english',511,'0.444','0.412','0','-11.569','1','0.0465','0.895','0.64','0.145','0.364','184.012','151092','3'),(867,'What I Might Do - Ki',309,'2017-11-05','english',1272,'0.476','0.571','5','-7.223','0','0.055','0.0624','0.353','0.349','0.419','141.221','309064','5'),(868,'Waiting Around For G',309,'2017-05-29','english',926,'0.313','0.872','1','-5.058','0','0.0733','0.000286','0.0000226','0.15','0.389','122.362','309524','4'),(869,'Nobodys Fool - Ben P',326,'2017-08-10','english',816,'0.636','0.864','5','-9.618','0','0.044','0.0000419','0.887','0.104','0.611','123.972','326129','4'),(870,'Smoke On The Water',342,'2016-11-30','english',1,'0.632','0.586','0','-11.333','1','0.0284','0.0983','0.581','0.0535','0.889','114.243','342173','4'),(871,'Able to See Me',193,'2017-11-08','english',157,'0.43','0.734','9','-10.043','0','0.102','0.314','0.000286','0.0808','0.0537','133.992','193427','4'),(872,'Oogum Boogum Song',186,'2017-08-22','english',782,'0.833','0.684','7','-6.325','1','0.043','0.809','0','0.0952','0.954','112.7','186567','4'),(873,'The Gaudy Side of To',427,'2017-09-29','english',836,'0.688','0.421','11','-9.015','0','0.0445','0.723','0.625','0.0734','0.63','138','427227','4'),(874,'The Walker',290,'2016-11-29','english',534,'0.438','0.404','4','-11.815','0','0.0389','0.577','0.759','0.0767','0.134','137.895','290587','4'),(875,'Ultimate Painting',219,'2017-06-06','english',162,'0.789','0.698','7','-7.842','1','0.0304','0.59','0.802','0.11','0.713','120.961','219129','4'),(876,'Agorinha',214,'2017-07-06','english',507,'0.819','0.671','5','-6.947','0','0.393','0.156','0.000136','0.2','0.555','129.921','214154','4'),(877,'I\'m Glad',210,'2017-05-19','english',750,'0.366','0.407','2','-10.047','1','0.0265','0.887','0.263','0.114','0.352','148.436','210400','3'),(878,'Apollo Throwdown (St',255,'2017-06-21','english',926,'0.71','0.959','1','-6.697','0','0.209','0.149','0.000021','0.336','0.492','108.006','255333','4'),(879,'Boys Life',302,'2017-04-27','english',1080,'0.582','0.734','6','-6.987','0','0.0675','0.00727','0.202','0.76','0.638','127.071','302120','4'),(880,'Dirt And Grime',212,'2017-04-18','english',23,'0.545','0.507','0','-7.534','0','0.0392','0.349','0.00000292','0.157','0.685','124.311','212147','4'),(881,'Pedestrian at Best',230,'2017-08-15','english',772,'0.479','0.854','11','-6.101','1','0.0405','0.00000461','0.0000572','0.372','0.55','136.067','230560','4'),(882,'Middle',220,'2017-05-01','english',1191,'0.564','0.737','9','-4.079','1','0.0414','0.0175','0','0.054','0.231','104.764','220573','4'),(883,'Something About You ',326,'2017-11-22','english',1040,'0.89','0.52','2','-6.927','0','0.187','0.198','0.273','0.0638','0.717','114.959','326318','4'),(884,'Only You',178,'2017-07-28','english',324,'0.363','0.755','1','-6.654','0','0.12','0.00543','0.00105','0.084','0.736','114.407','178772','4'),(885,'The One',302,'2017-04-16','english',1101,'0.867','0.669','9','-7.897','0','0.0573','0.101','0.683','0.0583','0.696','121.99','302880','4'),(886,'Way Down We Go',219,'2017-11-01','english',633,'0.59','0.578','10','-5.798','0','0.0528','0.612','0.000162','0.0837','0.262','81.663','219560','4'),(887,'Deeper Than Love',365,'2017-06-01','english',1159,'0.832','0.496','11','-10.601','0','0.0597','0.000825','0.825','0.114','0.854','117.741','365747','4'),(888,'Back Pocket',181,'2017-09-06','english',1297,'0.839','0.585','2','-7.738','1','0.153','0.478','0.00281','0.0435','0.894','89.821','181260','4'),(889,'All I Wanna Do',156,'2017-04-06','english',408,'0.447','0.416','9','-12.181','0','0.0258','0.0716','0.00426','0.125','0.309','103.068','156467','4'),(890,'Water',260,'2017-05-15','english',749,'0.598','0.657','8','-7.466','1','0.0386','0.0328','0.0000272','0.172','0.2','114.969','260400','4'),(891,'You',335,'2017-03-04','english',1218,'0.643','0.889','3','-7.043','0','0.0499','0.0664','0.884','0.0904','0.658','131.999','335399','4'),(892,'Voodoo Ray - Danny T',383,'2017-11-08','english',1243,'0.746','0.613','7','-10.104','1','0.0475','0.00324','0.672','0.167','0.627','125.317','383107','4'),(893,'Jack',311,'2017-11-12','english',1260,'0.906','0.648','11','-8.742','0','0.0734','0.000624','0.0857','0.272','0.646','123.98','311365','4'),(894,'Jack',183,'2017-11-15','english',1273,'0.907','0.616','6','-7.073','0','0.0577','0.000334','0.425','0.11','0.614','124.036','183581','4'),(895,'Mary Jane (Jamie Xx ',237,'2017-11-15','english',1282,'0.578','0.633','8','-10.117','0','0.279','0.331','0','0.635','0.635','101.534','237672','4'),(896,'Chunky - Club Mix',362,'2017-11-06','english',1291,'0.808','0.916','10','-4.54','1','0.0635','0.00431','0.598','0.0445','0.69','121.99','362282','4'),(897,'One Who Lost',272,'2017-09-27','english',10,'0.745','0.894','8','-4.721','0','0.0448','0.0252','0.878','0.137','0.49','127.99','272677','4'),(898,'Delorean Dynamite',405,'2017-04-01','english',74,'0.634','0.858','1','-11.661','1','0.0417','0.0125','0.84','0.0984','0.233','123.991','405933','4'),(899,'Do You Want a Man - ',145,'2017-02-16','english',342,'0.603','0.921','5','-3.555','0','0.0931','0.198','0.00035','0.133','0.814','122.978','145773','4'),(900,'Celebrando',205,'2017-01-02','english',188,'0.587','0.841','11','-5.079','0','0.0476','0.00166','0.53','0.117','0.696','142.95','205307','4'),(901,'No Eyes (Radio Edit)',204,'2017-09-29','english',1214,'0.93','0.483','3','-9.925','1','0.0411','0.0289','0.00244','0.103','0.577','120.022','204992','4'),(902,'Fanfare',264,'2017-10-24','english',303,'0.585','0.62','6','-9.075','1','0.0538','0.0124','0.0164','0.135','0.715','80.021','264000','4'),(903,'Dorothy',316,'2016-12-10','english',473,'0.803','0.427','8','-10.819','1','0.0509','0.0245','0.405','0.0953','0.451','118.008','316373','4'),(904,'Long Cool Woman (In ',199,'2017-05-16','english',155,'0.757','0.868','9','-9.326','1','0.062','0.411','0.00221','0.355','0.787','138.923','199200','4'),(905,'Bang A Gong [Get It ',267,'2017-02-23','english',654,'0.729','0.818','2','-9.992','1','0.0732','0.157','0.285','0.195','0.909','125.811','267000','4'),(906,'Paris Groove (Origin',272,'2017-09-21','english',207,'0.76','0.669','11','-8.583','1','0.0521','0.000026','0.076','0.0666','0.683','122.007','272082','4'),(907,'Nothing',312,'2017-04-12','english',370,'0.79','0.427','11','-11.361','0','0.0541','0.000885','0.446','0.0514','0.961','116.986','312000','4'),(908,'Hey DJ',206,'2017-05-01','english',1231,'0.786','0.963','9','-2.84','0','0.127','0.207','0.0012','0.169','0.9','94.63','206081','4'),(909,'Tighten Up - Pt. 1',196,'2016-12-02','english',1143,'0.708','0.441','11','-12.931','1','0.196','0.242','0.000147','0.0899','0.717','125.191','196000','4'),(910,'Ohye Atar Gyan',261,'2017-09-20','english',722,'0.729','0.666','5','-10.721','1','0.0525','0.643','0.135','0.0947','0.872','109.554','261853','4'),(911,'Heaven',370,'2016-12-10','english',179,'0.76','0.636','8','-11.605','1','0.0902','0.312','0.534','0.0622','0.682','99.223','370813','4'),(912,'I\'m Walkin\' - 2002 D',128,'2017-08-29','english',29,'0.661','0.76','9','-9.509','1','0.0918','0.847','0.334','0.137','0.975','111.165','128053','4'),(913,'Bizarre Love Triangl',405,'2017-07-30','english',909,'0.704','0.895','10','-7.81','1','0.0647','0.00428','0.28','0.267','0.865','118.662','405560','4'),(914,'Dreams Never End - 2',195,'2017-01-07','english',555,'0.606','0.913','9','-7.865','1','0.0417','0.0154','0.905','0.326','0.82','146.15','195307','4'),(915,'Plastic - Extended M',546,'2017-06-19','english',49,'0.587','0.915','4','-8.307','0','0.0404','0.00207','0.579','0.136','0.539','128.004','546467','4'),(916,'You Are the Right On',172,'2017-05-18','english',1179,'0.66','0.591','4','-8.497','0','0.026','0.16','0.848','0.632','0.835','100.034','172507','4'),(917,'Let Me Try',207,'2017-08-07','english',549,'0.34','0.454','9','-12.279','0','0.0503','0.000779','0.0188','0.337','0.39','100.089','207813','5'),(918,'Thinking of You',418,'2016-12-20','english',508,'0.723','0.755','10','-9.381','1','0.0576','0.0476','0.00147','0.469','0.573','97.195','418880','4'),(919,'Just Say The Word',163,'2017-02-24','english',891,'0.285','0.512','7','-8.103','1','0.0334','0.717','0','0.0842','0.48','94.922','163213','4'),(920,'Obi Agye Me Dofo',590,'2016-12-15','english',330,'0.63','0.862','2','-6.12','0','0.0501','0.218','0.0527','0.0618','0.698','103.118','590707','4'),(921,'I\'m Going Down',219,'2017-06-07','english',278,'0.418','0.0962','0','-15.078','1','0.0559','0.783','0.0000661','0.136','0.342','184.721','219800','3'),(922,'Said So What',258,'2017-05-28','english',397,'0.529','0.571','6','-6.264','0','0.0298','0.087','0.00000634','0.876','0.104','102.428','258440','4'),(923,'Carl Sagan',232,'2017-10-29','english',1153,'0.465','0.727','8','-5.181','0','0.0353','0.0112','0.802','0.0964','0.47','118.149','232867','4'),(924,'Muzik Xpress',498,'2017-01-09','english',673,'0.69','0.911','6','-9.075','1','0.0499','0.0133','0.907','0.127','0.62','124.019','498333','4'),(925,'A Hundred Ropes',234,'2017-09-29','english',1204,'0.449','0.962','1','-4.293','0','0.112','0.0044','0.897','0.397','0.296','154.979','234613','4'),(926,'No Woman',238,'2017-10-04','english',100,'0.582','0.401','2','-8.731','1','0.028','0.9','0.538','0.157','0.414','112.357','238400','4'),(927,'Episode I - Duel of ',254,'2017-09-02','english',788,'0.44','0.433','2','-17.453','0','0.0412','0.934','0.811','0.273','0.217','79.952','254360','4'),(928,'Giant',574,'2017-03-06','english',1042,'0.669','0.904','11','-5.487','1','0.0598','0.0395','0.406','0.116','0.921','107.83','574800','4'),(929,'Hush',319,'2016-12-24','english',244,'0.622','0.752','4','-6.964','0','0.124','0.189','0.0124','0.0443','0.576','126.047','319125','4'),(930,'Desire',215,'2017-06-22','english',691,'0.286','0.704','9','-5.12','0','0.0374','0.0000689','0.034','0.192','0.185','145.843','215822','4'),(931,'Shut Up Kiss Me',202,'2017-07-15','english',126,'0.373','0.63','7','-5.131','1','0.0461','0.0552','0','0.107','0.357','115.942','202200','4'),(932,'No Heart',235,'2017-05-15','english',1156,'0.906','0.444','4','-8.692','0','0.384','0.136','0.0000644','0.173','0.68','140.063','235040','4'),(933,'We Want Some Pussy',162,'2017-05-06','english',202,'0.789','0.682','10','-6.841','0','0.054','0.00134','0.00000139','0.128','0.562','109.988','162815','4'),(934,'We Out Here',156,'2017-09-19','english',141,'0.822','0.863','7','-8.035','1','0.196','0.155','0.000632','0.0913','0.608','100.959','156879','4'),(935,'By Design',257,'2017-08-30','english',100,'0.756','0.853','9','-5.92','0','0.0525','0.0599','0.000562','0.115','0.426','100.004','257053','4'),(936,'Aloha',52,'2017-04-06','english',74,'0.555','0.759','7','-6.214','0','0.142','0.189','0.459','0.248','0.23','192.272','52006','4'),(937,'Bad and Boujee (feat',334,'2017-06-06','english',71,'0.897','0.661','8','-6.2','0','0.27','0.0633','0','0.116','0.204','127.081','334467','4'),(938,'The Winner Is - from',185,'2017-06-20','english',134,'0.654','0.499','4','-9.084','0','0.0428','0.56','0.907','0.169','0.124','103.966','185804','4'),(939,'Virile',321,'2017-02-28','english',454,'0.679','0.462','3','-10.128','1','0.0326','0.0442','0.793','0.0846','0.289','120.012','321560','4'),(940,'Let Me Tell U',434,'2017-07-05','english',570,'0.804','0.64','5','-8.598','1','0.0404','0.0004','0.935','0.0812','0.0451','124.007','434958','4'),(941,'Wonky Bassline Disco',489,'2017-03-03','english',186,'0.815','0.459','10','-12.588','0','0.0906','0.078','0.826','0.067','0.616','124.996','489750','4'),(942,'Remember',395,'2017-06-02','english',518,'0.499','0.506','9','-16.778','0','0.149','0.0000165','0.941','0.0784','0.367','186.328','395200','3'),(943,'Anti Social Tendenci',397,'2017-09-10','english',731,'0.84','0.918','7','-9.251','1','0.0672','0.0423','0.613','0.306','0.468','124.847','397388','4'),(944,'What Time Is Love (L',179,'2017-04-25','english',803,'0.816','0.747','3','-8.066','1','0.0711','0.0109','0.756','0.0811','0.144','119.98','179865','4'),(945,'The Spirit Blossoms ',142,'2017-08-09','english',522,'0.646','0.757','7','-6.089','1','0.101','0.016','0.0243','0.112','0.635','108.438','142584','4'),(946,'On the Lips',109,'2017-03-07','english',199,'0.658','0.568','1','-7.579','1','0.0312','0.028','0.00356','0.105','0.881','128.638','109031','4'),(947,'Stripper',250,'2017-03-12','english',729,'0.865','0.603','3','-11.289','1','0.0532','0.00159','0.428','0.0782','0.595','135.006','250273','4'),(948,'Operator (Ring Ring)',281,'2017-07-15','english',446,'0.754','0.968','9','-4.419','1','0.168','0.003','0.795','0.194','0.55','124.971','281658','4'),(949,'Big Jet Plane - Anim',400,'2017-03-14','english',44,'0.89','0.443','0','-8.654','1','0.0497','0.0372','0.385','0.369','0.195','122.002','400926','4'),(950,'Fight',515,'2017-07-03','english',180,'0.731','0.638','9','-8.738','0','0.144','0.514','0.332','0.144','0.33','143.018','515087','4'),(951,'Bambi',250,'2017-01-07','english',767,'0.748','0.623','5','-5.08','1','0.0285','0.109','0','0.15','0.194','105.045','250000','4'),(952,'Raindrops',169,'2017-09-09','english',695,'0.744','0.555','3','-6.744','1','0.0321','0.758','0','0.108','0.775','121.241','169333','4'),(953,'Truths & Rights',181,'2017-07-02','english',1173,'0.77','0.409','4','-13.387','1','0.436','0.34','0','0.0993','0.869','80.126','181867','4'),(954,'Smoke',361,'2017-07-16','english',1182,'0.663','0.602','9','-11.013','1','0.132','0.269','0.0000881','0.118','0.899','149.51','361173','4'),(955,'You Are My Special A',186,'2017-04-18','english',1089,'0.236','0.706','0','-6.544','1','0.0601','0.411','0.00000543','0.953','0.313','105.624','186426','3'),(956,'Just A Little Lovin\'',138,'2016-12-21','english',600,'0.354','0.366','5','-10.799','0','0.0345','0.666','0','0.167','0.561','111.057','138933','3'),(957,'Unchained Melody',215,'2017-01-29','english',1032,'0.367','0.215','0','-16.652','1','0.0288','0.517','0','0.618','0.255','98.742','215840','3'),(958,'Howl',213,'2017-08-03','english',758,'0.58','0.859','0','-4.532','1','0.0649','0.00594','0.00163','0.463','0.285','129.959','213560','4'),(959,'For Free',183,'2017-10-23','english',693,'0.916','0.571','10','-8.241','0','0.2','0.0173','0.00000111','0.153','0.467','103.521','183695','4'),(960,'Mystery Of Love',430,'2017-05-21','english',1192,'0.767','0.686','7','-10.476','1','0.0461','0.0681','0.91','0.111','0.578','114.07','430576','4'),(961,'Hung Over',126,'2017-08-12','english',1280,'0.864','0.552','5','-8.851','0','0.0495','0.0853','0.778','0.094','0.74','112.378','126467','4'),(962,'Bold Soul Sister, Bo',176,'2017-01-04','english',224,'0.457','0.909','7','-3.189','1','0.0576','0.661','0.00000154','0.124','0.844','93.193','176613','4'),(963,'Cane Shuga',196,'2017-04-25','english',1180,'0.785','0.796','5','-5.815','0','0.0379','0.543','0.291','0.108','0.806','136.05','196570','4'),(964,'Queen',230,'2017-08-24','english',25,'0.418','0.547','1','-4.932','1','0.0295','0.211','0.0443','0.187','0.127','131.99','230720','4'),(965,'Get Lucky',369,'2017-05-22','english',487,'0.81','0.793','6','-9.404','0','0.0403','0.0378','0.00000182','0.072','0.86','116.049','369627','4'),(966,'Bugatti',269,'2017-02-13','english',1058,'0.588','0.596','1','-4.994','1','0.0556','0.0159','0','0.0898','0.0602','130.346','269267','4'),(967,'Versace',195,'2017-07-17','english',1230,'0.841','0.729','6','-3.047','0','0.239','0.0384','0','0.276','0.43','132.073','195474','4'),(968,'Black Skinhead',188,'2017-06-14','english',375,'0.775','0.823','1','-6.091','1','0.271','0.000954','0','0.144','0.288','130.041','188013','4'),(969,'Type of Way',261,'2017-09-26','english',783,'0.85','0.509','6','-9.637','0','0.378','0.147','0','0.0759','0.769','134.9','261321','4'),(970,'Recover',225,'2017-06-07','english',189,'0.413','0.633','7','-5.188','1','0.0558','0.00444','0','0.361','0.184','170.016','225867','4'),(971,'Bitter Rivals',199,'2017-01-23','english',1198,'0.76','0.79','10','-3.835','1','0.344','0.222','0','0.268','0.57','94.017','199227','4'),(972,'Gonna Die',175,'2017-02-12','english',219,'0.409','0.532','2','-6.266','1','0.033','0.0745','0.00523','0.0795','0.354','99.935','175480','4'),(973,'Angels',171,'2017-07-04','english',104,'0.342','0.159','9','-18.127','1','0.0477','0.957','0.114','0.101','0.329','91.963','171613','4'),(974,'GOT IT GOOD',228,'2017-04-16','english',1161,'0.606','0.503','7','-6.678','0','0.155','0.0475','0','0.116','0.325','80.04','228147','4'),(975,'I Got U',285,'2017-01-13','english',292,'0.647','0.762','0','-7.765','1','0.0363','0.00369','0.00641','0.0884','0.438','120.832','285596','4'),(976,'Something About You ',343,'2017-05-29','english',578,'0.709','0.669','11','-8.422','0','0.0409','0.0216','0.0125','0.146','0.106','105.004','343800','4'),(977,'Oblivion',282,'2017-01-17','english',711,'0.378','0.572','0','-6.361','1','0.175','0.156','0.152','0.0579','0.332','134.957','282053','4'),(978,'Distant Heart',187,'2017-02-07','english',524,'0.555','0.699','6','-7.871','0','0.105','0.112','0.00319','0.488','0.544','170.02','187000','4'),(979,'Finally Moving',277,'2017-06-29','english',484,'0.735','0.555','1','-8.84','0','0.0366','0.382','0.856','0.0952','0.535','100.01','277975','4'),(980,'Want My Love',248,'2017-04-06','english',847,'0.607','0.435','6','-6.604','0','0.0475','0.0564','0.0178','0.171','0.255','120.045','248000','4'),(981,'Myth',258,'2016-12-07','english',185,'0.448','0.733','3','-6.238','1','0.0292','0.0369','0.0425','0.169','0.404','142.008','258653','4'),(982,'Weary',194,'2016-12-27','english',981,'0.507','0.466','1','-11.966','1','0.0862','0.655','0.363','0.0929','0.0978','157.013','194253','4'),(983,'Treat Me Like Fire',250,'2017-04-02','english',450,'0.667','0.658','6','-7.71','1','0.0756','0.138','0.00685','0.602','0.36','91.98','250707','4'),(984,'Something About You',225,'2017-05-26','english',606,'0.855','0.605','2','-7.403','0','0.0637','0.345','0.0573','0.0757','0.676','114.999','225181','4'),(985,'Let It Happen - Soul',556,'2017-05-07','english',381,'0.739','0.848','1','-4.598','0','0.0332','0.2','0.824','0.111','0.782','125.02','556924','4'),(986,'Hood Pass Intact',301,'2017-08-22','english',87,'0.833','0.663','2','-3.639','1','0.105','0.0739','0.00351','0.0814','0.457','103.693','301240','4'),(987,'Let\'s Dance (Single ',247,'2017-04-09','english',591,'0.654','0.641','8','-9.771','1','0.0482','0.00535','0.00321','0.209','0.778','114.696','247600','4'),(988,'Ode To Viceroy',233,'2017-07-14','english',93,'0.514','0.632','2','-6.305','1','0.0501','0.208','0.0132','0.115','0.31','94.569','233818','4'),(989,'Five Seconds',260,'2016-12-19','english',1291,'0.468','0.88','1','-5.086','1','0.057','0.0019','0.00704','0.409','0.645','176.972','260013','4'),(990,'No Sleep Till Brookl',246,'2017-05-04','english',974,'0.756','0.415','8','-14.429','1','0.0555','0.135','0','0.144','0.662','96.99','246893','4'),(991,'F**kin\' Problems',233,'2016-11-25','english',999,'0.869','0.687','1','-6.816','1','0.263','0.0208','0.000001','0.114','0.668','96.006','233787','4'),(992,'Swerve... the reepin',310,'2017-08-06','english',773,'0.709','0.412','8','-11.602','1','0.488','0.144','0.000101','0.0814','0.505','174.062','310187','4'),(993,'Never Saw The Point',182,'2017-05-22','english',865,'0.521','0.851','2','-3.235','1','0.0336','0.0559','0','0.267','0.825','130.032','182160','4'),(994,'212',203,'2017-04-04','english',706,'0.858','0.789','11','-7.462','0','0.291','0.0852','0','0.229','0.658','125.993','203373','4'),(995,'Forgiven/Forgotten',123,'2017-03-25','english',933,'0.566','0.869','0','-7.614','1','0.0335','0.00000469','0.309','0.0503','0.656','129.948','123547','4'),(996,'All My Friends',462,'2017-06-22','english',1250,'0.701','0.788','2','-5.611','1','0.0425','0.148','0.625','0.0977','0.794','142.584','462267','4'),(997,'Lay Up',167,'2017-10-17','english',849,'0.772','0.612','7','-7.274','0','0.254','0.374','0.00000244','0.108','0.557','142.911','167158','4'),(998,'Father Stretch My Ha',135,'2017-08-26','english',494,'0.714','0.566','7','-4.408','1','0.056','0.142','0.00000125','0.57','0.429','113.074','135920','4'),(999,'Big For Your Boots',238,'2016-12-22','english',1222,'0.515','0.902','6','-4.729','0','0.383','0.0313','0','0.093','0.617','174.589','238419','5'),(1000,'No Security',219,'2017-01-13','english',726,'0.859','0.624','1','-5.437','1','0.0915','0.00531','0.000124','0.184','0.628','149.948','219737','4'),(1001,'Fam',176,'2017-05-10','english',1266,'0.709','0.797','0','-4.316','1','0.335','0.0381','0','0.143','0.474','139.639','176589','4'),(1002,'Mr Skeng',197,'2017-10-13','english',250,'0.699','0.724','1','-5.126','1','0.223','0.102','0','0.0865','0.412','140.157','197452','4'),(1003,'Beauty and the Beast',196,'2016-12-11','english',54,'0.497','0.734','1','-6.112','1','0.382','0.377','0','0.151','0.382','139.096','196480','4'),(1004,'I Win',187,'2017-06-28','english',818,'0.832','0.854','2','-4.92','1','0.296','0.0669','0','0.0802','0.583','136.213','187585','4'),(1005,'Plottin',151,'2017-09-18','english',26,'0.88','0.697','4','-8.468','0','0.328','0.285','0.0000766','0.0889','0.761','129.989','151987','4'),(1006,'M.E.N',240,'2017-03-20','english',278,'0.506','0.43','10','-17.402','0','0.317','0.289','0.0139','0.135','0.294','137.644','240363','4'),(1007,'Cold',156,'2017-01-13','english',12,'0.732','0.974','1','-2.158','1','0.168','0.202','0','0.0853','0.713','137.905','156961','4'),(1008,'Toothache',166,'2017-08-21','english',526,'0.539','0.74','6','-7.157','0','0.401','0.671','0','0.12','0.645','139.608','166304','4'),(1009,'Coward',179,'2017-03-12','english',1293,'0.494','0.78','2','-5.841','1','0.301','0.352','0','0.396','0.884','139.725','179009','4'),(1010,'3 Wheel-ups (feat. W',278,'2017-02-28','english',985,'0.545','0.904','6','-5.201','1','0.34','0.00298','0.00117','0.0679','0.681','139.871','278227','4'),(1011,'T On the Wing',181,'2017-04-29','english',1047,'0.739','0.665','1','-6.075','0','0.441','0.397','0','0.0901','0.357','139.87','181714','4'),(1012,'Bad Boys (feat. Ghet',246,'2017-04-04','english',979,'0.603','0.64','1','-5.215','1','0.291','0.134','0','0.434','0.311','125.462','246685','4'),(1013,'Thiago Silva',201,'2017-05-30','english',455,'0.667','0.673','0','-7.574','1','0.323','0.0641','0.000004','0.0975','0.661','144.256','201964','4'),(1014,'And Dat (Ft. Stormzy',195,'2017-05-23','english',639,'0.561','0.588','8','-7.628','1','0.413','0.375','0','0.084','0.683','83.204','195419','5'),(1015,'6 In The Morning',181,'2017-10-31','english',526,'0.812','0.937','1','-1.894','1','0.295','0.258','0','0.239','0.851','139.997','181114','4'),(1016,'Skepta Interlude',143,'2017-02-03','english',714,'0.745','0.822','7','-6.354','1','0.252','0.0103','0.0000042','0.155','0.374','86.733','143214','5'),(1017,'Man Don\'t Care',213,'2017-01-28','english',690,'0.673','0.922','4','-5.311','1','0.217','0.329','0','0.0924','0.364','140.008','213251','4'),(1018,'Luke Cage',187,'2017-03-16','english',9,'0.794','0.801','0','-6.433','1','0.271','0.35','0','0.0799','0.73','147.072','187400','4'),(1019,'Shutdown',188,'2016-11-24','english',574,'0.575','0.723','7','-4.956','1','0.314','0.1','0','0.483','0.822','107.039','188875','3'),(1020,'My Old Man',227,'2016-12-25','english',241,'0.64','0.196','4','-11.478','1','0.0267','0.819','0.0000363','0.0978','0.273','143.919','227222','4'),(1021,'Losing Sleep',180,'2017-05-02','english',783,'0.587','0.628','1','-5.703','1','0.0431','0.0677','0.00000188','0.122','0.65','92.003','180252','4'),(1022,'Sleep Without You',187,'2017-10-25','english',593,'0.631','0.716','10','-5.713','1','0.0432','0.013','0','0.0756','0.637','88.541','187813','4'),(1023,'Yeah Boy',194,'2017-03-12','english',616,'0.589','0.809','3','-5.292','1','0.0376','0.231','0','0.0719','0.464','88.965','194413','4'),(1024,'Craving You',227,'2017-08-14','english',2,'0.612','0.841','9','-3.795','0','0.0353','0.000907','0','0.37','0.502','104.986','227373','4'),(1025,'More Girls Like You',154,'2017-08-17','english',759,'0.553','0.743','2','-5.483','1','0.0368','0.01','0','0.0812','0.574','149.962','154320','4'),(1026,'Heart Break',188,'2017-05-19','english',1188,'0.548','0.877','7','-5.481','1','0.0367','0.0538','0.00000822','0.314','0.694','84.009','188293','4'),(1027,'Cut Your Groove',251,'2017-02-14','english',1065,'0.528','0.842','11','-6.217','1','0.0411','0.151','0.00003','0.117','0.797','83.948','251067','4'),(1028,'Black',211,'2017-08-01','english',458,'0.663','0.656','1','-6.548','1','0.0413','0.27','0.000279','0.117','0.555','120.037','211160','4'),(1029,'The Weekend',187,'2017-08-24','english',394,'0.53','0.809','6','-4.745','0','0.0388','0.0549','0','0.0741','0.703','82.022','187760','4'),(1030,'Reasons',190,'2017-08-05','english',596,'0.525','0.657','1','-5.28','0','0.054','0.0966','0','0.119','0.313','176.127','190227','4'),(1031,'Small Town Boy',206,'2017-02-18','english',498,'0.553','0.747','9','-5.905','1','0.0292','0.0244','0','0.363','0.702','73.033','206573','4'),(1032,'Yours If You Want It',208,'2016-12-28','english',701,'0.533','0.91','8','-3.087','1','0.0566','0.0102','0','0.108','0.481','113.054','208733','4'),(1033,'Roots',231,'2017-08-31','english',712,'0.726','0.595','11','-6.846','1','0.0393','0.148','0.000433','0.106','0.666','115','231173','4'),(1034,'Sunday Morning',171,'2017-06-15','english',157,'0.584','0.716','0','-4.737','1','0.0342','0.00733','0','0.0879','0.527','90.005','171067','4'),(1035,'Hurricane',223,'2017-05-18','english',1248,'0.443','0.804','10','-6.432','1','0.0406','0.0165','0.00000289','0.181','0.437','151.928','223800','4'),(1036,'Think A Little Less',176,'2017-08-22','english',570,'0.521','0.805','9','-4.481','1','0.0289','0.124','0.000219','0.33','0.549','141.967','176987','4'),(1037,'Speak to a Girl',231,'2017-03-05','english',402,'0.476','0.527','1','-6.406','1','0.0399','0.661','0','0.307','0.205','152.117','231920','3'),(1038,'Man Enough Now',185,'2017-01-19','english',302,'0.591','0.577','2','-6.107','1','0.0331','0.0159','0','0.162','0.52','156.107','185474','4'),(1039,'If I Told You',214,'2017-11-06','english',301,'0.5','0.622','9','-6.691','1','0.0329','0.335','0','0.327','0.293','83.886','214507','4'),(1040,'Happy People',167,'2017-03-11','english',600,'0.674','0.706','8','-4.824','1','0.0586','0.234','0.0000798','0.0958','0.962','160.023','167200','4'),(1041,'All On Me',227,'2017-07-06','english',796,'0.631','0.658','5','-5.313','1','0.0281','0.144','0','0.22','0.692','80.996','227573','4'),(1042,'Somethin\' I\'m Good A',217,'2017-02-02','english',881,'0.562','0.94','5','-4.337','1','0.114','0.0494','0','0.217','0.466','103.009','217280','4'),(1043,'I Could Use a Love S',196,'2017-01-09','english',714,'0.638','0.634','6','-6.474','1','0.0468','0.214','0','0.0866','0.445','92.097','196422','4'),(1044,'Zac Brown Band - Hot',16,'2016-12-15','english',930,'0.409','0.645','1','-8.336','0','0.0771','0.733','0','0.132','0.421','74.923','16042','4'),(1045,'Trying To Drive',266,'2017-10-22','english',1204,'0.434','0.664','8','-5.883','1','0.0346','0.0968','0','0.141','0.478','145.861','266787','4'),(1046,'God, Your Mama, And ',183,'2017-04-14','english',633,'0.439','0.802','7','-3.644','1','0.054','0.333','0','0.377','0.688','168.032','183413','4'),(1047,'Real Thing',230,'2017-02-08','english',849,'0.533','0.533','0','-8.266','1','0.0324','0.0915','0','0.0972','0.506','159.907','230722','4'),(1048,'They Don\'t Know',195,'2017-10-13','english',1047,'0.434','0.921','10','-2.248','0','0.0688','0.0207','0.00209','0.116','0.426','171.945','195307','4'),(1049,'Every Time I Hear Th',214,'2017-09-14','english',87,'0.523','0.725','2','-5.448','1','0.0339','0.0558','0.00000696','0.0937','0.52','155.855','214800','4'),(1050,'What Ifs',188,'2017-04-09','english',1192,'0.612','0.799','10','-4.603','1','0.0275','0.00898','0','0.172','0.675','125.976','188253','4'),(1051,'For Her',211,'2017-05-08','english',500,'0.51','0.904','6','-4.291','1','0.0357','0.0993','0','0.173','0.542','150.004','211227','4'),(1052,'Act Like You Don\'t',232,'2017-01-19','english',225,'0.55','0.774','11','-4.397','1','0.0967','0.424','0','0.067','0.462','170.124','232253','4'),(1053,'In Case You Didn\'t K',224,'2017-04-21','english',925,'0.596','0.544','10','-7.294','1','0.0315','0.397','0','0.106','0.381','147.976','224853','4'),(1054,'Two Black X\'s',194,'2017-06-23','english',49,'0.622','0.745','1','-5.674','1','0.0262','0.0166','0.000875','0.292','0.585','91','194240','4'),(1055,'You Look Good',183,'2017-07-30','english',67,'0.659','0.926','0','-4.66','1','0.0461','0.0344','0.00121','0.113','0.949','152.015','183747','4'),(1056,'Close',178,'2017-07-23','english',189,'0.479','0.86','0','-4.318','1','0.0347','0.00566','0','0.168','0.759','80.018','178027','4'),(1057,'Ain\'t Always Pretty',209,'2017-03-03','english',742,'0.56','0.78','1','-5.164','1','0.0459','0.186','0','0.364','0.466','160.052','209840','4'),(1058,'Love in a Bar',187,'2017-04-13','english',542,'0.512','0.587','1','-6.403','1','0.0291','0.0179','0','0.107','0.313','134.006','187342','4'),(1059,'Family Table',211,'2016-12-31','english',484,'0.403','0.745','1','-6.534','0','0.0858','0.0292','0','0.0985','0.634','186.241','211307','4'),(1060,'Any Ol\' Barstool',203,'2017-04-04','english',794,'0.536','0.722','4','-4.163','1','0.0284','0.312','0','0.117','0.472','143.78','203293','4'),(1061,'Dirt On My Boots',201,'2017-05-26','english',1216,'0.685','0.783','11','-4.152','1','0.0276','0.116','0','0.194','0.532','90.008','201893','4'),(1062,'Just a Phase',186,'2017-05-02','english',1099,'0.71','0.498','4','-5.478','1','0.0322','0.638','0','0.0916','0.52','136.093','186627','4'),(1063,'Body Like A Back Roa',165,'2017-07-28','english',548,'0.731','0.469','5','-7.226','1','0.0326','0.463','0.00000104','0.103','0.618','98.963','165387','4'),(1064,'How Not To',192,'2016-12-18','english',741,'0.501','0.836','11','-3.587','0','0.0491','0.208','0','0.152','0.627','159.863','192000','4'),(1065,'Tin Man',259,'2017-03-20','english',762,'0.425','0.372','0','-10.92','1','0.03','0.861','0.0148','0.0733','0.297','79.456','259280','4'),(1066,'Blue Tacoma',211,'2017-04-16','english',283,'0.458','0.894','9','-4.903','1','0.0398','0.0209','0','0.221','0.709','160.125','211240','4'),(1067,'May We All',226,'2016-11-27','english',432,'0.488','0.915','7','-4.255','1','0.0389','0.0406','0','0.351','0.637','75.019','226173','4'),(1068,'Last Time for Everyt',230,'2017-10-09','english',10,'0.482','0.739','7','-5.476','1','0.0342','0.422','0.0000187','0.468','0.596','155.932','230832','4'),(1069,'Getting Over You',173,'2017-04-01','english',55,'0.442','0.784','2','-4.001','1','0.0344','0.0527','0','0.0597','0.554','170.139','173187','4'),(1070,'Flatliner (feat. Die',177,'2017-01-13','english',242,'0.555','0.896','0','-3.295','1','0.0388','0.00434','0','0.145','0.558','114.995','177067','4'),(1071,'Like You That Way',158,'2017-07-13','english',1044,'0.41','0.738','9','-3.833','1','0.0719','0.0551','0','0.0988','0.592','184.059','158667','4'),(1072,'Hometown Girl',216,'2017-08-29','english',593,'0.507','0.81','3','-5.628','0','0.0317','0.273','0.0567','0.121','0.492','156.004','216187','4'),(1073,'Star Of The Show',181,'2017-10-21','english',1135,'0.69','0.626','7','-5.831','1','0.0275','0.129','0','0.169','0.652','101.958','181200','4'),(1074,'Either Way',248,'2017-02-26','english',1295,'0.641','0.0628','4','-14.155','1','0.0417','0.865','0.00000408','0.105','0.289','129.004','248053','4'),(1075,'No Such Thing as a B',178,'2017-06-22','english',469,'0.655','0.785','8','-4.022','1','0.0697','0.279','0','0.116','0.931','171.969','178840','4'),(1076,'There’s A Girl',215,'2017-01-01','english',1058,'0.529','0.803','7','-5.379','1','0.0389','0.2','0','0.0894','0.343','97.043','215600','4'),(1077,'The Fighter',184,'2017-09-11','english',1285,'0.681','0.845','11','-5.147','0','0.0525','0.0304','0','0.197','0.761','132.023','184040','4'),(1078,'Despacito - Remix',228,'2017-07-30','english',650,'0.694','0.815','2','-4.328','1','0.12','0.229','0','0.0924','0.826','88.931','228827','4'),(1079,'Felices los 4',229,'2016-11-26','english',694,'0.755','0.789','5','-4.502','1','0.146','0.231','0','0.351','0.734','93.973','229849','4'),(1080,'SUBEME LA RADIO',208,'2017-11-21','english',220,'0.684','0.823','9','-3.297','0','0.0773','0.0744','0','0.111','0.645','91.048','208163','4'),(1081,'Me Rehúso',205,'2017-11-06','english',319,'0.746','0.794','1','-6.331','1','0.0698','0.0258','0','0.0497','0.471','104.827','205741','4'),(1082,'El Amante',219,'2017-09-04','english',935,'0.683','0.691','8','-5.535','1','0.0432','0.243','0','0.14','0.746','179.91','219507','4'),(1083,'Escápate Conmigo',232,'2016-12-08','english',1114,'0.747','0.864','8','-3.181','0','0.0599','0.0245','0.0000446','0.0853','0.746','92.028','232787','4'),(1084,'Ahora Dice',271,'2017-10-07','english',168,'0.706','0.689','6','-5.533','1','0.17','0.286','0','0.123','0.42','144.127','271080','4'),(1085,'Chantaje',195,'2017-02-17','english',95,'0.859','0.756','8','-3.36','0','0.0643','0.168','0.0000465','0.163','0.913','102.033','195613','4'),(1086,'Hey Ma (with Pitbull',194,'2017-06-17','english',1272,'0.489','0.962','0','-2.597','1','0.215','0.0277','0.00000618','0.128','0.507','104.563','194942','4'),(1087,'Sigo Extrañándote',201,'2017-01-04','english',872,'0.889','0.853','9','-4.26','1','0.241','0.154','0.000107','0.205','0.916','93.022','201280','4'),(1088,'Otra Vez (feat. J Ba',209,'2017-10-12','english',545,'0.832','0.772','10','-5.429','1','0.1','0.0559','0.000486','0.44','0.714','96.016','209453','4'),(1089,'La Rompe Corazones',204,'2016-12-23','english',107,'0.685','0.859','5','-2.595','0','0.0553','0.116','0','0.317','0.886','176.018','204520','4'),(1090,'Sola (Remix) [feat. ',307,'2017-08-24','english',201,'0.639','0.869','11','-4.024','1','0.147','0.27','0','0.0802','0.766','169.801','307910','4'),(1091,'Despacito (Featuring',228,'2017-05-29','english',682,'0.66','0.786','2','-4.757','1','0.17','0.209','0','0.112','0.849','177.833','228200','4'),(1092,'Reggaetón Lento (Bai',222,'2017-03-15','english',209,'0.761','0.838','4','-3.073','0','0.0502','0.4','0','0.176','0.717','93.974','222560','4'),(1093,'Hey DJ',205,'2017-11-22','english',296,'0.792','0.819','5','-5.418','1','0.0867','0.0309','0','0.389','0.45','89.98','205520','4'),(1094,'Me Llamas (feat. Mal',210,'2016-12-18','english',852,'0.76','0.838','7','-3.828','0','0.0529','0.547','0.0000013','0.0664','0.74','93.05','210323','4'),(1095,'Me Enamoré',225,'2017-03-30','english',773,'0.711','0.875','5','-2.211','1','0.104','0.211','0.000198','0.0862','0.929','103.637','225813','4'),(1096,'Tu Foto',193,'2017-06-10','english',6,'0.735','0.482','7','-9.21','1','0.0508','0.205','0.000194','0.0894','0.783','175.907','193118','4'),(1097,'Vente Pa\' Ca',259,'2017-07-28','english',312,'0.663','0.92','11','-4.07','0','0.226','0.00431','0.0000169','0.101','0.521','99.935','259196','4'),(1098,'Safari',205,'2017-08-24','english',243,'0.508','0.687','0','-4.361','1','0.326','0.551','0.00000341','0.126','0.565','180.044','205600','4'),(1099,'Alguien Robo',223,'2017-08-14','english',278,'0.745','0.921','0','-2.674','1','0.082','0.0897','0','0.178','0.645','92.973','223613','4'),(1100,'Vacaciones',238,'2017-04-04','english',659,'0.772','0.909','6','-3.225','0','0.166','0.256','0','0.255','0.679','96.031','238800','4'),(1101,'Te Quiero Pa´Mi',211,'2017-07-16','english',1162,'0.761','0.82','1','-4.003','1','0.0623','0.125','0.000021','0.183','0.619','88.997','211627','4'),(1102,'Ay Mi Dios',252,'2017-01-10','english',1230,'0.761','0.829','0','-3.203','0','0.0681','0.167','0','0.189','0.82','92.033','252003','4'),(1103,'Traicionera',228,'2017-08-18','english',65,'0.776','0.669','11','-4.933','1','0.0638','0.142','0','0.219','0.646','91.012','228467','4'),(1104,'Si Tú La Ves',221,'2017-03-02','english',535,'0.685','0.731','5','-5.119','0','0.093','0.204','0','0.0722','0.776','177.912','221027','4'),(1105,'Lumbra',197,'2017-01-21','english',1181,'0.724','0.84','0','-3.581','1','0.0392','0.053','0','0.727','0.833','92.01','197087','4'),(1106,'La Bicicleta',227,'2017-11-22','english',397,'0.746','0.961','0','-2.243','1','0.13','0.206','0.00000184','0.329','0.954','179.984','227457','4'),(1107,'Bailame',207,'2017-05-24','english',1044,'0.817','0.869','6','-4.791','1','0.18','0.163','0.00226','0.0497','0.56','96.029','207200','4'),(1108,'Dile Que Tu Me Quier',226,'2017-05-28','english',129,'0.721','0.687','1','-6.682','1','0.0782','0.0998','0','0.0679','0.828','175.914','226400','4'),(1109,'Deja vu',196,'2016-12-10','english',110,'0.732','0.801','9','-3.859','1','0.0327','0.39','0','0.31','0.818','123.981','196480','4'),(1110,'Sé Que Te Duele',228,'2017-08-10','english',164,'0.682','0.858','9','-4.711','1','0.0708','0.245','0','0.104','0.772','94.954','228147','4'),(1111,'Borro Cassette',207,'2017-04-25','english',488,'0.73','0.701','5','-5.885','0','0.106','0.132','0','0.151','0.789','175.95','207307','4'),(1112,'DUELE EL CORAZON',200,'2017-11-08','english',648,'0.724','0.904','8','-3.354','0','0.0966','0.0786','0','0.226','0.851','90.999','200813','4'),(1113,'Andas En Mi Cabeza',247,'2017-06-08','english',476,'0.68','0.954','9','-1.823','1','0.119','0.0244','0','0.112','0.524','104.029','247493','4'),(1114,'Chillax',197,'2017-09-19','english',437,'0.827','0.646','1','-4.727','0','0.0766','0.0724','0','0.247','0.51','92.057','197840','4'),(1115,'Hasta el Amanecer',198,'2017-05-21','english',755,'0.832','0.608','6','-6.042','0','0.0385','0.282','0','0.0761','0.579','94.013','198707','4'),(1116,'Bailame Despacio',240,'2017-11-19','english',1164,'0.688','0.719','2','-4.746','1','0.0555','0.163','0','0.15','0.589','88.015','240000','4'),(1117,'Shaky Shaky',234,'2017-05-16','english',955,'0.899','0.626','6','-4.228','0','0.292','0.076','0','0.0631','0.871','88.007','234320','4'),(1118,'Besándote',181,'2017-04-26','english',1284,'0.724','0.809','7','-4.96','1','0.056','0.0345','0','0.169','0.495','95.037','181048','4'),(1119,'Ando buscando (feat.',199,'2017-07-27','english',951,'0.712','0.841','7','-5.432','0','0.0455','0.0685','0.0000787','0.0672','0.656','98.003','199281','4'),(1120,'Hula Hoop',236,'2016-12-31','english',906,'0.801','0.822','6','-4.655','1','0.0831','0.113','0.00424','0.0877','0.938','176.048','236493','4'),(1121,'Qué Gano Olvidándote',246,'2017-05-24','english',375,'0.49','0.894','11','-1.708','0','0.0947','0.0869','0','0.103','0.656','197.989','246853','4'),(1122,'Ya Me Enteré (feat. ',219,'2017-01-30','english',457,'0.768','0.742','9','-6.308','1','0.0443','0.234','0','0.14','0.8','114.679','219227','5'),(1123,'Mi Tesoro (feat. Nic',246,'2017-05-01','english',1160,'0.725','0.711','10','-4.544','1','0.0335','0.0821','0','0.0931','0.476','93.003','246653','4'),(1124,'Tú Sí Sabes Quererme',245,'2017-07-08','english',529,'0.612','0.57','1','-9.62','0','0.0735','0.803','0.0000329','0.122','0.813','169.842','245493','4'),(1125,'Si Me Dices Que Si (',276,'2017-09-12','english',462,'0.67','0.679','7','-5.618','1','0.118','0.189','0','0.168','0.794','172.069','276688','4'),(1126,'Fuego',166,'2017-01-19','english',722,'0.779','0.659','0','-5.455','1','0.0808','0.0525','0','0.128','0.924','95.003','166600','4'),(1127,'Al Filo de Tu Amor',214,'2017-04-05','english',926,'0.712','0.901','1','-4.699','0','0.0595','0.051','0','0.162','0.84','97.98','214072','4'),(1128,'Young And Menace',223,'2017-04-05','english',1161,'0.648','0.833','11','-5.116','1','0.0543','0.0983','0.001','0.127','0.301','108.001','223800','4'),(1129,'Sugar, We\'re Goin Do',229,'2017-08-13','english',426,'0.499','0.824','7','-4.741','1','0.0794','0.00898','0','0.163','0.692','161.977','229093','4'),(1130,'Centuries',228,'2017-06-01','english',1247,'0.385','0.866','4','-2.817','0','0.0697','0.004','0','0.111','0.548','176.014','228360','4'),(1131,'My Songs Know What Y',186,'2017-05-01','english',1058,'0.561','0.927','9','-4.374','0','0.0619','0.0313','0.0000234','0.529','0.562','152.011','186827','4'),(1132,'Immortals',189,'2017-07-07','english',246,'0.613','0.874','2','-3.594','1','0.0697','0.00139','0.00000182','0.656','0.532','108.038','189387','4'),(1133,'Uma Thurman',211,'2017-09-07','english',657,'0.623','0.956','4','-2.608','0','0.0753','0.119','0.000227','0.617','0.718','149.958','211573','4'),(1134,'Dance, Dance',180,'2016-12-27','english',1244,'0.616','0.961','11','-3.144','0','0.139','0.00494','0','0.078','0.531','114.492','180267','4'),(1135,'This Ain\'t A Scene, ',212,'2016-12-30','english',352,'0.607','0.889','9','-4.034','1','0.0394','0.000965','0','0.0839','0.376','100.034','212040','4'),(1136,'Bad Liar',214,'2017-02-13','english',625,'0.95','0.412','1','-6.592','1','0.0731','0.177','0','0.077','0.741','121.019','214648','4'),(1137,'Despacito - Remix',228,'2017-09-20','english',770,'0.63','0.815','2','-4.265','1','0.152','0.222','0','0.091','0.814','88.357','228827','4'),(1138,'Thunder',187,'2017-05-05','english',675,'0.608','0.841','0','-3.798','1','0.0464','0.00593','0.0573','0.121','0.25','167.969','187761','4'),(1139,'Attention',211,'2017-08-26','english',1062,'0.774','0.626','3','-4.432','0','0.0432','0.0969','0.0000312','0.0848','0.758','100.041','211475','4'),(1140,'There\'s Nothing Hold',199,'2017-05-06','english',686,'0.857','0.8','2','-4.035','1','0.0583','0.381','0','0.0913','0.965','121.996','199440','4'),(1141,'Quit (feat. Ariana G',258,'2017-11-14','english',244,'0.44','0.413','0','-7.425','0','0.0446','0.102','0.000017','0.103','0.125','131.659','258188','4'),(1142,'The Cure',211,'2017-06-03','english',462,'0.696','0.503','8','-4.842','1','0.0356','0.0745','0','0.0869','0.539','99.977','211364','4'),(1143,'First Time',193,'2017-08-09','english',276,'0.633','0.592','0','-7.245','0','0.112','0.197','0','0.099','0.643','90.066','193511','4'),(1144,'No Vacancy',223,'2017-11-12','english',1294,'0.711','0.722','5','-3.946','1','0.0472','0.062','0','0.14','0.483','99.954','223190','4'),(1145,'Most Girls',204,'2017-08-12','english',441,'0.76','0.588','9','-7.082','1','0.0775','0.0485','0','0.0847','0.384','102.974','204400','4'),(1146,'Malibu',231,'2017-07-29','english',923,'0.565','0.782','8','-6.413','1','0.0506','0.0577','0.0000416','0.0757','0.392','140.004','231906','4'),(1147,'Stay (with Alessia C',210,'2017-02-23','english',690,'0.457','0.627','5','-5.091','0','0.111','0.238','0','0.116','0.535','101.384','210091','4'),(1148,'1-800-273-8255',250,'2017-02-12','english',681,'0.622','0.593','5','-7.755','0','0.0414','0.56','0','0.175','0.361','100.048','250200','4'),(1149,'Pretty Girl - Cheat ',193,'2017-04-01','english',34,'0.703','0.868','7','-4.661','0','0.0291','0.15','0.132','0.104','0.732','121.03','193613','4'),(1150,'Now Or Never',214,'2016-12-31','english',727,'0.66','0.575','6','-4.934','0','0.0367','0.115','0.00000159','0.131','0.485','110.091','214802','4'),(1151,'No Promises (feat. D',223,'2017-05-11','english',934,'0.741','0.667','10','-5.445','1','0.134','0.0575','0','0.106','0.609','112.956','223504','4'),(1152,'Slow Hands',188,'2016-11-24','english',1188,'0.726','0.429','0','-6.623','1','0.0519','0.0133','0','0.0574','0.874','85.899','188174','4'),(1153,'Bad Bitch (feat. Ty ',197,'2017-07-09','english',536,'0.656','0.615','5','-6.252','1','0.0539','0.0283','0','0.234','0.364','139.91','197253','4'),(1154,'Good Life (with G-Ea',225,'2017-01-05','english',417,'0.565','0.771','1','-5.22','1','0.212','0.00464','0','0.0568','0.551','168.385','225526','4'),(1155,'The Night We Met',206,'2017-08-10','english',478,'0.549','0.371','2','-9.56','1','0.0378','0.97','0.132','0.639','0.117','87.024','206933','3'),(1156,'Rollin',272,'2017-02-09','english',1136,'0.754','0.762','6','-4.486','0','0.0849','0.45','0.0000667','0.224','0.673','92.002','272667','4'),(1157,'Obsession (feat. Jon',221,'2017-10-29','english',346,'0.741','0.559','10','-7.775','1','0.03','0.00728','0.000971','0.21','0.441','101.999','221983','4'),(1158,'Whippin (feat. Felix',160,'2016-11-28','english',921,'0.87','0.502','5','-7.497','0','0.0549','0.549','0.00356','0.0916','0.676','82.53','160597','4'),(1159,'Symphony',214,'2017-03-03','english',967,'0.718','0.609','0','-4.699','0','0.0429','0.281','0.0000329','0.234','0.47','122.948','214867','4'),(1160,'Break Up Every Night',207,'2017-03-25','english',771,'0.624','0.806','1','-5.957','1','0.0437','0.00411','0','0.0872','0.536','149.999','207520','4'),(1161,'Unforgettable',233,'2017-09-28','english',954,'0.726','0.769','6','-5.043','1','0.123','0.0293','0.0101','0.104','0.75','97.985','233833','4'),(1162,'HUMBLE.',177,'2017-02-18','english',1155,'0.905','0.596','1','-7.496','0','0.118','0.000339','0.0000205','0.0897','0.419','149.996','177604','4'),(1163,'do re mi',212,'2017-07-19','english',314,'0.747','0.592','8','-6.334','1','0.0457','0.00517','0.0000148','0.124','0.16','110.991','212027','3'),(1164,'Swalla (feat. Nicki ',216,'2017-06-08','english',703,'0.696','0.817','1','-3.862','1','0.109','0.075','0','0.187','0.779','98.064','216409','4'),(1165,'Whatever It Takes',201,'2017-08-23','english',1275,'0.673','0.676','1','-5.002','1','0.0308','0.0355','0','0.107','0.568','134.944','201601','4'),(1166,'Touch',213,'2017-01-05','english',366,'0.607','0.718','4','-4.095','1','0.0978','0.032','0','0.403','0.521','101.821','213307','4'),(1167,'Selfish',251,'2017-04-01','english',603,'0.415','0.369','8','-10.044','1','0.0741','0.0303','0.00000764','0.383','0.0951','95.746','251423','4'),(1168,'It Ain’t Me (with Se',220,'2017-04-22','english',616,'0.648','0.532','0','-6.597','1','0.0746','0.0905','0','0.0831','0.497','99.983','220781','4'),(1169,'Mama',184,'2016-11-24','english',1270,'0.747','0.799','11','-4.066','0','0.0405','0.128','0','0.0541','0.537','104.02','184134','4'),(1170,'The One',177,'2017-09-02','english',602,'0.76','0.303','2','-11.362','1','0.0284','0.238','0.00000809','0.294','0.157','99.991','177573','4'),(1171,'Nights With You',197,'2017-10-09','english',498,'0.763','0.671','1','-4.029','0','0.1','0.401','0.0000116','0.375','0.608','120.06','197495','4'),(1172,'TG4M',172,'2016-12-13','english',685,'0.667','0.648','3','-6.398','0','0.0626','0.0235','0.0000152','0.0427','0.585','95.031','172893','4'),(1173,'Mask Off',204,'2017-07-17','english',629,'0.833','0.434','2','-8.795','1','0.431','0.0102','0.0219','0.165','0.286','150.062','204600','4'),(1174,'Bon Appétit',227,'2016-12-19','english',1088,'0.803','0.793','6','-5.769','1','0.0635','0.122','0.0000581','0.154','0.54','106.035','227292','4'),(1175,'Sign of the Times',340,'2017-04-23','english',955,'0.516','0.595','5','-4.63','1','0.0313','0.0275','0','0.109','0.209','119.972','340707','4'),(1176,'At My Best (feat. Ha',200,'2017-10-03','english',212,'0.532','0.778','7','-6.69','0','0.218','0.00246','0.000111','0.153','0.242','169.923','200733','4'),(1177,'Issues',176,'2016-12-14','english',792,'0.704','0.423','8','-6.792','1','0.0862','0.416','0','0.0607','0.45','113.962','176347','4'),(1178,'That\'s What I Like',206,'2017-08-11','english',725,'0.853','0.56','1','-4.961','1','0.0406','0.013','0','0.0944','0.853','134.066','206693','4'),(1179,'September Song',220,'2017-04-18','english',1246,'0.623','0.656','0','-5.608','0','0.0416','0.0561','0','0.0855','0.371','95.878','220291','4'),(1180,'Still Got Time',188,'2017-10-03','english',157,'0.748','0.627','7','-6.029','1','0.0644','0.131','0','0.0852','0.513','120.963','188491','4'),(1181,'Location',219,'2016-12-29','english',944,'0.736','0.449','1','-11.462','0','0.425','0.33','0.000162','0.0898','0.322','80.126','219080','4'),(1182,'Scared to Be Lonely',220,'2017-10-21','english',348,'0.584','0.54','1','-7.786','0','0.0576','0.0895','0','0.261','0.19','137.972','220883','4'),(1183,'Passionfruit',298,'2017-02-25','english',209,'0.804','0.459','11','-11.556','1','0.039','0.304','0.0862','0.11','0.372','111.963','298941','4'),(1184,'Shape of You',233,'2017-06-17','english',1,'0.825','0.652','1','-3.183','0','0.0802','0.581','0','0.0931','0.933','95.977','233713','4'),(1185,'Wild Ones (feat. Sia',232,'2016-12-10','english',677,'0.608','0.86','5','-5.324','0','0.0554','0.0991','0','0.262','0.441','127.075','232947','4'),(1186,'Starships',210,'2017-06-10','english',780,'0.748','0.727','11','-2.42','0','0.0871','0.167','0','0.166','0.68','125.014','210627','4'),(1187,'Lollipop',299,'2017-06-24','english',570,'0.828','0.433','0','-9.716','1','0.199','0.0656','0.000876','0.122','0.446','148.073','299333','4'),(1188,'Time of Our Lives',229,'2017-03-07','english',511,'0.72','0.802','1','-5.797','1','0.0582','0.0921','0','0.694','0.716','124.043','229360','4'),(1189,'Stereo Hearts (feat.',210,'2017-07-29','english',845,'0.646','0.795','9','-3.293','1','0.0976','0.0319','0','0.267','0.791','89.99','210960','4'),(1190,'Glad You Came',198,'2017-06-09','english',89,'0.755','0.838','7','-4.5','0','0.0687','0.0643','0.0000159','0.118','0.454','126.877','198187','4'),(1191,'Dynamite',203,'2017-07-27','english',509,'0.75','0.78','4','-3.155','1','0.0898','0.00622','0','0.0263','0.819','119.985','203867','4'),(1192,'Clique',293,'2017-08-23','english',977,'0.467','0.564','9','-4.986','0','0.353','0.0567','0','0.194','0.304','81.966','293533','4'),(1193,'Airplanes (feat. Hay',180,'2017-08-10','english',758,'0.66','0.867','6','-4.285','0','0.116','0.11','0','0.0368','0.376','93.033','180480','4'),(1194,'Trumpets',217,'2017-03-19','english',861,'0.635','0.691','0','-4.862','1','0.258','0.555','0','0.097','0.63','82.142','217419','4'),(1195,'Live Your Life - fea',338,'2017-05-07','english',728,'0.375','0.862','11','-3.363','0','0.255','0.071','0','0.211','0.472','159.841','338853','4'),(1196,'Like A G6',216,'2017-03-17','english',1059,'0.352','0.843','7','-7.983','0','0.482','0.00738','0','0.0883','0.716','165.29','216893','5'),(1197,'Feel This Moment',229,'2017-02-07','english',508,'0.673','0.758','7','-3.632','1','0.158','0.039','0','0.341','0.541','135.956','229507','4'),(1198,'Timber',204,'2016-12-31','english',662,'0.581','0.963','11','-4.087','1','0.0981','0.0295','0','0.139','0.792','129.992','204160','4'),(1199,'Classic',175,'2017-10-14','english',488,'0.72','0.791','1','-4.689','1','0.124','0.0384','0','0.157','0.767','102.071','175427','4'),(1200,'Titanium (feat. Sia)',245,'2017-01-17','english',452,'0.599','0.803','0','-3.641','0','0.0986','0.069','0.137','0.129','0.254','126.057','245041','4'),(1201,'E.T. - feat. Kanye W',229,'2016-12-21','english',794,'0.62','0.869','1','-5.252','1','0.175','0.0181','0','0.369','0.769','151.684','229573','4'),(1202,'GDFR (feat. Sage The',190,'2017-11-01','english',14,'0.657','0.827','5','-4.036','1','0.0734','0.000704','0.00534','0.065','0.698','145.889','190186','4'),(1203,'Young, Wild & Free (',207,'2017-05-14','english',286,'0.715','0.655','0','-6.425','1','0.137','0.0525','0','0.115','0.557','95.078','207333','4'),(1204,'The Monster',250,'2017-06-06','english',89,'0.786','0.857','9','-3.765','1','0.0734','0.0514','0','0.112','0.602','110.038','250189','4'),(1205,'TiK ToK',199,'2017-02-27','english',887,'0.755','0.832','2','-2.741','0','0.116','0.0746','0.00000127','0.291','0.719','120.032','199693','4'),(1206,'Love You Like A Love',188,'2017-08-09','english',268,'0.859','0.697','1','-3.79','0','0.0569','0.0715','0','0.0761','0.875','117.008','188453','4'),(1207,'Don\'t You Worry Chil',212,'2017-08-26','english',1277,'0.612','0.84','11','-3.145','0','0.0509','0.112','0','0.116','0.441','129.042','212862','4'),(1208,'Sexy Bitch (feat. Ak',195,'2017-07-23','english',380,'0.809','0.628','11','-5.021','0','0.0561','0.0762','0.000371','0.113','0.797','130.008','195853','4'),(1209,'Somebody',189,'2016-12-08','english',671,'0.842','0.531','0','-8.729','1','0.0377','0.000979','0.0000134','0.0667','0.758','105.013','189907','4'),(1210,'Maps',189,'2017-02-12','english',915,'0.745','0.714','1','-5.501','0','0.0302','0.0183','0','0.0636','0.847','120.025','189959','4'),(1211,'Am I Wrong',247,'2017-11-18','english',1258,'0.725','0.68','8','-5.465','1','0.0306','0.162','0.00000213','0.158','0.753','119.939','247520','4'),(1212,'Umbrella',275,'2017-02-28','english',947,'0.579','0.821','1','-4.616','1','0.152','0.0117','0','0.0631','0.561','174.063','275987','4'),(1213,'Counting Stars',257,'2017-04-09','english',961,'0.663','0.714','1','-4.944','0','0.038','0.0649','0','0.116','0.471','121.99','257840','4'),(1214,'Turn Down for What',213,'2016-12-20','english',665,'0.818','0.799','1','-4.1','0','0.156','0.00107','0.128','0.057','0.0953','100.014','213733','4'),(1215,'Get Lucky',369,'2017-02-22','english',438,'0.81','0.793','6','-9.404','0','0.0403','0.0378','0.00000182','0.072','0.86','116.049','369627','4'),(1216,'A Dustland Fairytale',225,'2016-12-01','english',198,'0.441','0.87','2','-4.845','1','0.057','0.0533','0.0000037','0.0936','0.281','134.469','225160','4'),(1217,'My House',192,'2017-04-07','english',972,'0.688','0.702','7','-4.792','0','0.0499','0.0215','0','0.128','0.731','94.006','192191','4'),(1218,'Best I Ever Had',257,'2017-09-04','english',368,'0.427','0.861','1','-4.874','1','0.376','0.219','0','0.277','0.581','161.776','257760','4'),(1219,'Stitches',206,'2017-09-08','english',223,'0.592','0.752','1','-6.589','1','0.114','0.0196','0','0.0477','0.73','74.784','206880','4'),(1220,'I Will Never Let You',203,'2017-07-07','english',9,'0.753','0.801','4','-3.215','1','0.0296','0.403','0','0.128','0.787','128.011','203467','4'),(1221,'Do I Wanna Know?',272,'2017-08-15','english',675,'0.548','0.532','5','-7.596','1','0.0323','0.186','0.000263','0.217','0.428','85.03','272394','4'),(1222,'Cinema - Skrillex Re',307,'2017-08-30','english',747,'0.635','0.983','6','-3.807','0','0.174','0.00901','0.00799','0.0683','0.422','145.085','307987','4'),(1223,'Take Care',277,'2017-07-23','english',412,'0.697','0.527','0','-10.438','0','0.211','0.0431','0.0000125','0.0882','0.289','121.849','277387','4'),(1224,'Love Song',258,'2016-11-29','english',1117,'0.583','0.786','2','-3.142','0','0.0301','0.0208','0','0.188','0.556','123.052','258827','4'),(1225,'Blurred Lines',263,'2016-12-25','english',449,'0.862','0.608','7','-4.762','1','0.0402','0.00373','0.00000614','0.0856','0.825','120.002','263827','4'),(1226,'Swimming Pools (Dran',313,'2017-04-17','english',192,'0.68','0.489','11','-7.837','0','0.432','0.119','0.0000286','0.606','0.261','74.04','313787','4'),(1227,'Beautiful Girls - Ra',225,'2017-08-13','english',915,'0.772','0.648','9','-6.222','1','0.0612','0.161','0','0.269','0.744','129.966','225560','4'),(1228,'Cool',189,'2017-04-24','english',99,'0.709','0.697','2','-3.471','1','0.0275','0.0532','0.0000515','0.349','0.78','112.017','189333','4'),(1229,'Can’t Live Without',262,'2017-10-26','english',346,'0.627','0.56','5','-5.378','1','0.0667','0.455','0','0.126','0.488','97.967','262853','4'),(1230,'Glimpse',217,'2017-04-06','english',135,'0.567','0.678','10','-6.642','0','0.0404','0.0394','0','0.102','0.381','141.951','217480','4'),(1231,'Broken Things',187,'2016-12-18','english',938,'0.547','0.513','0','-7.451','1','0.0309','0.0495','0','0.181','0.262','110.54','187013','4'),(1232,'Even If',255,'2017-02-19','english',381,'0.335','0.582','5','-5.09','1','0.0375','0.379','0.0000267','0.0954','0.13','110.522','255160','4'),(1233,'Home',219,'2017-11-22','english',394,'0.468','0.786','9','-2.757','1','0.0334','0.0363','0','0.31','0.479','84.992','219720','4'),(1234,'Nowhere',228,'2017-03-01','english',825,'0.322','0.508','7','-7.681','1','0.0341','0.648','0.00297','0.152','0.191','155.128','228067','4'),(1235,'Hills and Valleys (T',250,'2017-03-31','english',342,'0.486','0.331','2','-9.106','1','0.0328','0.766','0','0.072','0.421','79.277','250123','4'),(1236,'Chain Breaker',195,'2017-11-07','english',536,'0.475','0.672','0','-5.925','1','0.0329','0.0189','0','0.117','0.382','77.857','195907','4'),(1237,'Clean',277,'2017-08-13','english',351,'0.361','0.236','6','-7.781','1','0.0315','0.912','0.0000779','0.0831','0.184','147.309','277973','3'),(1238,'I Will',245,'2017-08-19','english',148,'0.519','0.684','6','-3.746','1','0.0325','0.447','0','0.0901','0.293','133.943','245853','4'),(1239,'The Gospel',254,'2017-06-02','english',987,'0.576','0.686','3','-6.032','1','0.0554','0.0353','0.0000668','0.114','0.599','153.901','254262','4'),(1240,'Throne Room',284,'2017-04-19','english',590,'0.511','0.815','6','-6.317','0','0.048','0.0342','0','0.09','0.245','128.004','284947','4'),(1241,'I Won\'t Let You Go -',237,'2017-05-07','english',1286,'0.526','0.692','4','-3.895','1','0.0278','0.0164','0','0.0786','0.266','137.849','237467','4'),(1242,'Unfinished',215,'2016-12-12','english',763,'0.621','0.674','6','-4.635','0','0.0323','0.0176','0','0.242','0.255','92.994','215050','4'),(1243,'Old Church Choir',176,'2017-10-21','english',1257,'0.673','0.813','0','-5.895','1','0.0363','0.117','0','0.148','0.638','103.999','176453','4'),(1244,'Forgiven',236,'2017-04-12','english',92,'0.555','0.663','0','-5.628','1','0.042','0.28','0','0.107','0.295','75.976','236667','4'),(1245,'Love Wins',225,'2017-02-04','english',592,'0.534','0.508','2','-7.085','1','0.0322','0.379','0','0.0867','0.407','153.947','225933','4'),(1246,'I Have This Hope',204,'2017-09-27','english',82,'0.422','0.336','0','-7.199','1','0.0306','0.199','0','0.189','0.0974','108.009','204800','4'),(1247,'In Awe',218,'2017-07-07','english',1232,'0.448','0.412','11','-7.877','1','0.0281','0.568','0.0000568','0.159','0.308','133.881','218133','4'),(1248,'Oh My Soul',255,'2017-06-20','english',713,'0.331','0.427','3','-7.431','1','0.0302','0.498','0','0.108','0.129','157.938','255173','3'),(1249,'You Redeem - Studio ',222,'2016-11-26','english',1168,'0.385','0.663','2','-5.902','1','0.0271','0.0229','0','0.0841','0.237','156.066','222400','3'),(1250,'Amen',212,'2017-03-21','english',1103,'0.447','0.89','6','-4.563','1','0.0676','0.0141','0','0.0858','0.331','93.894','212701','4'),(1251,'Brand New Life',220,'2017-06-25','english',711,'0.619','0.733','8','-5.055','1','0.0405','0.0107','0','0.176','0.507','100.071','220840','4'),(1252,'Oceans (Where Feet M',249,'2017-11-12','english',245,'0.497','0.604','2','-9.438','1','0.0313','0.202','0','0.299','0.225','131.935','249640','4'),(1253,'O God Forgive Us',205,'2016-12-28','english',390,'0.464','0.225','0','-9.155','1','0.0403','0.587','0.00000564','0.116','0.209','84.677','205387','4'),(1254,'Death Was Arrested',293,'2017-06-18','english',1215,'0.306','0.742','11','-3.914','1','0.0427','0.0298','0','0.126','0.149','155.873','293331','3'),(1255,'Back To God',243,'2017-06-10','english',1006,'0.536','0.711','6','-4.916','1','0.0367','0.149','0','0.112','0.326','147.9','243013','4'),(1256,'Say The Word',264,'2016-12-02','english',82,'0.429','0.636','5','-7.684','1','0.0325','0.000767','0.0000514','0.203','0.233','123.966','264320','4'),(1257,'On My Side',252,'2017-05-20','english',1294,'0.295','0.326','9','-6.125','0','0.0318','0.627','0','0.157','0.136','126.704','252360','3'),(1258,'Bloom',168,'2017-04-08','english',1024,'0.534','0.933','6','-4.021','1','0.0781','0.0218','0','0.159','0.783','174.081','168040','4'),(1259,'Revival',219,'2017-04-17','english',1235,'0.475','0.92','5','-4.991','1','0.0941','0.104','0','0.575','0.729','154.906','219280','4'),(1260,'Hold It All',248,'2017-10-08','english',502,'0.436','0.618','3','-8.402','0','0.0432','0.415','0.00000246','0.177','0.352','83.982','248962','4'),(1261,'Lifer',201,'2017-01-28','english',106,'0.704','0.928','8','-3.422','1','0.0443','0.0458','0','0.345','0.96','113.981','201093','4'),(1262,'Now',202,'2017-03-06','english',325,'0.543','0.944','11','-2.647','1','0.0759','0.0166','0','0.146','0.728','93.957','202039','4'),(1263,'Battles',235,'2017-10-08','english',3,'0.534','0.862','1','-4.282','1','0.0486','0.0108','0','0.104','0.435','104.012','235733','4'),(1264,'Prove Me Wrong',247,'2017-06-01','english',342,'0.227','0.309','0','-7.368','1','0.0292','0.85','0','0.0898','0.225','167.097','247020','4'),(1265,'Run the Race',207,'2017-11-17','english',398,'0.732','0.606','10','-5.21','1','0.0313','0.193','0.00000125','0.165','0.637','115.985','207052','4'),(1266,'The Happy Song',167,'2017-04-04','english',966,'0.659','0.848','4','-3.273','1','0.202','0.322','0','0.243','0.961','166.009','167711','4'),(1267,'Find You Here',228,'2017-10-01','english',1035,'0.588','0.58','0','-7.833','1','0.0272','0.298','0','0.0811','0.492','138.013','228453','4'),(1268,'Change The World (fe',199,'2017-02-03','english',975,'0.353','0.87','0','-5.386','1','0.127','0.0875','0','0.079','0.308','135.045','199111','4'),(1269,'Rise',230,'2017-04-24','english',469,'0.696','0.713','11','-5.114','0','0.123','0.225','0.00000222','0.194','0.368','189.932','230933','4'),(1270,'Priceless',208,'2017-05-21','english',721,'0.529','0.769','11','-6.369','1','0.0469','0.00532','0','0.19','0.648','73.946','208520','4'),(1271,'Alive In You - Studi',239,'2017-02-06','english',895,'0.525','0.657','7','-6.394','1','0.0271','0.000774','0','0.0778','0.286','77.013','239999','4'),(1272,'What A Beautiful Nam',238,'2017-06-15','english',1015,'0.423','0.502','2','-5.924','1','0.0293','0.187','0','0.108','0.0968','135.858','238200','4'),(1273,'Beloved',240,'2017-01-29','english',1086,'0.574','0.802','11','-4.801','0','0.0299','0.00497','0','0.333','0.52','128.062','240453','4'),(1274,'There Is a Cloud',347,'2017-02-19','english',1086,'0.388','0.542','2','-6.122','1','0.0321','0.000619','0','0.175','0.128','135.866','347893','3'),(1275,'Rise',217,'2017-07-20','english',872,'0.519','0.907','4','-3.918','1','0.0444','0.0643','0','0.264','0.603','147.957','217800','4'),(1276,'Fearless',183,'2017-06-14','english',1099,'0.688','0.843','5','-4.12','1','0.0452','0.00687','0','0.0464','0.841','105.02','183413','4'),(1277,'Tears',235,'2017-09-17','english',281,'0.569','0.484','0','-6.536','1','0.0304','0.807','0.00000935','0.163','0.308','122.08','235680','4'),(1278,'To Live Is Christ',228,'2017-04-21','english',706,'0.547','0.511','11','-5.802','1','0.0294','0.0024','0.00000124','0.109','0.179','143.968','228040','4'),(1279,'Be The Change',237,'2017-06-30','english',89,'0.511','0.831','11','-4.826','1','0.131','0.0198','0','0.661','0.544','141.971','237453','4'),(1280,'Parachute',200,'2017-09-02','english',926,'0.676','0.79','7','-3.674','1','0.0338','0.000937','0.0000894','0.0938','0.0484','99.948','200481','4'),(1281,'Where You Are (Reima',203,'2016-12-23','english',461,'0.587','0.791','8','-6.313','0','0.0911','0.0646','0','0.25','0.593','125.993','203937','4'),(1282,'The Cause Of Christ',297,'2016-12-21','english',827,'0.389','0.525','9','-7.941','1','0.0403','0.183','0','0.308','0.0963','143.919','297320','3'),(1283,'King Of The World',216,'2017-01-16','english',151,'0.528','0.59','6','-6.682','1','0.0352','0.105','0','0.104','0.113','118.031','216400','4'),(1284,'Come Alive (Dry Bone',235,'2017-05-28','english',873,'0.37','0.723','0','-4.774','1','0.0364','0.0326','0','0.0982','0.117','149.923','235227','4'),(1285,'Even So Come - Radio',254,'2016-12-30','english',12,'0.301','0.762','7','-3.392','1','0.0402','0.0919','0','0.0822','0.208','161.864','254373','3'),(1286,'10,000 Reasons (Bles',256,'2017-11-16','english',41,'0.459','0.561','7','-7.091','1','0.0271','0.0839','0','0.0998','0.298','144.784','256933','4'),(1287,'More Than Conquerors',234,'2017-06-29','english',170,'0.545','0.576','6','-11.081','1','0.0277','0.0793','0','0.103','0.416','100.304','234199','4'),(1288,'TESTIFY',243,'2016-12-11','english',726,'0.495','0.71','0','-3.941','1','0.0288','0.471','0','0.0703','0.332','90.024','243800','4'),(1289,'Great Are You Lord (',232,'2017-05-06','english',521,'0.492','0.656','9','-7.361','1','0.0365','0.0832','0','0.202','0.336','147.948','232379','3'),(1290,'Worthy Of Your Name ',307,'2017-01-01','english',424,'0.401','0.7','0','-5.07','1','0.0368','0.0551','0','0.0961','0.171','81.049','307680','4'),(1291,'My All In All',288,'2017-01-31','english',556,'0.436','0.836','10','-4.884','1','0.0497','0.00392','0.00000112','0.113','0.314','147.978','288253','4'),(1292,'Love Broke Thru',237,'2017-07-08','english',210,'0.674','0.895','0','-3.973','1','0.0337','0.0101','0','0.0996','0.558','102.984','237146','4'),(1293,'Magnify',208,'2017-06-09','english',680,'0.566','0.766','11','-6.87','1','0.0552','0.133','0','0.117','0.393','139.955','208627','4'),(1294,'The Cross Has The Fi',252,'2017-09-29','english',169,'0.211','0.649','0','-7.28','1','0.0393','0.157','0','0.117','0.289','150.11','252965','4'),(1295,'Eye of the Storm (fe',331,'2017-07-06','english',107,'0.305','0.726','9','-6.375','1','0.061','0.196','0','0.464','0.547','82.673','331613','4'),(1296,'Black Colors',247,'2017-06-09','english',26,'0.237','0.99','7','-3.331','1','0.24','0.000127','0.0914','0.393','0.169','151.545','247533','4'),(1297,'A Darkened Gospel',311,'2017-10-02','english',1109,'0.455','0.994','4','-4.584','0','0.193','0.0000151','0.0012','0.0908','0.0703','125.035','311217','4'),(1298,'Soil the Stillborn',239,'2017-07-22','english',265,'0.236','0.981','6','-2.635','1','0.299','0.00000794','0.874','0.325','0.129','160.114','239696','4'),(1299,'No Absolution',201,'2017-08-18','english',597,'0.468','0.998','9','-0.994','0','0.15','0.00256','0','0.233','0.064','140.003','201783','4'),(1300,'Hearteater',314,'2017-08-04','english',892,'0.476','0.962','8','-4.023','1','0.12','0.000102','0.106','0.137','0.451','145.947','314907','4'),(1301,'Shapeless Abominatio',209,'2017-03-01','english',69,'0.226','0.553','1','-9.169','1','0.0546','0.00000835','0.0379','0.0728','0.323','129.255','209563','4'),(1302,'Dirty Waters',263,'2017-02-28','english',266,'0.495','0.955','6','-4.181','1','0.0798','0.00105','0.0551','0.308','0.362','130.002','263687','4'),(1303,'Defiled',229,'2017-05-31','english',1122,'0.296','0.983','11','-2.999','1','0.169','0.0000583','0.146','0.508','0.231','115.003','229859','4'),(1304,'Negative',260,'2017-09-11','english',913,'0.474','0.925','2','-3.539','1','0.146','0.0000184','0.901','0.324','0.142','139.97','260706','4'),(1305,'Distorting of Percep',180,'2017-05-06','english',1198,'0.406','0.936','2','-4.564','0','0.11','0.000168','0.242','0.062','0.26','139.922','180872','4'),(1306,'Ruin',267,'2017-09-27','english',649,'0.173','0.927','1','-5.22','1','0.0869','0.0000812','0.23','0.229','0.183','99.131','267600','4'),(1307,'Fauxhammer',224,'2017-10-08','english',952,'0.404','0.989','2','-1.374','1','0.184','0.0000101','0.556','0.536','0.153','94.291','224812','4'),(1308,'Spiteful Nature',217,'2017-09-25','english',214,'0.456','0.97','1','-4.655','1','0.175','0.000393','0.0432','0.0914','0.0399','124.976','217133','4'),(1309,'We Wait',233,'2017-06-18','english',814,'0.242','0.96','1','-4.112','1','0.306','0.0147','0.0562','0.0923','0.199','169.896','233796','4'),(1310,'Plague of Immortalit',229,'2017-03-23','english',825,'0.472','0.942','11','-3.954','0','0.0951','0.0000442','0.823','0.324','0.186','150.005','229640','4'),(1311,'Arrogance',244,'2017-11-01','english',381,'0.227','0.921','1','-6.149','0','0.099','0.0000295','0.792','0.154','0.116','175.167','244181','3'),(1312,'Inferiority',268,'2017-08-12','english',733,'0.444','0.943','1','-4.955','0','0.09','0.0000573','0.00704','0.114','0.292','119.945','268187','4'),(1313,'Senseless Order',319,'2017-08-30','english',1220,'0.17','0.866','4','-7.304','1','0.101','0.0000853','0.976','0.569','0.11','117.539','319582','4'),(1314,'Advent',294,'2017-07-29','english',1299,'0.276','0.919','1','-3.773','1','0.111','0.0000419','0.181','0.479','0.149','116.038','294034','3'),(1315,'Venomous',264,'2016-12-31','english',235,'0.401','0.988','1','-4.104','0','0.192','0.0000649','0.116','0.342','0.191','155.356','264107','4'),(1316,'Substance Affliction',200,'2017-05-17','english',1179,'0.398','0.974','1','-2.823','0','0.16','0.0000753','0.0076','0.389','0.245','129.983','200525','4'),(1317,'To Encompass and Ecl',250,'2016-12-25','english',1288,'0.566','0.986','1','-5.016','1','0.0884','0.000696','0.0164','0.399','0.15','127.515','250647','4'),(1318,'Rope',192,'2017-11-22','english',302,'0.39','0.978','11','-4.209','1','0.289','0.000103','0.941','0.12','0.102','100.221','192011','4'),(1319,'Permanent Intoxicati',282,'2017-08-17','english',248,'0.336','0.983','11','-1.812','0','0.128','0.0000267','0.00362','0.257','0.131','113.711','282401','4'),(1320,'Tremendous Strain',228,'2017-07-23','english',330,'0.48','0.984','3','-5.718','0','0.116','0.00545','0.283','0.588','0.146','130.02','228923','4'),(1321,'Of Talons and Teeth',232,'2017-01-08','english',908,'0.285','0.989','7','-4.407','1','0.147','0.000273','0.797','0.104','0.201','140.019','232999','4'),(1322,'Pitchblack',221,'2017-07-15','english',951,'0.428','0.997','8','-3.587','1','0.185','0.0000495','0.955','0.253','0.0533','149.998','221776','4'),(1323,'Zerotonin 2',197,'2017-09-22','english',727,'0.256','0.98','3','-5.107','1','0.0964','0.000283','0.0196','0.618','0.11','94.99','197684','4'),(1324,'False Hope',309,'2017-02-14','english',784,'0.491','0.928','9','-3.866','1','0.0938','0.000102','0.363','0.14','0.14','132.973','309734','4'),(1325,'1208',198,'2017-07-16','english',437,'0.274','0.925','1','-5.204','1','0.111','0.000673','0.156','0.47','0.102','161.25','198011','4'),(1326,'Plagues',255,'2017-06-08','english',1132,'0.217','0.98','5','-3.332','1','0.133','0.00125','0.00139','0.287','0.0658','139.024','255725','4'),(1327,'Hear Me Out',149,'2017-08-29','english',448,'0.261','0.863','11','-7.199','1','0.0721','0.0000458','0.00000733','0.329','0.316','108.347','149278','4'),(1328,'Down into the Abyss',256,'2017-02-08','english',145,'0.517','0.991','9','-2.406','0','0.112','0.0000135','0.0000144','0.0501','0.194','120.026','256920','4'),(1329,'Dance of the Witch',282,'2017-08-29','english',678,'0.258','0.905','10','-4.897','1','0.136','0.000482','0.000489','0.686','0.16','112.94','282101','4'),(1330,'New World Slaughter',328,'2017-01-31','english',358,'0.484','0.98','0','-1.939','1','0.075','0.000012','0.188','0.779','0.165','119.997','328000','4'),(1331,'FVNERAL MOON',300,'2017-07-21','english',1052,'0.387','0.967','5','-3.335','0','0.128','0.0000656','0.226','0.337','0.0536','129.904','300000','4'),(1332,'Beautiful Agony',271,'2017-08-11','english',287,'0.424','0.992','5','-2.976','0','0.19','0.00029','0.0000213','0.322','0.0914','145.144','271560','4'),(1333,'Ways Of Transfigurat',267,'2017-07-01','english',879,'0.45','0.986','1','-2.384','1','0.151','0.000111','0.251','0.0645','0.172','159.976','267000','4'),(1334,'Black Mammoth',278,'2017-10-10','english',933,'0.222','0.985','7','-4.105','1','0.149','0.0000213','0.00644','0.775','0.16','136.227','278577','4'),(1335,'Solicitude',210,'2017-06-23','english',726,'0.455','0.973','1','-4.597','0','0.132','0.000054','0.00193','0.365','0.448','102.076','210426','4'),(1336,'The Call of Mighty',252,'2017-03-01','english',832,'0.398','0.955','7','-3.39','0','0.0698','0.000123','0.458','0.299','0.134','100.03','252005','4'),(1337,'Manufactured Existen',267,'2017-07-02','english',680,'0.399','0.877','11','-5.418','0','0.0804','0.0000088','0.358','0.677','0.254','112.351','267209','3'),(1338,'Bastard Son',194,'2017-02-11','english',906,'0.401','0.921','6','-3.287','0','0.0781','0.0000328','0.753','0.359','0.372','102.035','194000','4'),(1339,'The Shaping Sickness',246,'2017-03-07','english',1190,'0.209','0.955','11','-4.527','1','0.143','0.0000194','0.0118','0.0925','0.114','199.988','246689','4'),(1340,'Drown Me in Blood',258,'2017-08-30','english',629,'0.493','0.964','1','-3.079','1','0.0954','0.0000156','0.00733','0.727','0.17','110.005','258868','4'),(1341,'Inferno',219,'2017-11-15','english',874,'0.339','0.958','9','-2.909','0','0.153','0.00115','0.0000156','0.651','0.273','128.806','219317','4'),(1342,'Debris',184,'2017-06-27','english',1183,'0.458','0.957','0','-6.16','1','0.107','0.0000532','0.0000897','0.364','0.154','120.006','184482','4'),(1343,'I, the Weak',275,'2016-12-03','english',692,'0.263','0.896','6','-8.048','1','0.11','0.0000145','0.876','0.363','0.251','113.106','275719','4'),(1344,'American Dream',198,'2017-04-06','english',1210,'0.482','0.968','6','-4.395','1','0.149','0.00192','0.000454','0.108','0.245','114.001','198947','4'),(1345,'Temptress',256,'2017-08-26','english',74,'0.379','0.979','9','-3.77','1','0.107','0.0000221','0.877','0.453','0.156','140.029','256114','4'),(1346,'Flag of the Beast',203,'2017-07-30','english',641,'0.535','0.974','10','-3.566','0','0.172','0.0000205','0.000149','0.263','0.431','116.956','203500','4'),(1347,'Unanswered',135,'2017-01-14','english',384,'0.329','0.993','6','-3.416','1','0.0969','0.0000169','0.641','0.342','0.372','116.461','135653','4'),(1348,'Be My Valentine (fea',200,'2017-07-24','english',1294,'0.162','0.957','10','-6.229','0','0.147','0.0000455','0.867','0.669','0.119','96.822','200961','5'),(1349,'Prismatic Abyss',220,'2017-10-18','english',116,'0.389','0.985','1','-2.795','0','0.112','0.00000541','0.954','0.305','0.0637','135.019','220558','4'),(1350,'Right In',180,'2017-05-27','english',601,'0.636','0.802','2','-2.168','1','0.167','0.00631','0.0000414','0.059','0.334','139.815','180400','4'),(1351,'Bangarang (feat. Sir',215,'2017-09-24','english',54,'0.716','0.972','7','-2.302','1','0.196','0.0145','0.0000322','0.317','0.566','110.026','215253','4'),(1352,'Breakn\' A Sweat',301,'2017-07-21','english',1068,'0.596','0.921','11','-2.5','0','0.074','0.0049','0.00019','0.536','0.232','139.969','301987','4'),(1353,'The Devil\'s Den',292,'2017-09-05','english',1276,'0.616','0.946','1','-2.876','1','0.0687','0.00075','0.0777','0.355','0.332','127.992','292907','4'),(1354,'Right On Time',245,'2017-11-02','english',576,'0.633','0.926','11','-4.749','0','0.0971','0.0106','0.54','0.133','0.493','140.037','245053','4'),(1355,'Kyoto (feat. Sirah)',200,'2017-04-04','english',350,'0.605','0.92','4','-2.298','0','0.0713','0.0012','0.000596','0.483','0.22','174.974','200787','4'),(1356,'Skrillex Orchestral ',414,'2017-11-16','english',22,'0.176','0.479','7','-7.471','0','0.0282','0.654','0.591','0.13','0.0622','100.831','414747','4'),(1357,'Satellite',232,'2017-09-17','english',361,'0.385','0.404','8','-6.999','1','0.029','0.218','0.00000157','0.113','0.0703','146.128','232716','4'),(1358,'Nosedive',231,'2017-01-17','english',437,'0.68','0.593','1','-6.496','1','0.176','0.328','0','0.105','0.396','94.007','231679','4'),(1359,'PIZZA',212,'2017-03-14','english',1101,'0.726','0.889','6','-4.251','0','0.0304','0.0171','0.00106','0.0741','0.531','119.983','212409','4'),(1360,'??? ???? Stay With M',193,'2016-12-16','english',296,'0.741','0.219','11','-11.944','1','0.0432','0.773','0.00000284','0.116','0.198','101.78','193217','4'),(1361,'Stardust',246,'2017-04-21','english',775,'0.587','0.554','1','-7.212','1','0.0424','0.498','0.000663','0.106','0.431','80.013','246457','4'),(1362,'Burning youth',128,'2017-09-30','english',386,'0.321','0.751','9','-4.655','1','0.0543','0.0000254','0.235','0.109','0.174','110.182','128340','4'),(1363,'Wi Ing Wi Ing',193,'2016-12-05','english',906,'0.697','0.692','7','-5.34','1','0.0511','0.263','0','0.104','0.275','124.829','193605','4'),(1364,'Wonder',229,'2017-07-04','english',772,'0.483','0.524','11','-3.92','1','0.0261','0.712','0','0.0975','0.519','91.878','229261','4'),(1365,'I\'ll Pick You Up',221,'2017-11-08','english',1142,'0.498','0.436','6','-4.592','1','0.0304','0.285','0','0.06','0.261','79.871','221293','4'),(1366,'VAMOS',183,'2017-11-08','english',793,'0.635','0.575','11','-8.8','0','0.0581','0.0262','0.00337','0.361','0.493','159.913','183781','4'),(1367,'MWAH',186,'2017-10-25','english',540,'0.819','0.677','5','-5.703','0','0.0423','0.364','0.0313','0.0915','0.93','94.975','186817','4'),(1368,'Loop',238,'2017-08-18','english',320,'0.676','0.508','2','-7.515','1','0.0577','0.564','0.000142','0.101','0.327','106.015','238895','4'),(1369,'With Me',201,'2017-10-19','english',1280,'0.657','0.427','0','-6.879','1','0.0377','0.873','0','0.109','0.24','144.014','201667','4'),(1370,'Monster',263,'2017-03-22','english',240,'0.483','0.747','5','-4.363','1','0.0549','0.0989','0.000409','0.24','0.223','80.117','263979','4'),(1371,'What 2 Do',225,'2017-10-22','english',1260,'0.62','0.529','5','-5.333','0','0.0353','0.264','0','0.354','0.572','94.951','225800','4'),(1372,'For Me',230,'2017-06-27','english',378,'0.751','0.489','8','-5.418','1','0.0343','0.669','0.00000357','0.177','0.468','140.013','230493','4'),(1373,'Fallen in Love (Only',203,'2017-02-12','english',708,'0.767','0.445','6','-8.527','1','0.0328','0.765','0.000727','0.0897','0.375','119.923','203263','4'),(1374,'Talk',226,'2017-03-24','english',1107,'0.844','0.32','6','-9.532','0','0.0475','0.164','0','0.107','0.575','125.927','226600','4'),(1375,'Black Out',237,'2017-11-19','english',812,'0.743','0.886','8','-3.503','0','0.0831','0.253','0.00267','0.714','0.397','109.961','237588','4'),(1376,'Sleeping Habits',204,'2017-11-07','english',739,'0.54','0.408','0','-11.899','0','0.0457','0.107','0.000811','0.111','0.655','159.813','204589','4'),(1377,'Romance in Seoul',230,'2017-09-19','english',1259,'0.657','0.536','4','-7.073','1','0.0303','0.224','0.00432','0.352','0.184','119.95','230000','4'),(1378,'Hot and Cold (feat. ',200,'2017-02-16','english',176,'0.549','0.451','1','-10.302','0','0.15','0.532','0.0000344','0.0425','0.621','85.296','200231','4'),(1379,'Ki-dult',175,'2017-08-07','english',1001,'0.762','0.277','7','-9.263','1','0.0459','0.859','0','0.161','0.286','109.689','175792','3'),(1380,'?? ??, ???? (Duet Wi',249,'2017-09-19','english',577,'0.214','0.484','9','-5.44','1','0.0324','0.837','0.0000966','0.114','0.267','81.625','249727','4'),(1381,'??? ?? Love Equation',222,'2016-11-25','english',1183,'0.63','0.684','11','-6.74','0','0.0399','0.0219','0.00108','0.103','0.881','142.952','222546','4'),(1382,'I Don\'t Love You',254,'2017-06-13','english',284,'0.35','0.347','4','-6.154','1','0.0318','0.806','0.00000437','0.102','0.241','146.661','254925','4'),(1383,'My eyes',157,'2017-08-28','english',469,'0.892','0.443','0','-6.181','1','0.0379','0.439','0','0.0866','0.729','107.984','157001','4'),(1384,'Zig Zag',99,'2017-01-14','english',193,'0.764','0.177','9','-13.596','0','0.0983','0.881','0.0000334','0.121','0.569','115.697','99610','4'),(1385,'Cake Love (PROD. BY ',278,'2017-05-01','english',856,'0.432','0.761','1','-4.126','1','0.0305','0.0117','0.0000288','0.75','0.334','138.004','278999','4'),(1386,'HOW WAS YOUR DAY',215,'2017-08-23','english',1101,'0.7','0.425','7','-9.52','1','0.0287','0.423','0.00000172','0.0879','0.283','95.058','215005','4'),(1387,'?? Shame',388,'2017-04-30','english',338,'0.453','0.678','9','-7.291','0','0.0494','0.00922','0.0000511','0.0477','0.0827','131.936','388463','4'),(1388,'You Wouldn\'t Even Kn',299,'2017-10-26','english',985,'0.574','0.51','7','-7.63','1','0.0334','0.414','0.000213','0.0995','0.125','121.989','299008','4'),(1389,'??? ? ??? Can I Get ',222,'2017-03-17','english',12,'0.894','0.161','4','-14.311','1','0.088','0.705','0.0033','0.312','0.818','104.968','222307','4'),(1390,'Sneakers',232,'2017-09-12','english',1005,'0.717','0.844','1','-5.363','0','0.0299','0.368','0.0000193','0.255','0.825','110.023','232944','4'),(1391,'Dangerous',223,'2016-12-21','english',1086,'0.712','0.625','7','-8.832','1','0.149','0.289','0','0.127','0.718','100.004','223333','4'),(1392,'Night Time Melody',224,'2017-11-16','english',1118,'0.768','0.743','0','-6.09','1','0.0455','0.138','0.00128','0.142','0.692','89.983','224009','4'),(1393,'Reason Why We Have T',202,'2017-07-25','english',1029,'0.489','0.173','3','-9.827','1','0.0567','0.909','0','0.117','0.625','121.054','202827','3'),(1394,'Love, Love.',210,'2017-04-19','english',490,'0.597','0.575','10','-3.705','1','0.0341','0.508','0','0.265','0.516','85.018','210893','4'),(1395,'I Don\'t Want',224,'2016-11-27','english',664,'0.598','0.515','5','-4.695','0','0.0363','0.772','0.00000491','0.164','0.377','117.762','224779','3'),(1396,'All in Vain',236,'2017-09-27','english',551,'0.616','0.387','9','-6.079','0','0.0335','0.286','0','0.277','0.47','81.856','236960','4'),(1397,'?? Return Home',319,'2017-02-01','english',761,'0.766','0.602','0','-8.388','0','0.0273','0.0805','0.765','0.0889','0.378','100.042','319360','4'),(1398,'? Water',293,'2017-04-30','english',851,'0.792','0.15','1','-15.644','1','0.0486','0.804','0.000013','0.0704','0.33','83.625','293458','4'),(1399,'Summer Night You and',206,'2017-06-24','english',672,'0.709','0.29','4','-11.092','1','0.0322','0.805','0','0.17','0.584','90.046','206013','4'),(1400,'Let You Go',257,'2017-07-09','english',805,'0.679','0.126','11','-10.562','0','0.0369','0.858','0.000102','0.114','0.114','129.75','257187','3'),(1401,'Sooni (I\'m your fana',247,'2017-04-08','english',710,'0.581','0.312','5','-8.984','0','0.054','0.175','0.0000557','0.104','0.506','181.893','247497','4'),(1402,'Run',177,'2017-11-21','english',1136,'0.652','0.512','5','-7.062','1','0.0276','0.578','0.00000749','0.101','0.284','104.98','177090','4'),(1403,'Petals on The Wind (',205,'2017-10-02','english',947,'0.73','0.418','2','-6.735','1','0.0319','0.654','0.0000751','0.13','0.401','139.888','205333','4'),(1404,'Morning Call - Remix',227,'2017-03-15','english',29,'0.719','0.478','2','-9.58','1','0.0297','0.663','0.000886','0.0496','0.354','77.996','227827','4'),(1405,'Rub off',193,'2017-11-06','english',1202,'0.524','0.392','10','-8.938','0','0.0305','0.827','0','0.363','0.296','145.88','193406','4'),(1406,'Don\'t You Cry For Me',256,'2017-10-01','english',724,'0.41','0.648','7','-4.469','1','0.0362','0.503','0','0.219','0.342','60.391','256333','4'),(1407,'Waves - Acoustic',248,'2017-04-25','english',11,'0.483','0.199','2','-11.37','1','0.0586','0.947','0','0.109','0.162','78.103','248176','4'),(1408,'Runner',162,'2017-06-03','english',485,'0.59','0.568','7','-8.332','1','0.0252','0.461','0.0562','0.106','0.731','153.113','162084','4'),(1409,'No Role Modelz',292,'2017-04-09','english',1089,'0.696','0.521','10','-8.465','0','0.332','0.302','0','0.0565','0.471','100','292987','4'),(1410,'Wet Dreamz',239,'2017-03-13','english',93,'0.504','0.705','6','-8.205','0','0.364','0.0752','0','0.128','0.564','175.483','239320','4'),(1411,'Neighbors',216,'2017-04-13','english',1095,'0.894','0.284','11','-13.002','0','0.33','0.358','0.000487','0.11','0.413','138.944','216520','4'),(1412,'Deja Vu',264,'2016-12-01','english',1294,'0.653','0.409','9','-11.446','1','0.421','0.361','0.00012','0.189','0.181','174.324','264747','4'),(1413,'G.O.M.D.',301,'2017-11-08','english',586,'0.889','0.393','4','-10.821','0','0.267','0.331','0.00000867','0.283','0.31','128.065','301133','4'),(1414,'Litty (feat. Tory La',280,'2017-08-16','english',346,'0.592','0.701','10','-4.014','0','0.0858','0.0451','0','0.327','0.299','129.501','280615','4'),(1415,'All Eyes On You (fea',223,'2017-08-28','english',1273,'0.589','0.658','11','-5.288','0','0.203','0.0242','0','0.118','0.254','77.521','223973','4'),(1416,'Froze (feat. Lil Uzi',210,'2017-07-10','english',128,'0.7','0.693','2','-6.553','1','0.14','0.00375','0','0.314','0.513','133.981','210472','4'),(1417,'Ima Boss - feat. Ric',250,'2017-10-01','english',719,'0.37','0.87','5','-2.09','1','0.271','0.0415','0','0.604','0.334','79.092','250240','4'),(1418,'Apple of My Eye',291,'2017-04-14','english',612,'0.523','0.783','6','-3.755','0','0.185','0.214','0','0.612','0.312','117.264','291280','5'),(1419,'Santorini Greece',332,'2017-04-13','english',902,'0.434','0.785','4','-4.169','0','0.128','0.00895','0','0.132','0.393','106.926','332600','5'),(1420,'Idols Become Rivals',341,'2017-08-31','english',72,'0.481','0.716','10','-5.996','0','0.622','0.0123','0','0.141','0.399','78.829','341680','4'),(1421,'Trap Trap Trap',275,'2017-07-31','english',253,'0.729','0.838','8','-4.476','0','0.313','0.00612','0','0.0721','0.35','136.869','275720','4'),(1422,'Dead Presidents',267,'2017-01-06','english',1051,'0.662','0.808','9','-3.06','1','0.122','0.00589','0','0.613','0.448','76.493','267720','4'),(1423,'She On My Dick',225,'2017-06-12','english',593,'0.541','0.609','1','-3.715','1','0.127','0.00184','0','0.179','0.298','158.314','225427','4'),(1424,'I Think She Like Me',242,'2017-04-13','english',1112,'0.629','0.7','2','-6.212','1','0.264','0.0084','0','0.118','0.159','85.814','242373','4'),(1425,'Powers That Be',269,'2017-03-07','english',1182,'0.501','0.775','7','-6.248','0','0.436','0.0273','0','0.211','0.615','85.929','269720','4'),(1426,'Game Ain\'t Based On ',224,'2017-02-27','english',1271,'0.54','0.82','5','-3.824','1','0.138','0.00755','0','0.642','0.516','78.063','224707','4'),(1427,'Humble',160,'2017-05-10','english',209,'0.801','0.642','9','-5.926','0','0.0903','0.0171','0.000946','0.112','0.703','126.013','160000','4'),(1428,'My Friend',201,'2017-05-31','english',1132,'0.707','0.929','8','-4.199','0','0.0901','0.033','0.205','0.0626','0.403','123.004','201707','4'),(1429,'White Label (Is This',192,'2017-02-08','english',1130,'0.696','0.795','8','-4.892','0','0.187','0.306','0.00000772','0.243','0.16','126.186','192000','4'),(1430,'Home',228,'2017-05-25','english',957,'0.562','0.885','8','-3.096','1','0.0431','0.00551','0.805','0.0621','0.679','145.06','228414','4'),(1431,'Front to Back',251,'2017-10-07','english',92,'0.47','0.863','6','-6.52','0','0.0461','0.0171','0.143','0.096','0.335','170.137','251350','4'),(1432,'Best Thing About',335,'2017-10-04','english',189,'0.726','0.929','0','-7.146','0','0.0771','0.0227','0.379','0.924','0.706','123.036','335609','4'),(1433,'Flashwind - Radio Ed',188,'2017-08-03','english',668,'0.984','0.941','9','-4.56','0','0.0805','0.00121','0.0539','0.026','0.331','122.003','188852','4'),(1434,'Fuego',188,'2017-10-10','english',175,'0.72','0.643','9','-7.691','1','0.0369','0.135','0.812','0.112','0.323','122.012','188852','4'),(1435,'Rose Horizon',169,'2017-03-19','english',168,'0.473','0.885','5','-3.42','0','0.0454','0.00613','0.00023','0.219','0.278','149.698','169756','4'),(1436,'dance alot',16,'2017-11-05','english',317,'0.466','0.943','6','-3.545','0','0.385','0.00101','0','0.458','0.598','113.457','16588','5'),(1437,'Save You',179,'2017-09-13','english',1080,'0.614','0.792','5','-3.528','0','0.352','0.588','0','0.105','0.554','154.823','179613','4'),(1438,'I Want You',248,'2017-01-25','english',546,'0.775','0.883','11','-5.83','0','0.0703','0.00433','0.346','0.057','0.682','125.006','248007','4'),(1439,'Polaris',585,'2017-05-06','english',792,'0.67','0.792','7','-8.211','1','0.0465','0.0362','0.881','0.101','0.0348','128.018','585000','3'),(1440,'Midnight Sun',185,'2017-08-18','english',1021,'0.549','0.816','10','-5.044','0','0.233','0.643','0.00000138','0.137','0.523','109.774','185726','4'),(1441,'One Life Short',183,'2017-03-22','english',128,'0.715','0.964','0','-4.71','0','0.0651','0.00145','0.468','0.174','0.307','128.059','183752','4'),(1442,'On Our Own (feat. Na',224,'2017-04-26','english',175,'0.466','0.849','9','-3.85','0','0.0633','0.0771','0.00000289','0.104','0.353','183.76','224212','4'),(1443,'The Wall',249,'2017-01-12','english',492,'0.503','0.989','6','-0.787','1','0.065','0.000679','0.542','0.548','0.615','174.012','249655','4'),(1444,'All I Know',148,'2017-04-24','english',635,'0.718','0.944','1','-5.041','1','0.0386','0.00518','0.477','0.114','0.328','125.004','148801','4'),(1445,'Freesol (feat. Skyle',210,'2017-07-27','english',398,'0.443','0.727','0','-5.171','0','0.0984','0.0987','0.00000935','0.118','0.423','74.827','210884','4'),(1446,'Mantra - Mat Zo Remi',265,'2017-01-08','english',86,'0.396','0.821','8','-3.826','1','0.104','0.00576','0.000424','0.116','0.122','171.927','265543','4'),(1447,'Good Life',192,'2017-07-01','english',535,'0.597','0.832','11','-5.48','0','0.147','0.044','0.0000296','0.0864','0.479','162.03','192041','4'),(1448,'Twinbow',166,'2017-07-13','english',1115,'0.675','0.929','9','-2.578','1','0.0478','0.291','0.00724','0.397','0.428','140.006','166286','4'),(1449,'Limitless (feat. Sop',210,'2017-04-09','english',70,'0.559','0.854','11','-3.923','0','0.036','0.0256','0.00000261','0.294','0.474','156.008','210968','4'),(1450,'Move On Me',176,'2017-11-13','english',906,'0.714','0.851','6','-3.387','0','0.121','0.0235','0.00697','0.1','0.692','128.004','176250','4'),(1451,'Wildcard',195,'2017-08-18','english',419,'0.531','0.769','10','-2.881','0','0.063','0.325','0','0.305','0.454','77.351','195252','4'),(1452,'Find You',190,'2017-08-28','english',675,'0.738','0.646','8','-5.384','1','0.0611','0.149','0.00157','0.162','0.401','125.923','190476','4'),(1453,'Legacy',198,'2017-07-02','english',820,'0.587','0.772','4','-4.439','0','0.0375','0.0214','0.698','0.447','0.201','127.978','198426','4'),(1454,'Show You Love',182,'2017-08-20','english',772,'0.519','0.829','5','-5.121','0','0.0901','0.316','0','0.0759','0.629','123.659','182720','4'),(1455,'Make U Love Me',188,'2017-10-13','english',101,'0.718','0.89','2','-3.931','1','0.144','0.139','0.00103','0.341','0.304','124.943','188160','4'),(1456,'Bassline Riddim',184,'2017-02-10','english',788,'0.871','0.893','5','-3.774','1','0.0403','0.474','0.852','0.0891','0.639','126.016','184762','4'),(1457,'Light - GOSLO Remix',302,'2017-04-27','english',1037,'0.641','0.676','9','-4.461','1','0.0385','0.108','0','0.152','0.174','119.108','302506','4'),(1458,'Walk Away',185,'2017-05-15','english',221,'0.677','0.778','6','-5.19','0','0.0291','0.265','0','0.247','0.335','97.97','185613','4'),(1459,'Touch The Sky',155,'2016-12-27','english',594,'0.633','0.964','2','-3.573','1','0.0298','0.158','0.0159','0.204','0.111','124.022','155963','4'),(1460,'Afraid, Unafraid',179,'2016-12-13','english',1005,'0.529','0.739','9','-5.356','0','0.0543','0.0144','0.000255','0.39','0.403','149.915','179200','4'),(1461,'Make You Mine',202,'2017-11-18','english',642,'0.738','0.818','2','-3.652','0','0.0692','0.282','0.000543','0.101','0.53','139.998','202286','4'),(1462,'Riot Call (feat. Nev',199,'2017-09-01','english',195,'0.303','0.879','8','-4.748','1','0.0758','0.0238','0.0000384','0.431','0.564','80.329','199405','4'),(1463,'Modern Flame (feat. ',185,'2017-10-21','english',350,'0.617','0.524','5','-8.885','0','0.103','0.128','0.00438','0.362','0.225','142.046','185089','4'),(1464,'Right Here',206,'2017-02-15','english',1164,'0.164','0.878','6','-4.953','0','0.11','0.056','0.0617','0.205','0.196','171.908','206897','4'),(1465,'Chicken Soup',207,'2017-04-26','english',869,'0.823','0.815','11','-3.947','1','0.134','0.00129','0.0494','0.599','0.473','125.989','207293','4'),(1466,'No Sleep',209,'2017-04-27','english',855,'0.597','0.952','9','-3.586','0','0.0415','0.0165','0.145','0.305','0.206','127.907','209664','4'),(1467,'Help',166,'2017-10-03','english',364,'0.71','0.884','1','-1.258','1','0.347','0.0705','0','0.0765','0.579','149.995','166290','4'),(1468,'Waist Time',198,'2016-12-01','english',555,'0.715','0.989','2','-1.723','1','0.194','0.00931','0.109','0.0475','0.679','128.054','198750','4'),(1469,'Scared To Be Lonely ',200,'2017-06-06','english',385,'0.604','0.796','1','-2.416','0','0.0597','0.0126','0','0.106','0.209','127.991','200625','4'),(1470,'Fuck It All Up (feat',226,'2017-07-02','english',258,'0.548','0.811','11','-3.985','1','0.0475','0.00173','0.0000356','0.323','0.411','155.08','226172','4'),(1471,'After All',174,'2017-04-27','english',135,'0.546','0.737','5','-3.794','1','0.054','0.0509','0.0000168','0.114','0.188','97.9','174031','4'),(1472,'Something Just Like ',230,'2017-03-15','english',1198,'0.72','0.746','11','-5.567','0','0.0985','0.125','0.000476','0.0929','0.508','124.045','230853','4'),(1473,'The Jam',192,'2017-02-26','english',388,'0.68','0.941','0','-8.093','1','0.0532','0.000817','0.621','0.0852','0.338','124.035','192200','4'),(1474,'Get What You Give',219,'2017-04-10','english',944,'0.626','0.748','1','-5.899','1','0.0345','0.0143','0','0.123','0.217','121.067','219174','4'),(1475,'Joyride',211,'2017-01-06','english',958,'0.723','0.784','2','-5.547','1','0.0334','0.0107','0.772','0.0791','0.382','128.027','211890','4'),(1476,'Open',210,'2017-05-12','english',654,'0.522','0.86','10','-3.773','0','0.145','0.131','0.0209','0.122','0.263','128.019','210816','4'),(1477,'I\'m the One',288,'2017-11-11','english',395,'0.599','0.667','7','-4.267','1','0.0367','0.0533','0','0.134','0.811','80.984','288877','4'),(1478,'There\'s Nothing Hold',194,'2017-05-02','english',16,'0.719','0.657','11','-4.588','0','0.0494','0.0521','0','0.0872','0.694','122.02','194320','4'),(1479,'Bon Appétit - MUNA R',201,'2017-03-11','english',192,'0.615','0.638','1','-5.341','1','0.13','0.00461','0.00979','0.382','0.41','106.002','201387','4'),(1480,'Hard Times',182,'2017-01-24','english',912,'0.695','0.818','5','-5.379','0','0.0334','0.00647','0.00000487','0.0219','0.923','119.965','182693','4'),(1481,'Kiwi',176,'2017-11-06','english',82,'0.375','0.93','2','-2.631','1','0.0561','0.00064','0','0.318','0.5','147.124','176387','4'),(1482,'Issues - Alan Walker',181,'2017-02-28','english',273,'0.766','0.771','8','-4.358','1','0.0483','0.166','0.00000251','0.105','0.655','113.946','181000','4'),(1483,'Young',224,'2017-05-11','english',1120,'0.615','0.564','9','-6.384','1','0.0291','0.0105','0','0.148','0.443','103.006','224773','4'),(1484,'That\'s What I Like -',195,'2017-06-04','english',879,'0.692','0.896','1','-4.017','1','0.0502','0.0121','0.0000659','0.199','0.809','134.056','195889','4'),(1485,'No More Sad Songs (f',225,'2017-02-22','english',1036,'0.709','0.782','7','-3.526','0','0.0469','0.0771','0.00000471','0.302','0.706','102.032','225253','4'),(1486,'Carolina',189,'2017-07-23','english',1241,'0.624','0.673','4','-4.017','0','0.0268','0.000569','0.00000154','0.104','0.458','121.986','189613','4'),(1487,'High Without Your Lo',191,'2017-06-17','english',498,'0.867','0.487','5','-5.872','1','0.0777','0.101','0','0.148','0.777','101.959','191240','4'),(1488,'Feel Good',248,'2017-09-25','english',66,'0.62','0.713','2','-4.753','1','0.0342','0.217','0.0000033','0.222','0.465','137.957','248156','4'),(1489,'1-800-273-8255',250,'2017-05-24','english',137,'0.629','0.572','5','-7.733','0','0.0387','0.57','0','0.192','0.38','100.015','250173','4'),(1490,'Middle Of The Night',176,'2017-11-17','english',484,'0.61','0.747','11','-4.25','0','0.0531','0.00377','0','0.0662','0.443','129.976','176111','4'),(1491,'Tuesday (feat. Danel',241,'2017-04-27','english',711,'0.841','0.639','9','-6.052','0','0.0688','0.0156','0.0654','0.0545','0.673','99.002','241875','4'),(1492,'Hunter',183,'2017-01-23','english',800,'0.509','0.712','7','-5.747','1','0.111','0.186','0','0.102','0.648','99.831','183229','4'),(1493,'XO TOUR Llif3',182,'2017-06-18','english',567,'0.722','0.614','11','-7.549','0','0.115','0.00466','0','0.106','0.504','154.903','182728','4'),(1494,'Kissing Strangers',202,'2017-03-25','english',436,'0.776','0.741','7','-5.804','1','0.041','0.0506','0','0.0701','0.845','120.079','202480','4'),(1495,'Ciao Adios',200,'2017-11-11','english',476,'0.698','0.882','4','-3.078','0','0.0863','0.127','0','0.15','0.462','106.083','200105','4'),(1496,'Overwhelming',172,'2017-09-25','english',1075,'0.732','0.629','0','-4.64','1','0.286','0.267','0','0.118','0.685','91.7','172751','4'),(1497,'Go For Broke (feat. ',210,'2017-03-11','english',44,'0.592','0.763','1','-3.334','1','0.366','0.242','0','0.0715','0.647','180.084','210947','4'),(1498,'Human',200,'2017-11-08','english',894,'0.602','0.707','11','-4.097','1','0.302','0.393','0','0.165','0.539','75.09','200187','4'),(1499,'Eyes Closed',202,'2017-10-22','english',439,'0.568','0.69','1','-5.034','0','0.0431','0.0219','0.000023','0.0815','0.044','130.12','202439','4'),(1500,'History',203,'2017-08-02','english',812,'0.769','0.631','1','-6.769','1','0.0568','0.0913','0','0.114','0.501','100.968','203992','4'),(1501,'Calm Down',174,'2017-08-08','english',142,'0.555','0.645','4','-5.799','0','0.0637','0.0261','0','0.079','0.195','140.911','174467','4'),(1502,'Be There',199,'2017-05-14','english',875,'0.583','0.729','6','-4.525','1','0.0314','0.0909','0.0000202','0.367','0.313','144.994','199756','4'),(1503,'Swish Swish',242,'2017-02-17','english',49,'0.836','0.71','5','-5.185','0','0.0595','0.0182','0.0000223','0.137','0.531','119.952','242174','4'),(1504,'Confident',205,'2017-08-28','english',219,'0.598','0.748','8','-6.239','1','0.0706','0.0018','0.000196','0.116','0.321','130.057','205746','4'),(1505,'Cool for the Summer',214,'2017-01-03','english',949,'0.585','0.614','10','-5.594','0','0.037','0.00477','0.000155','0.0762','0.273','114.059','214740','4'),(1506,'Old Ways',204,'2017-03-01','english',186,'0.626','0.695','7','-6.528','0','0.0594','0.214','0','0.224','0.586','154.023','204188','4'),(1507,'For You',221,'2016-11-26','english',684,'0.505','0.705','5','-6.097','1','0.0395','0.0418','0','0.0815','0.309','126.021','221050','4'),(1508,'Stone Cold',191,'2017-02-17','english',261,'0.414','0.469','8','-7.583','1','0.0485','0.48','0','0.0974','0.322','139.401','191308','3'),(1509,'Kingdom Come',244,'2017-01-21','english',551,'0.556','0.802','5','-5.089','0','0.0694','0.0234','0','0.398','0.263','176.003','244014','4'),(1510,'Waitin for You',192,'2016-12-29','english',671,'0.587','0.659','7','-6.406','0','0.203','0.242','0','0.0874','0.411','150.026','192918','4'),(1511,'Wildfire',199,'2016-11-25','english',403,'0.628','0.694','5','-3.909','0','0.0378','0.559','0','0.0556','0.447','130.057','199140','4'),(1512,'I\'ll Let You Know',408,'2017-08-18','english',1300,'0.442','0.124','3','-22.227','1','0.0388','0.92','0.605','0.21','0.205','65.003','408600','4'),(1513,'I\'ll Wait And Pray',206,'2017-07-19','english',92,'0.475','0.0588','5','-17.464','0','0.0418','0.89','0.0238','0.129','0.229','115.642','206360','4'),(1514,'The Shadow of Your S',388,'2016-12-15','english',458,'0.487','0.135','2','-11.211','0','0.0434','0.915','0.00353','0.686','0.23','105.854','388347','5'),(1515,'Vid Frösö kyrka (At ',297,'2017-03-31','english',716,'0.535','0.107','10','-18.989','0','0.0323','0.922','0.649','0.105','0.159','102.186','297653','4'),(1516,'Jackie Gets Out',176,'2017-06-20','english',904,'0.349','0.227','6','-12.298','1','0.031','0.941','0.819','0.109','0.15','100.449','176297','4'),(1517,'Romance / Hommage à ',285,'2017-09-17','english',1072,'0.428','0.187','10','-21.001','1','0.0375','0.935','0.853','0.103','0.171','108.962','285601','4'),(1518,'Leave Me Here',243,'2017-04-02','english',49,'0.456','0.257','10','-16.877','0','0.0298','0.859','0.475','0.111','0.171','104.311','243013','4'),(1519,'Where We Used To Liv',265,'2017-03-28','english',925,'0.421','0.0867','0','-18.732','1','0.037','0.871','0.429','0.115','0.0718','95.438','265320','4'),(1520,'Mommy\'s Shawl',305,'2017-07-16','english',581,'0.34','0.237','8','-14.901','1','0.0302','0.95','0.927','0.14','0.0728','162.892','305427','4'),(1521,'For Wee Folks',388,'2017-02-02','english',128,'0.478','0.0757','5','-20.847','1','0.0505','0.973','0.939','0.108','0.235','76.952','388040','4'),(1522,'All I See is Us',278,'2016-12-07','english',195,'0.46','0.141','9','-14.994','1','0.0314','0.854','0.885','0.11','0.16','168.807','278071','3'),(1523,'Goodbye Pork Pie Hat',342,'2017-07-05','english',593,'0.356','0.0937','8','-16.64','0','0.0353','0.957','0.096','0.209','0.259','86.669','342373','3'),(1524,'Ballad for MC',182,'2017-11-04','english',1079,'0.385','0.0562','11','-14.812','1','0.0415','0.974','0.532','0.107','0.186','116.666','182653','4'),(1525,'Soul in Twilight',364,'2017-10-20','english',1014,'0.4','0.144','10','-15.52','1','0.037','0.958','0.878','0.119','0.154','120.329','364627','4'),(1526,'So Lovely',340,'2017-08-01','english',534,'0.296','0.0709','3','-14.832','0','0.0312','0.967','0.804','0.105','0.066','95.028','340507','4'),(1527,'The Sweetest Nighlif',176,'2017-08-15','english',928,'0.425','0.136','11','-17.382','1','0.0293','0.914','0.921','0.127','0.227','168.527','176272','3'),(1528,'I Got It Bad',440,'2017-06-16','english',437,'0.479','0.146','7','-14.319','1','0.0351','0.988','0.692','0.103','0.0728','111.643','440133','3'),(1529,'Gramercy Sunset',255,'2017-07-12','english',699,'0.466','0.0753','0','-18.864','1','0.0297','0.886','0.927','0.0984','0.0877','87.791','255107','4'),(1530,'I\'m a Fool to Want Y',66,'2017-05-18','english',886,'0.371','0.0295','10','-22.038','0','0.0335','0.986','0.937','0.125','0.276','82.313','66762','3'),(1531,'I Was So Young, and ',234,'2017-05-27','english',1033,'0.317','0.0302','1','-30.447','1','0.0342','0.94','0.298','0.0792','0.155','47.859','234373','4'),(1532,'Journey Into Melody ',294,'2016-12-29','english',1204,'0.505','0.159','7','-11.235','0','0.0336','0.946','0.0127','0.218','0.205','59.385','294940','4'),(1533,'I\'m Glad There Is Yo',484,'2017-11-13','english',320,'0.55','0.249','5','-15.919','0','0.0325','0.929','0.828','0.258','0.296','121.37','484627','4'),(1534,'Blue Ballad',394,'2017-06-16','english',587,'0.47','0.156','2','-17.036','1','0.0399','0.623','0.187','0.104','0.0591','118.176','394920','4'),(1535,'The Nearness of You',1004,'2017-10-17','english',676,'0.447','0.163','8','-14.835','1','0.0707','0.992','0.776','0.654','0.19','74.933','1004627','3'),(1536,'It Never Entered my ',391,'2017-09-15','english',317,'0.445','0.223','3','-17.402','1','0.0374','0.921','0.884','0.131','0.22','110.821','391707','4'),(1537,'Blue in Green',337,'2017-04-01','english',856,'0.421','0.0161','2','-25.358','0','0.0374','0.81','0.0021','0.0978','0.155','110.926','337733','4'),(1538,'Where or When',168,'2017-03-28','english',729,'0.326','0.0575','4','-16.5','1','0.0393','0.99','0.887','0.281','0.311','127.397','168667','5'),(1539,'Count Your Blessings',492,'2017-07-18','english',1076,'0.446','0.242','8','-14.152','1','0.0368','0.87','0.497','0.105','0.176','126.681','492080','4'),(1540,'Good Morning Heartac',322,'2017-02-10','english',595,'0.526','0.17','9','-13.089','0','0.0411','0.823','0.777','0.114','0.173','117.414','322133','4'),(1541,'Two Sleepy People',396,'2017-01-15','english',1043,'0.445','0.0978','3','-26.924','1','0.0397','0.965','0.915','0.121','0.172','117.283','396520','4'),(1542,'Can\'t Help Loving',221,'2016-12-20','english',833,'0.533','0.148','0','-18.275','1','0.0329','0.924','0.932','0.112','0.103','63.637','221733','4'),(1543,'The Nearness Of You',447,'2017-10-29','english',1034,'0.383','0.131','7','-17.764','1','0.033','0.761','0.194','0.0973','0.0999','98.606','447280','4'),(1544,'When Sunny Gets Blue',282,'2017-05-02','english',71,'0.569','0.117','5','-22.741','1','0.0446','0.846','0.852','0.0978','0.102','60.483','282320','4'),(1545,'Blue and Sentimental',389,'2017-04-16','english',1154,'0.484','0.0291','10','-23.363','1','0.0459','0.961','0.474','0.115','0.38','98.434','389893','4'),(1546,'Almas vaggvisa',232,'2017-07-22','english',354,'0.388','0.0354','7','-25.766','1','0.0421','0.986','0.956','0.178','0.192','143.514','232046','4'),(1547,'Before It\'s Time To ',317,'2017-01-05','english',907,'0.364','0.114','1','-16.552','1','0.0333','0.857','0.635','0.0839','0.0581','117.715','317946','3'),(1548,'Autumn Nocturne',294,'2017-07-06','english',872,'0.539','0.0678','0','-18.039','1','0.0468','0.967','0.168','0.114','0.257','124.105','294667','4'),(1549,'Eleanor',289,'2017-08-14','english',338,'0.45','0.0437','10','-29.46','1','0.0374','0.971','0.88','0.0948','0.0906','63.938','289693','4'),(1550,'Angel Eyes',348,'2017-08-30','english',375,'0.386','0.125','9','-19.892','0','0.0572','0.886','0.878','0.189','0.132','78.553','348533','3'),(1551,'Good Morning.Goodbye',336,'2017-07-28','english',861,'0.42','0.105','6','-20.502','1','0.035','0.868','0.587','0.0957','0.108','99.873','336373','4'),(1552,'Doubts 2',294,'2016-12-20','english',581,'0.428','0.212','0','-15.442','0','0.032','0.971','0.73','0.169','0.312','98.096','294587','3'),(1553,'The Last Goodbye',325,'2017-03-28','english',319,'0.32','0.156','2','-12.258','1','0.033','0.96','0.904','0.0775','0.0623','159.618','325400','3'),(1554,'Where Do You Start',246,'2017-05-21','english',1151,'0.411','0.0416','1','-23.23','1','0.0414','0.96','0.925','0.064','0.0746','97.96','246067','4'),(1555,'The Man I Love',341,'2017-04-27','english',897,'0.52','0.0748','8','-24.477','1','0.0497','0.748','0.633','0.102','0.134','107.327','341667','4'),(1556,'Gary\'s Theme - Remas',257,'2017-07-21','english',1031,'0.42','0.0802','7','-21.795','1','0.04','0.905','0.857','0.135','0.0513','122.041','257693','3'),(1557,'Trust',325,'2016-11-27','english',1163,'0.399','0.307','1','-14.38','1','0.0347','0.912','0.623','0.115','0.0621','116.308','325587','4'),(1558,'The Folks Who Live o',240,'2016-12-22','english',123,'0.428','0.3','0','-8.885','1','0.034','0.937','0.658','0.168','0.221','122.667','240093','5'),(1559,'All The Way',335,'2017-04-09','english',1026,'0.423','0.158','0','-15.59','0','0.0346','0.717','0.0075','0.0975','0.19','106.974','335333','4'),(1560,'Emperor Jones - Inst',314,'2017-07-11','english',861,'0.336','0.328','7','-15.005','0','0.0386','0.93','0.732','0.111','0.198','184.007','314493','3'),(1561,'Isadora',376,'2016-12-05','english',1226,'0.257','0.216','8','-16.266','0','0.0365','0.903','0.134','0.0979','0.19','65.125','376573','3'),(1562,'I Remember Clifford',428,'2017-03-05','english',947,'0.368','0.14','0','-15.005','0','0.045','0.901','0.874','0.0688','0.172','61.758','428973','4'),(1563,'Sous le Ciel de Pari',244,'2017-03-09','english',1056,'0.323','0.118','5','-22.751','0','0.0449','0.195','0.694','0.241','0.0706','79.554','244867','4'),(1564,'You Go To My Head',258,'2017-07-06','english',1137,'0.575','0.0935','3','-15.906','1','0.0858','0.978','0.452','0.109','0.289','65.23','258040','4'),(1565,'Gloomy Sunday',763,'2017-02-11','english',1219,'0.421','0.0967','7','-16.441','0','0.0509','0.91','0.415','0.218','0.183','77.401','763467','4'),(1566,'I Didn\'t Know About ',212,'2017-02-19','english',83,'0.358','0.16','8','-12.658','0','0.0352','0.936','0.34','0.0896','0.246','179.955','212493','3'),(1567,'I Have Dreamed',507,'2017-06-13','english',656,'0.331','0.0861','5','-21.226','1','0.0354','0.918','0.902','0.106','0.152','107.436','507533','4'),(1568,'Fools Rush In',149,'2016-12-08','english',433,'0.633','0.12','5','-20.066','0','0.0428','0.971','0.871','0.121','0.473','115.51','149072','3'),(1569,'Dreamsville',477,'2017-06-13','english',197,'0.461','0.0389','0','-20.482','1','0.0399','0.899','0.015','0.0927','0.121','109.374','477173','4'),(1570,'Old Folks',482,'2017-07-14','english',983,'0.458','0.217','5','-16.582','1','0.0328','0.827','0.805','0.194','0.125','107.506','482187','4'),(1571,'I Got It Bad And Tha',308,'2017-06-06','english',424,'0.448','0.0532','5','-27.35','1','0.0454','0.972','0.876','0.0863','0.189','99.757','308893','4'),(1572,'My Romance',252,'2017-08-27','english',472,'0.509','0.0461','1','-10.693','1','0.0427','0.97','0.911','0.134','0.368','132.709','252947','4'),(1573,'The Peacocks',567,'2017-02-02','english',1089,'0.386','0.148','0','-18.921','0','0.0367','0.949','0.792','0.0665','0.128','94.88','567920','4'),(1574,'A Nightingale Sang I',418,'2017-08-05','english',125,'0.407','0.106','1','-19.078','1','0.0375','0.973','0.0762','0.123','0.23','94.231','418000','4'),(1575,'A Hundred Dreams fro',206,'2017-10-20','english',1259,'0.384','0.0544','0','-19.791','1','0.0485','0.967','0.964','0.115','0.301','181.262','206040','3'),(1576,'My Little Brown Book',323,'2017-05-03','english',720,'0.514','0.0814','0','-17.149','0','0.0361','0.978','0.00873','0.219','0.235','64.97','323200','3'),(1577,'Moving On and Gettin',261,'2017-05-21','english',1121,'0.848','0.465','1','-9.029','0','0.0524','0.577','0.0543','0.101','0.622','94.02','261933','4'),(1578,'Safe',185,'2017-01-07','english',847,'0.736','0.616','4','-8.016','1','0.0345','0.144','0.00000229','0.268','0.89','101.966','185588','4'),(1579,'Second Nature',246,'2017-01-17','english',871,'0.865','0.548','10','-7.379','0','0.192','0.652','0.0161','0.113','0.879','109.989','246610','4'),(1580,'The Best Crew',236,'2017-04-11','english',512,'0.677','0.738','6','-6.287','1','0.0467','0.311','0.000144','0.138','0.561','98.963','236786','4'),(1581,'Hideout',266,'2017-05-07','english',1247,'0.784','0.587','9','-6.361','1','0.0422','0.273','0.0107','0.356','0.85','107.999','266455','4'),(1582,'No Le Digas Que Hace',238,'2017-01-06','english',799,'0.534','0.582','2','-6.22','1','0.0424','0.83','0','0.125','0.289','186.346','238265','4'),(1583,'Peas Pudding Hot',51,'2017-02-20','english',255,'0.876','0.301','0','-7.866','1','0.0436','0.826','0','0.419','0.932','69.009','51547','4'),(1584,'Biscuits in the Oven',144,'2017-10-04','english',174,'0.718','0.315','6','-13.869','1','0.181','0.791','0','0.228','0.592','96.981','144733','4'),(1585,'Jelly Beans',106,'2017-06-23','english',108,'0.498','0.721','4','-6.695','1','0.0327','0.0071','0','0.122','0.673','93.31','106680','4'),(1586,'My Favorite Snack',129,'2017-03-20','english',17,'0.89','0.891','2','-5.542','1','0.0483','0.0336','0','0.097','0.947','119.993','129187','4'),(1587,'Curse of the Spinach',100,'2017-10-03','english',1058,'0.603','0.355','0','-9.624','1','0.0566','0.649','0','0.0952','0.441','111.405','100693','4'),(1588,'Mosquito Burrito',160,'2017-03-27','english',41,'0.567','0.436','2','-9.45','1','0.158','0.519','0','0.247','0.598','97.206','160133','4'),(1589,'C\'mon Let\'s Make A P',191,'2017-01-06','english',930,'0.554','0.844','9','-7.763','1','0.0468','0.147','0.00000727','0.329','0.935','159.119','191947','4'),(1590,'Jelly On A Plate',127,'2017-06-23','english',627,'0.873','0.511','2','-12.303','1','0.0368','0.461','0.00000122','0.0655','0.972','127.93','127227','4'),(1591,'Little Green Apple',47,'2017-06-08','english',343,'0.941','0.256','1','-11.478','1','0.108','0.741','0.0000106','0.0841','0.545','110.082','47547','4'),(1592,'Always Chew Your Foo',156,'2017-11-11','english',1136,'0.802','0.288','7','-11.372','1','0.129','0.809','0','0.0745','0.722','119.882','156373','4'),(1593,'Icy, Creamy Ice Crea',87,'2017-02-09','english',751,'0.693','0.578','0','-11.129','1','0.18','0.278','0.00000152','0.121','0.851','78.158','87705','4'),(1594,'Lyric Pieces, Book I',82,'2017-01-22','english',343,'0.471','0.0148','3','-33.097','1','0.0558','0.995','0.934','0.181','0.183','102.271','82293','3'),(1595,'String Quartet No. 4',295,'2017-01-28','english',764,'0.277','0.0156','7','-24.801','1','0.0482','0.915','0.00654','0.148','0.0855','117.119','295747','3'),(1596,'8 Fantasiestücke, Op',221,'2017-04-25','english',190,'0.333','0.0288','1','-31.367','1','0.0423','0.995','0.819','0.073','0.0857','100.189','221173','3'),(1597,'String Quartet No. 5',455,'2017-06-12','english',1258,'0.338','0.0539','9','-21.863','0','0.0414','0.971','0.328','0.121','0.205','103.861','455307','4'),(1598,'Piano Quartet in E f',458,'2017-05-24','english',518,'0.156','0.023','10','-31.082','1','0.0445','0.953','0.338','0.165','0.0588','140.715','458000','4'),(1599,'Piano Sonata No. 18 ',621,'2017-09-28','english',114,'0.294','0.142','7','-20.374','1','0.0388','0.993','0.912','0.0673','0.199','94.296','621280','4'),(1600,'Trio Sonata in G Maj',275,'2017-08-19','english',318,'0.152','0.0626','5','-20.947','1','0.0395','0.913','0.00204','0.142','0.0484','137.174','275653','5'),(1601,'Trio No. 2 en Mi Min',260,'2017-01-15','english',1245,'0.236','0.0632','10','-21.189','0','0.0439','0.983','0.452','0.101','0.0559','133.959','260000','5'),(1602,'String Quintet in C ',649,'2017-05-31','english',73,'0.173','0.0619','5','-20.788','1','0.0466','0.951','0.526','0.132','0.0886','72.695','649415','4'),(1603,'Viola Sonata in C Mi',784,'2017-01-16','english',528,'0.295','0.0918','0','-22.769','0','0.0385','0.991','0.884','0.114','0.119','98.939','784013','4'),(1604,'Magic City',175,'2017-02-02','english',1122,'0.757','0.867','0','-2.529','0','0.0362','0.0841','0.0992','0.125','0.518','125.962','175238','4'),(1605,'Livin\' 4 Ya',184,'2017-06-03','english',124,'0.514','0.862','0','-6.329','0','0.156','0.0319','0.171','0.119','0.487','126.112','184762','4'),(1606,'Last Chance',257,'2016-12-12','english',1156,'0.412','0.83','3','-4.976','0','0.0651','0.0682','0.00739','0.108','0.239','127.894','257846','4'),(1607,'Nite Time - Ruby & T',236,'2017-07-31','english',206,'0.654','0.728','6','-8.477','0','0.0577','0.00623','0.404','0.688','0.281','130.006','236308','4'),(1608,'Satellites',196,'2017-02-28','english',164,'0.638','0.828','7','-4.53','1','0.0393','0.043','0','0.0903','0.102','122.037','196132','4'),(1609,'Can\'t Take It',185,'2017-03-03','english',199,'0.591','0.881','6','-4.073','0','0.0614','0.0316','0.00203','0.303','0.16','128.076','185171','4'),(1610,'All Aloud',187,'2017-06-22','english',501,'0.624','0.732','4','-6.372','0','0.0273','0.059','0.0142','0.254','0.292','132.025','187838','4'),(1611,'Close',187,'2016-12-16','english',610,'0.369','0.801','1','-5.302','1','0.384','0.282','0','0.266','0.311','128.09','187549','4'),(1612,'Cascade - Original M',377,'2017-06-25','english',247,'0.704','0.962','7','-3.095','1','0.115','0.0058','0.128','0.22','0.0727','127.997','377153','4'),(1613,'Waiting',179,'2017-08-23','english',702,'0.48','0.878','6','-6.59','0','0.0743','0.141','0','0.0587','0.19','136.006','179893','4'),(1614,'Everytime We Touch',220,'2017-11-15','english',170,'0.707','0.471','9','-7.667','1','0.0354','0.0086','0.00839','0.179','0.354','125.014','220640','4'),(1615,'Milky Way',192,'2017-07-18','english',42,'0.623','0.975','3','-2.632','0','0.109','0.00732','0.16','0.0614','0.247','125.94','192000','4'),(1616,'You',221,'2017-03-16','english',1002,'0.184','0.871','8','-3.245','0','0.0661','0.00837','0.167','0.15','0.213','127.972','221286','4'),(1617,'La Tromba Risin\' (fe',381,'2017-06-30','english',982,'0.691','0.951','0','-4.989','1','0.0879','0.024','0.0412','0.0316','0.617','126.989','381732','4'),(1618,'Crash 2.0 (Adventure',254,'2016-12-21','english',602,'0.66','0.652','8','-4.747','1','0.0582','0.00259','0','0.0673','0.167','127.977','254879','4'),(1619,'Raven',190,'2017-06-24','english',63,'0.569','0.896','1','-3.114','1','0.0489','0.00338','0.958','0.0633','0.113','128.083','190155','4'),(1620,'Icarus - Black Cavia',194,'2017-07-31','english',1110,'0.798','0.809','1','-5.898','0','0.063','0.00689','0.0765','0.0998','0.766','120.044','194000','4'),(1621,'Wasted Love (feat. D',209,'2017-07-28','english',161,'0.539','0.936','10','-3.803','1','0.112','0.475','0.104','0.106','0.211','128.015','209531','4'),(1622,'Summer',233,'2017-03-24','english',74,'0.583','0.748','6','-4.798','1','0.0292','0.00695','0.0241','0.22','0.234','142.029','233239','4'),(1623,'Catch Me (feat. Naaz',162,'2017-07-12','english',1186,'0.56','0.916','7','-3.328','0','0.0661','0.0362','0.000963','0.102','0.577','144.933','162383','4'),(1624,'Save the World - Rad',213,'2017-01-23','english',506,'0.507','0.665','0','-7.598','1','0.0474','0.0144','0','0.0759','0.406','126.879','213338','4'),(1625,'Wild One Two - feat.',346,'2017-11-03','english',273,'0.703','0.684','8','-6.532','1','0.0778','0.00164','0.000378','0.0744','0.222','126.027','346930','4'),(1626,'Fire In Your New Sho',322,'2017-02-11','english',1147,'0.526','0.861','2','-5.871','0','0.0587','0.00136','0.732','0.596','0.114','128.032','322227','4'),(1627,'Calling (Lose My Min',205,'2017-02-25','english',1014,'0.412','0.871','1','-4.893','0','0.0458','0.0124','0.000128','0.2','0.132','125.043','205440','4'),(1628,'Language',368,'2017-07-14','english',327,'0.737','0.614','6','-6.001','0','0.4','0.0168','0.0534','0.0682','0.394','127.987','368476','4'),(1629,'Strobe - Radio Edit',214,'2017-04-26','english',1194,'0.649','0.706','8','-7.209','0','0.031','0.0000845','0.831','0.163','0.0744','128.032','214042','4'),(1630,'Seek Bromance (Avici',200,'2017-02-01','english',1091,'0.49','0.811','1','-2.524','0','0.044','0.0896','0','0.0898','0.564','125.965','200992','4'),(1631,'Poison',248,'2017-08-06','english',569,'0.502','0.756','7','-6.118','0','0.0363','0.00429','0.769','0.377','0.0605','128.125','248447','4'),(1632,'Take Over Control - ',208,'2017-10-28','english',872,'0.713','0.81','0','-3.353','0','0.0918','0.241','0','0.0936','0.667','130.006','208620','4'),(1633,'Teenage Crime - Axwe',300,'2017-06-10','english',51,'0.575','0.913','7','-6.081','1','0.0402','0.00338','0.816','0.605','0.208','128.014','300013','4'),(1634,'Light It Up (feat. N',166,'2017-10-31','english',241,'0.747','0.877','9','-3.782','0','0.0664','0.0375','0.000833','0.233','0.763','107.991','166138','4'),(1635,'Turn Me Up - ViP Mix',251,'2016-12-10','english',1051,'0.719','0.81','8','-4.769','0','0.0672','0.021','0.672','0.5','0.483','126.033','251429','4'),(1636,'Together',221,'2017-04-28','english',631,'0.509','0.729','1','-4.773','1','0.0343','0.0732','0.0000273','0.233','0.185','127.871','221274','4'),(1637,'Whatcha Need',147,'2016-11-23','english',1,'0.393','0.94','6','-3.894','0','0.0718','0.0663','0.00264','0.546','0.293','129.958','147231','4'),(1638,'Levels - Radio Edit',199,'2017-08-12','english',711,'0.605','0.873','1','-5.938','0','0.0344','0.0534','0.837','0.314','0.47','126.026','199904','4'),(1639,'Faded',212,'2017-06-28','english',954,'0.589','0.651','6','-5.097','1','0.0306','0.0291','0.0000032','0.111','0.161','90.011','212627','4'),(1640,'Move for Me',235,'2017-09-19','english',37,'0.561','0.771','1','-5.533','1','0.036','0.0344','0.000151','0.0756','0.212','128.025','235873','4'),(1641,'Turn up the Speakers',183,'2017-03-22','english',1220,'0.692','0.898','10','-5.276','1','0.044','0.09','0.941','0.478','0.331','127.993','183747','4'),(1642,'Counting Down The Da',295,'2017-01-20','english',790,'0.672','0.785','8','-4.473','1','0.0346','0.00233','0.127','0.111','0.352','122.999','295035','4'),(1643,'Summer Dreams',203,'2017-09-21','english',287,'0.691','0.721','11','-6.206','1','0.03','0.00626','0.000562','0.297','0.463','117.021','203302','4'),(1644,'Changes - Dirty Sout',485,'2017-07-20','english',368,'0.841','0.673','9','-7.361','0','0.119','0.000552','0.419','0.228','0.197','127.006','485293','4'),(1645,'Heroes (we could be)',210,'2017-09-09','english',977,'0.51','0.747','5','-4.124','1','0.0651','0.031','0','0.233','0.349','125.951','210013','4'),(1646,'Everything',174,'2016-11-26','english',1180,'0.516','0.786','4','-5.514','0','0.106','0.0583','0.00000177','0.662','0.182','130.069','174500','4'),(1647,'Lean On (feat. MØ & ',176,'2017-07-20','english',369,'0.723','0.809','7','-3.081','0','0.0625','0.00346','0.00123','0.565','0.271','98.007','176561','4'),(1648,'Starlight - Radio Mi',196,'2017-02-25','english',904,'0.568','0.928','10','-3.556','1','0.045','0.00354','0.0211','0.478','0.57','122.997','196000','4'),(1649,'City Of Dreams - Rad',226,'2017-03-19','english',811,'0.476','0.815','4','-5.073','1','0.0359','0.0028','0.00593','0.357','0.144','127.964','226867','4'),(1650,'Chords Of Life - Ori',325,'2017-09-18','english',43,'0.605','0.642','3','-7.002','1','0.0411','0.00388','0.598','0.102','0.157','125.967','325714','4'),(1651,'Blackout - Madison M',235,'2017-01-17','english',381,'0.605','0.884','7','-3.094','0','0.0611','0.0856','0.000162','0.0501','0.364','125.989','235000','4'),(1652,'Freak',247,'2017-03-11','english',475,'0.408','0.849','11','-5.284','0','0.0646','0.00273','0.0000304','0.139','0.141','174.029','247655','4'),(1653,'Skyscrapers',383,'2016-12-01','english',1234,'0.598','0.534','4','-5.666','0','0.0272','0.00158','0.124','0.319','0.0473','115.005','383495','4'),(1654,'Chemicals - Radio Ed',222,'2017-02-13','english',843,'0.529','0.955','10','-2.59','0','0.0794','0.0344','0.0000455','0.353','0.102','125.988','222075','4'),(1655,'Run Wild - Alternati',224,'2016-12-16','english',511,'0.475','0.838','1','-2.948','0','0.0666','0.00481','0','0.304','0.236','127.921','224973','4'),(1656,'Blackout',212,'2017-07-16','english',25,'0.668','0.977','1','-2.673','1','0.0515','0.0111','0.17','0.363','0.561','128.06','212323','3'),(1657,'Rock The House - Rad',230,'2016-12-04','english',1194,'0.69','0.841','4','-5.592','0','0.0868','0.0178','0.79','0.137','0.533','130.052','230792','4'),(1658,'Sweet Memories',157,'2017-02-10','english',695,'0.624','0.923','9','-5.449','0','0.0335','0.0268','0.000228','0.0509','0.39','124.994','157452','4'),(1659,'Borrowed Lives (feat',313,'2017-11-22','english',1193,'0.719','0.737','2','-5.219','1','0.032','0.0711','0.00285','0.304','0.356','127.991','313580','4'),(1660,'Concrete Angel (Radi',235,'2017-03-24','english',1279,'0.631','0.893','7','-5.123','1','0.0411','0.0107','0.00632','0.147','0.558','130.015','235025','4'),(1661,'Yebisah',201,'2017-07-27','english',213,'0.54','0.933','2','-6.784','1','0.0364','0.0024','0.954','0.371','0.23','123.988','201290','4'),(1662,'Otherside',191,'2017-04-09','english',1130,'0.546','0.772','5','-5.311','0','0.0477','0.306','0','0.0733','0.255','127.942','191250','4'),(1663,'Falling Back - Radio',219,'2017-10-01','english',1108,'0.608','0.878','0','-3.631','1','0.0765','0.00281','0.00000483','0.415','0.326','128.069','219398','4'),(1664,'Fireflies',228,'2017-01-17','english',850,'0.591','0.649','3','-6.72','1','0.0417','0.0294','0','0.133','0.482','90.002','228347','4'),(1665,'Good Time',205,'2017-01-29','english',926,'0.559','0.882','3','-4.281','1','0.157','0.0314','0.0000171','0.605','0.644','126.064','205933','4'),(1666,'When Can I See You A',218,'2017-05-16','english',779,'0.631','0.838','11','-6.817','0','0.0818','0.0243','0','0.0512','0.392','127.938','218093','4'),(1667,'Verge',213,'2017-09-23','english',1116,'0.55','0.747','2','-6.897','1','0.0334','0.0002','0.00000144','0.113','0.185','128.014','213026','4'),(1668,'Vanilla Twilight',231,'2017-08-18','english',642,'0.581','0.526','11','-7.584','1','0.0265','0.0082','0.000369','0.113','0.551','166.151','231707','4'),(1669,'You Make Me Wanna...',219,'2017-01-26','english',1160,'0.761','0.639','5','-7.577','0','0.0539','0.0359','0','0.0945','0.933','164.088','219120','4'),(1670,'Can\'t You See',277,'2017-07-26','english',1277,'0.715','0.721','8','-5.622','0','0.0541','0.157','0.00000175','0.309','0.814','86.26','277320','4'),(1671,'Lost Without U',254,'2017-09-23','english',302,'0.67','0.348','0','-12.229','1','0.138','0.27','0','0.104','0.81','113.306','254147','5'),(1672,'\'Till I Collapse',297,'2017-01-19','english',279,'0.572','0.853','1','-3.203','1','0.217','0.0757','0','0.0798','0.0995','171.297','297893','4'),(1673,'$ave Dat Money (feat',290,'2017-03-04','english',487,'0.858','0.697','2','-5.361','1','0.23','0.114','0','0.224','0.365','98.012','290836','4'),(1674,'Calm Down',127,'2017-10-24','english',300,'0.537','0.624','11','-8.794','1','0.325','0.000175','0.0000022','0.116','0.4','102.315','127427','4'),(1675,'Remember The Name (f',230,'2017-08-28','english',38,'0.688','0.835','8','-4.162','1','0.0911','0.0583','0.00000287','0.0795','0.879','84.858','230493','4'),(1676,'Mind Tricks',233,'2016-12-13','english',587,'0.578','0.909','7','-3.672','1','0.105','0.00436','0.00128','0.707','0.518','87.983','233182','4'),(1677,'Help',215,'2017-11-18','english',224,'0.507','0.918','2','-4.684','1','0.0701','0.00107','0.0000087','0.311','0.275','92.006','215291','4'),(1678,'Follow You',231,'2017-09-02','english',657,'0.54','0.661','3','-5.534','0','0.0381','0.0765','0','0.125','0.509','90.012','231107','4'),(1679,'Snow Cats',200,'2017-10-22','english',13,'0.231','0.791','4','-4.297','0','0.0446','0.00278','0.00055','0.396','0.404','87.337','200920','4'),(1680,'Paranoia',200,'2017-02-17','english',693,'0.409','0.992','3','-2.803','0','0.108','0.0000482','0.00000203','0.1','0.339','149.859','200677','4'),(1681,'Hated',211,'2017-05-06','english',827,'0.458','0.99','8','-3.717','1','0.183','0.000285','0.000893','0.454','0.462','166.904','211430','4'),(1682,'Shock Me',257,'2017-06-06','english',755,'0.396','0.912','7','-4.026','0','0.0856','0.0000424','0.631','0.124','0.146','125.923','257120','4'),(1683,'The Devil\'s Bleeding',238,'2017-03-21','english',1293,'0.55','0.917','7','-4.575','1','0.0378','0.0000185','0.214','0.0333','0.247','109.552','238653','3'),(1684,'Go Down in History',219,'2016-11-30','english',301,'0.505','0.985','5','-4.401','1','0.119','0.0000604','0.0000102','0.351','0.267','119.993','219763','4'),(1685,'Serpents',165,'2017-01-08','english',223,'0.351','0.915','1','-4.53','0','0.0881','0.0000279','0.0725','0.0972','0.457','184.815','165047','4'),(1686,'Black Honey',239,'2017-06-20','english',211,'0.442','0.892','9','-6.431','0','0.086','0.00267','0.00000792','0.0758','0.258','151.914','239451','4'),(1687,'Chop Suey!',210,'2017-05-18','english',386,'0.42','0.929','7','-3.899','0','0.121','0.000353','0.000747','0.122','0.318','127.204','210240','4'),(1688,'Something To Believe',228,'2017-08-04','english',1298,'0.623','0.886','1','-3.044','1','0.0404','0.0245','0','0.247','0.691','92.021','228467','4'),(1689,'She Hates Me',216,'2016-12-08','english',132,'0.585','0.757','4','-5.424','1','0.0302','0.00643','0','0.741','0.615','109.781','216760','4'),(1690,'Don\'t Threaten Me Wi',213,'2017-01-05','english',666,'0.559','0.895','1','-4.476','0','0.0832','0.0154','0','0.175','0.563','183.825','213093','4'),(1691,'Sex on Fire',203,'2017-05-10','english',332,'0.542','0.905','9','-5.653','1','0.054','0.00172','0.0104','0.136','0.365','153.398','203347','4'),(1692,'Cold',234,'2017-11-08','english',961,'0.7','0.714','9','-6.295','0','0.104','0.122','0','0.0428','0.482','99.909','234308','4'),(1693,'It Ain\'t Me (with Se',220,'2017-04-20','english',1208,'0.64','0.533','0','-6.596','1','0.0706','0.119','0','0.0864','0.5','99.968','220781','4'),(1694,'Bring Me the Night',239,'2017-01-19','english',556,'0.393','0.505','5','-7.048','1','0.0289','0.687','0','0.101','0.205','163.938','239451','3'),(1695,'Crush',212,'2017-06-18','english',458,'0.599','0.677','0','-4.722','0','0.035','0.0109','0.00000804','0.0612','0.458','81.021','212013','4'),(1696,'Song 2 You',218,'2017-04-07','english',621,'0.591','0.866','2','-2.877','1','0.0536','0.0576','0','0.146','0.496','86.981','218373','4'),(1697,'L.A. Boyz',179,'2017-01-16','english',429,'0.616','0.91','8','-3.316','0','0.124','0.0109','0','0.0806','0.709','150.038','179600','4'),(1698,'Faster than Boyz',194,'2017-07-13','english',282,'0.593','0.814','9','-4.802','1','0.166','0.0197','0','0.18','0.47','146.919','194893','4'),(1699,'Bad Boys',197,'2017-08-20','english',123,'0.581','0.86','10','-3.459','1','0.036','0.000501','0','0.305','0.48','122.941','197160','4'),(1700,'Too Little, Too Late',221,'2017-09-05','english',1067,'0.428','0.781','6','-5.032','0','0.0608','0.0123','0.0000147','0.104','0.72','82.353','221720','4'),(1701,'Fast Car (feat. Kina',304,'2017-08-05','english',1068,'0.66','0.255','10','-9.79','1','0.0278','0.799','0','0.0797','0.508','103.087','304293','4'),(1702,'In Your Arms',184,'2017-01-17','english',835,'0.672','0.396','2','-9.489','0','0.0349','0.474','0','0.0921','0.464','130.015','184960','4'),(1703,'Valentine',150,'2017-07-19','english',973,'0.862','0.351','9','-11.793','1','0.0439','0.292','0','0.105','0.504','124.964','150707','4'),(1704,'The One You Say Good',157,'2017-09-15','english',1060,'0.696','0.439','7','-9.438','1','0.07','0.436','0','0.353','0.686','135.925','157187','4'),(1705,'Gone',253,'2016-12-31','english',1082,'0.631','0.591','11','-7.669','1','0.0333','0.167','0','0.0812','0.459','137.917','253107','4'),(1706,'Strong Enough',195,'2016-12-24','english',927,'0.637','0.507','6','-9.59','0','0.0283','0.00634','0','0.386','0.566','105.932','195167','4'),(1707,'Without Me',231,'2017-01-06','english',88,'0.546','0.522','4','-7.113','1','0.0361','0.226','0','0.129','0.494','117.299','231240','4'),(1708,'L.A. Story',208,'2017-03-29','english',261,'0.593','0.872','1','-4.525','0','0.0959','0.0784','0','0.286','0.521','91.964','208000','4'),(1709,'Something About the ',186,'2017-04-06','english',1037,'0.688','0.795','5','-6.161','1','0.047','0.112','0','0.133','0.773','125.044','186800','4'),(1710,'Like Nobody\'s Around',176,'2017-09-12','english',504,'0.586','0.896','3','-4.572','1','0.11','0.114','0','0.175','0.353','94.954','176360','4'),(1711,'Amazing',201,'2017-10-23','english',710,'0.403','0.883','4','-3.385','1','0.087','0.101','0','0.109','0.769','202.013','201720','4'),(1712,'Boyfriend',201,'2017-01-23','english',735,'0.614','0.857','1','-4.171','0','0.111','0.0987','0','0.177','0.655','164.146','201040','4'),(1713,'Worldwide',224,'2016-12-25','english',245,'0.531','0.771','4','-6.162','1','0.0468','0.0735','0','0.17','0.608','159.973','224333','4'),(1714,'Big Time Rush',197,'2017-10-31','english',318,'0.599','0.888','11','-2.931','0','0.0514','0.0273','0','0.28','0.84','121.05','197587','4'),(1715,'Popular Song',200,'2017-04-28','english',854,'0.644','0.842','8','-4.787','1','0.0429','0.178','0','0.0796','0.852','99.05','200613','4'),(1716,'All About Tonight - ',183,'2017-03-22','english',715,'0.543','0.852','1','-3.737','1','0.0787','0.0671','0','0.0822','0.689','129.023','183960','4'),(1717,'Count On You',209,'2017-03-29','english',1012,'0.638','0.705','2','-4.47','1','0.035','0.219','0','0.156','0.292','91.961','209933','4'),(1718,'I Know You Know',175,'2017-08-26','english',316,'0.437','0.802','2','-5.709','1','0.0997','0.0196','0','0.0709','0.604','121.387','175587','5'),(1719,'Bring It All to Me',218,'2017-08-21','english',1141,'0.695','0.579','0','-5.066','1','0.0325','0.000479','0','0.0556','0.731','88.957','218187','4'),(1720,'Too Close',258,'2017-05-04','english',859,'0.85','0.398','7','-9.816','1','0.0534','0.0117','0','0.263','0.717','99.717','258113','4'),(1721,'I\'m So Into You',278,'2017-11-22','english',870,'0.841','0.552','7','-10.345','1','0.0498','0.0453','0.00154','0.0533','0.596','99.018','278467','4'),(1722,'Don\'t Let Go (Love)',291,'2017-07-18','english',472,'0.618','0.688','5','-5.867','0','0.0477','0.409','0.00000632','0.3','0.561','78.311','291880','4'),(1723,'Candy Rain',271,'2017-02-26','english',1051,'0.583','0.681','11','-8.152','0','0.0585','0.0029','0.0000603','0.0999','0.57','188.256','271093','4'),(1724,'Wifey',243,'2017-04-03','english',1239,'0.829','0.652','7','-8.693','0','0.108','0.067','0','0.0812','0.717','99.581','243159','4'),(1725,'On Bended Knee',329,'2016-11-26','english',441,'0.635','0.53','8','-8.1','1','0.0328','0.396','0','0.118','0.204','116.631','329907','4'),(1726,'Get It On Tonite',275,'2017-11-11','english',1089,'0.809','0.522','10','-8.747','0','0.0821','0.267','0.0000197','0.0729','0.879','99.001','275080','4'),(1727,'End Of The Road',348,'2017-09-16','english',221,'0.642','0.421','5','-9.32','0','0.0237','0.074','0','0.0676','0.453','74.849','348893','3'),(1728,'I\'ll Make Love To Yo',235,'2017-01-23','english',436,'0.563','0.487','2','-7.775','1','0.0234','0.105','0','0.0884','0.248','142.53','235853','3'),(1729,'Water Runs Dry',201,'2017-04-18','english',216,'0.578','0.375','0','-12.951','1','0.0272','0.468','0','0.156','0.561','89.605','201280','4'),(1730,'A Song For Mama',301,'2017-05-25','english',1072,'0.571','0.447','7','-8.757','1','0.0338','0.499','0','0.125','0.162','75.019','301587','4'),(1731,'Together Again',301,'2017-03-15','english',812,'0.873','0.591','7','-8.942','1','0.102','0.0788','0.0071','0.104','0.49','123.091','301200','4'),(1732,'Someone To Call My L',272,'2016-12-03','english',844,'0.729','0.914','2','-4.043','1','0.041','0.135','0.000672','0.156','0.918','127.907','272360','4'),(1733,'Escapade',283,'2017-02-10','english',483,'0.815','0.944','1','-6.698','1','0.0513','0.0264','0.00038','0.181','0.681','115.219','283934','4'),(1734,'Bye Bye Bye',199,'2017-11-22','english',1184,'0.571','0.87','8','-3.877','0','0.0641','0.0198','0.0000066','0.0564','0.815','172.716','199640','4'),(1735,'This I Promise You -',266,'2017-03-30','english',567,'0.55','0.563','2','-7.019','1','0.0313','0.3','0','0.122','0.462','166.004','266293','4'),(1736,'It\'s Gonna Be Me',191,'2017-08-22','english',586,'0.647','0.87','0','-4.702','0','0.0798','0.0479','0','0.0485','0.906','165.103','191280','4'),(1737,'God Must Have Spent ',243,'2017-08-01','english',1228,'0.468','0.535','10','-8.264','1','0.0436','0.44','0','0.101','0.298','168.001','243493','4'),(1738,'I Want You Back - Ra',199,'2017-02-06','english',481,'0.754','0.946','8','-2.149','0','0.0403','0.0743','0.000391','0.401','0.865','112.042','199787','4'),(1739,'Pop - Radio Version',175,'2017-11-10','english',19,'0.841','0.866','11','-6.342','1','0.118','0.0412','0','0.212','0.875','119.941','175520','4'),(1740,'Tearin\' up My Heart ',209,'2017-02-06','english',1253,'0.685','0.872','7','-6.939','1','0.0321','0.00799','0','0.323','0.806','110.046','209560','4'),(1741,'As Long as You Love ',211,'2017-01-10','english',1008,'0.773','0.801','0','-5.562','1','0.0281','0.16','0','0.111','0.8','98.205','211907','4'),(1742,'Quit Playing Games (',232,'2016-12-10','english',1282,'0.798','0.862','11','-4.95','0','0.0336','0.066','0.00000165','0.168','0.893','100.031','232027','4'),(1743,'I\'ll Never Break You',287,'2017-09-23','english',783,'0.527','0.578','7','-6.012','0','0.0283','0.0877','0','0.155','0.35','162.11','287027','3'),(1744,'All I Have to Give',274,'2016-12-06','english',70,'0.729','0.561','1','-7.162','1','0.028','0.0563','0','0.0657','0.395','95.981','274827','4'),(1745,'The Call',203,'2017-07-27','english',599,'0.697','0.856','10','-4.439','0','0.0752','0.117','0','0.287','0.732','104.202','203600','4'),(1746,'I Want It That Way',213,'2017-02-27','english',186,'0.683','0.687','6','-5.833','0','0.0274','0.24','0','0.131','0.486','99.035','213027','4'),(1747,'Show Me the Meaning ',234,'2017-03-11','english',433,'0.634','0.624','6','-5.095','0','0.0255','0.245','0','0.0767','0.668','167.992','234587','4'),(1748,'Shape of My Heart',230,'2017-08-02','english',306,'0.571','0.77','9','-5.46','1','0.03','0.252','0','0.154','0.529','96.09','230280','4'),(1749,'I\'ll Be Missing You ',301,'2017-06-17','english',229,'0.862','0.479','7','-9.199','1','0.0646','0.0522','0.00126','0.589','0.919','109.878','301520','4'),(1750,'I Need A Girl (Part ',268,'2017-08-24','english',228,'0.66','0.707','6','-5.758','1','0.208','0.397','0','0.211','0.779','89.279','268800','4'),(1751,'Where the Party At',232,'2016-12-18','english',452,'0.596','0.661','5','-6.239','0','0.226','0.31','0','0.0847','0.864','129.491','232573','5'),(1752,'I Wanna Know',296,'2016-12-24','english',274,'0.725','0.487','8','-5.959','0','0.0368','0.26','0.0000109','0.431','0.595','136.086','296693','4'),(1753,'Stay',232,'2017-02-14','english',14,'0.651','0.645','1','-6.741','1','0.223','0.00819','0','0.0919','0.668','96.394','232227','4'),(1754,'So Sick',207,'2017-10-11','english',547,'0.699','0.592','6','-8.298','1','0.262','0.273','0','0.202','0.587','94.933','207187','4'),(1755,'When You\'re Mad',222,'2017-08-16','english',92,'0.654','0.564','6','-7.186','1','0.235','0.304','0','0.107','0.458','86.948','222000','4'),(1756,'Sexy Love',220,'2016-11-23','english',120,'0.622','0.503','8','-6.417','1','0.0433','0.265','0.000473','0.0596','0.6','93.984','220853','4'),(1757,'All My Life',331,'2017-09-18','english',322,'0.634','0.528','1','-8.834','1','0.0309','0.117','0.00000226','0.0565','0.187','128','331240','4'),(1758,'Take Me There - Remi',254,'2016-12-26','english',1252,'0.779','0.711','0','-4.054','1','0.144','0.0786','0.000024','0.373','0.857','96.472','254067','4'),(1759,'MMMBop',267,'2016-11-24','english',91,'0.686','0.952','9','-5.169','1','0.0458','0.0058','0.00333','0.283','0.641','104.889','267947','4'),(1760,'Case Of The Ex (What',236,'2017-08-19','english',601,'0.78','0.69','1','-4.958','0','0.0445','0.0565','0.0000819','0.0716','0.327','98.002','236827','4'),(1761,'My Love Is Like...Wo',209,'2017-07-28','english',130,'0.833','0.677','4','-6.413','1','0.103','0.207','0.00000392','0.286','0.731','132.876','209490','4'),(1762,'Angel of Mine - Radi',250,'2017-01-27','english',148,'0.592','0.562','10','-6.869','0','0.0239','0.00373','0.0000323','0.223','0.2','90.16','250173','4'),(1763,'For You I Will',294,'2017-10-04','english',349,'0.652','0.473','0','-7.981','0','0.0313','0.243','0','0.134','0.36','123.208','294867','4'),(1764,'Two Wrongs',230,'2017-09-06','english',2,'0.621','0.579','9','-8.574','1','0.221','0.0862','0','0.0827','0.415','82.897','230733','4'),(1765,'Take Me As I Am',257,'2017-03-27','english',263,'0.685','0.784','9','-4.971','1','0.11','0.0925','0','0.314','0.734','90.89','257173','4'),(1766,'Sweetest Girl (Dolla',241,'2017-03-26','english',6,'0.733','0.744','1','-3.51','1','0.0553','0.0772','0','0.341','0.528','92.515','241133','4'),(1767,'Slow Jam',283,'2017-07-24','english',543,'0.701','0.457','8','-8.562','0','0.0311','0.0138','0','0.054','0.292','127.925','283093','4'),(1768,'Ironic - 2015 Remast',230,'2017-03-21','english',96,'0.408','0.582','11','-8.305','1','0.0508','0.218','0','0.159','0.34','114.926','230000','5'),(1769,'U Got It Bad',247,'2017-07-08','english',152,'0.816','0.5','1','-4.551','1','0.03','0.0227','0.00000153','0.0733','0.654','124.037','247840','4'),(1770,'My Boo',223,'2017-01-13','english',468,'0.662','0.507','5','-8.238','1','0.118','0.257','0','0.0465','0.652','86.412','223440','4'),(1771,'Don\'t Love You No Mo',244,'2017-09-22','english',586,'0.635','0.54','7','-8.122','1','0.0246','0.466','0','0.0524','0.586','99.99','244160','4'),(1772,'Let Me Love You',249,'2017-08-20','english',223,'0.622','0.593','7','-8.352','0','0.0916','0.163','0','0.0979','0.595','94.364','249093','4'),(1773,'Just a Friend 2002 -',214,'2017-02-07','english',658,'0.538','0.677','0','-6.099','1','0.187','0.00541','0','0.236','0.919','132.346','214200','5'),(1774,'Say My Name',271,'2017-09-17','english',18,'0.713','0.678','5','-3.525','0','0.102','0.273','0','0.149','0.738','138.009','271333','4'),(1775,'Jumpin\', Jumpin\'',230,'2017-05-12','english',719,'0.771','0.685','1','-4.639','1','0.0567','0.00543','0.00157','0.0537','0.683','88.997','230200','4'),(1776,'Independent Women, P',221,'2017-10-11','english',937,'0.73','0.602','6','-3.782','0','0.206','0.362','0.00000369','0.169','0.932','97.954','221133','4'),(1777,'Bills, Bills, Bills',256,'2016-11-29','english',1231,'0.845','0.576','11','-5.15','0','0.153','0.139','0','0.0764','0.455','127.641','256027','4'),(1778,'No More (Baby I\'ma D',263,'2017-05-02','english',741,'0.721','0.723','2','-7.08','0','0.0631','0.102','0.0000044','0.0651','0.769','88.933','263440','4'),(1779,'Summer Is Over feat.',300,'2017-01-13','english',13,'0.518','0.666','0','-5.306','1','0.0313','0.0382','0.0000247','0.289','0.254','130.048','300573','4'),(1780,'Beautiful Disaster',251,'2017-04-14','english',442,'0.415','0.661','7','-4.629','1','0.0296','0.201','0','0.143','0.283','156.177','251640','4'),(1781,'Human',252,'2017-06-03','english',868,'0.319','0.664','1','-4.85','1','0.0357','0.245','0','0.0812','0.441','112.377','252053','5'),(1782,'So Close',226,'2017-05-12','english',413,'0.386','0.248','11','-11.42','1','0.0291','0.787','0.00000149','0.143','0.153','106.259','226840','3'),(1783,'In Love With a Girl',206,'2017-08-25','english',764,'0.439','0.906','3','-4.8','1','0.0439','0.0193','0','0.373','0.69','161.905','206000','4'),(1784,'Simple Love Song',224,'2017-04-06','english',1278,'0.764','0.348','9','-7.98','1','0.0643','0.789','0','0.0997','0.773','119.651','224987','4'),(1785,'Honeymoon Avenue',339,'2017-06-21','english',199,'0.685','0.607','11','-5.301','1','0.0431','0.214','0','0.345','0.463','125.011','339733','4'),(1786,'Tattooed Heart',194,'2017-09-04','english',1058,'0.454','0.521','7','-4.143','1','0.0285','0.413','0','0.119','0.231','72.28','194707','4'),(1787,'Almost Is Never Enou',327,'2017-01-25','english',793,'0.4','0.337','2','-7.404','1','0.0355','0.831','0','0.0934','0.354','108.196','327773','5'),(1788,'Perfect Harmony',145,'2017-06-04','english',793,'0.664','0.32','4','-7.356','1','0.0322','0.789','0','0.152','0.71','141.916','145707','3'),(1789,'Pyramid (feat. Iyaz)',235,'2017-01-06','english',283,'0.562','0.659','10','-5.234','1','0.0824','0.268','0','0.133','0.246','87.539','235947','4'),(1790,'Best Friend',233,'2016-11-30','english',335,'0.637','0.659','3','-6.964','1','0.0409','0.74','0','0.227','0.531','102.029','233000','4'),(1791,'Over And Over Again',246,'2017-08-18','english',825,'0.47','0.271','8','-8.335','1','0.0392','0.962','0','0.106','0.396','129.623','246896','4'),(1792,'Put Your Arms Around',222,'2017-07-07','english',519,'0.758','0.699','0','-4.217','1','0.051','0.126','0','0.0643','0.724','95.011','222733','4'),(1793,'Try Everything',196,'2017-10-16','english',119,'0.704','0.604','1','-4.865','1','0.0308','0.0269','0','0.0835','0.486','115.48','196853','4'),(1794,'Starving',181,'2017-07-09','english',339,'0.712','0.62','4','-4.187','1','0.0888','0.39','0','0.0994','0.519','99.953','181880','4'),(1795,'I Dare You',206,'2017-04-29','english',38,'0.616','0.709','10','-6.134','1','0.0312','0.00406','0.00000256','0.501','0.545','122.984','206013','4'),(1796,'Force of Nature',241,'2017-03-06','english',472,'0.658','0.566','7','-6.179','1','0.0259','0.771','0','0.167','0.513','80.035','241813','4'),(1797,'Perfect Picture',187,'2017-01-06','english',947,'0.555','0.79','3','-5.777','1','0.0507','0.0305','0','0.094','0.519','79.016','187973','4'),(1798,'Tangled Up In Me',164,'2017-08-25','english',717,'0.51','0.708','9','-3.092','0','0.051','0.0278','0.00000386','0.117','0.767','188.058','164347','4'),(1799,'Why Can\'t I?',208,'2017-04-22','english',743,'0.487','0.759','11','-4.849','1','0.0405','0.0273','0','0.165','0.238','80.958','208360','4'),(1800,'God Is a DJ',225,'2017-09-10','english',266,'0.635','0.977','5','-3.213','0','0.0588','0.0901','0.00000261','0.241','0.431','111.955','225400','4'),(1801,'Save My Soul',224,'2017-08-24','english',398,'0.406','0.638','9','-6.085','0','0.13','0.0637','0','0.107','0.404','177.916','224848','4'),(1802,'Mad Love.',244,'2017-04-06','english',1191,'0.277','0.604','0','-3.778','0','0.062','0.0368','0','0.365','0.28','199.519','244413','3'),(1803,'Secret Love',239,'2017-06-25','english',861,'0.776','0.507','9','-5.752','0','0.0405','0.19','0','0.12','0.51','98.051','239880','4'),(1804,'Dear No One',197,'2017-09-23','english',731,'0.498','0.586','6','-5.936','1','0.31','0.122','0','0.106','0.489','81.945','197847','4'),(1805,'First Heartbreak',204,'2017-04-18','english',1073,'0.657','0.485','3','-5.634','0','0.0672','0.466','0','0.0889','0.402','135.805','204960','4'),(1806,'Video',249,'2017-05-25','english',570,'0.652','0.621','9','-8.677','0','0.263','0.104','0.0000053','0.0382','0.647','169.983','249960','4'),(1807,'Beauty and the Beast',227,'2017-03-19','english',931,'0.494','0.542','6','-6.995','1','0.0277','0.152','0','0.101','0.246','81.34','227928','4'),(1808,'I2I',241,'2016-12-22','english',345,'0.732','0.772','11','-7.974','0','0.0382','0.0458','0','0.76','0.763','130.14','241387','4'),(1809,'Confetti Falling',242,'2017-05-03','english',232,'0.557','0.796','3','-4.147','1','0.0482','0.00411','0','0.0951','0.452','127.999','242973','4'),(1810,'You Gotta Be',245,'2017-11-13','english',123,'0.627','0.669','0','-9.985','1','0.0412','0.211','0.00000272','0.111','0.5','94.029','245200','4'),(1811,'Can\'t Blame a Girl f',169,'2017-06-10','english',1219,'0.616','0.401','0','-7.318','1','0.0344','0.429','0','0.161','0.354','143.75','169307','4'),(1812,'Eyes Wide Open',192,'2017-09-12','english',524,'0.586','0.637','8','-6.621','1','0.0274','0.00486','0.00000297','0.112','0.331','88.025','192720','4'),(1813,'Wildside - From \"Adv',187,'2017-04-11','english',263,'0.763','0.569','6','-5.585','1','0.0401','0.00397','0.0000785','0.0755','0.751','122.988','187960','4'),(1814,'Can I Have This Danc',243,'2017-05-23','english',1045,'0.539','0.658','0','-5.109','1','0.0295','0.256','0','0.286','0.494','136.357','243773','3'),(1815,'Hold On',266,'2017-03-28','english',533,'0.679','0.657','5','-9.897','1','0.0255','0.4','0','0.0497','0.558','97.8','266867','4'),(1816,'Be My Baby',164,'2017-02-13','english',832,'0.627','0.871','1','-4.403','0','0.0336','0.0156','0.00000463','0.23','0.677','129.059','164840','4'),(1817,'Photograph (feat. Be',260,'2016-12-30','english',1260,'0.717','0.32','3','-8.393','1','0.0283','0.828','0','0.107','0.331','107.946','260187','4'),(1818,'Closer (feat. Sarah ',244,'2017-09-23','english',1202,'0.694','0.472','8','-8.62','1','0.0281','0.41','0','0.233','0.466','95.002','244189','4'),(1819,'Flashlight (Sweet Li',178,'2017-10-01','english',928,'0.51','0.602','3','-6.317','1','0.0616','0.299','0','0.126','0.305','148.077','178320','4'),(1820,'From This Moment On',291,'2017-09-06','english',1036,'0.428','0.514','7','-5.021','1','0.0271','0.382','0','0.186','0.141','135.819','291640','4'),(1821,'You\'re Still The One',212,'2017-04-04','english',1094,'0.551','0.527','3','-7.119','1','0.0302','0.45','0','0.0867','0.662','133.758','212560','4'),(1822,'Everywhere',214,'2017-05-08','english',1062,'0.523','0.828','1','-4.696','1','0.0762','0.0136','0.000255','0.165','0.473','96.952','214827','4'),(1823,'Just The Girl',234,'2017-01-29','english',728,'0.571','0.89','9','-1.6','1','0.0395','0.00509','0','0.0769','0.725','110.958','234147','4'),(1824,'Pieces Of Me',217,'2017-06-15','english',454,'0.5','0.802','2','-4.205','1','0.104','0.0535','0','0.103','0.743','174.039','217440','4'),(1825,'She Looks So Perfect',202,'2017-02-22','english',86,'0.493','0.956','1','-4.221','0','0.138','0.000668','0','0.416','0.467','160.006','202496','4'),(1826,'She\'s Kinda Hot',216,'2017-06-19','english',367,'0.659','0.9','4','-4.856','1','0.0317','0.00216','0','0.111','0.882','118.04','216454','4'),(1827,'Billie Jean',293,'2016-12-28','english',275,'0.92','0.654','11','-3.051','0','0.0401','0.0236','0.0158','0.0359','0.856','117.046','293827','4'),(1828,'Beat It - Single Ver',258,'2017-09-03','english',274,'0.779','0.867','3','-3.704','0','0.0457','0.0491','0.00000798','0.197','0.918','138.858','258040','4'),(1829,'Black or White - Sin',198,'2017-07-02','english',544,'0.758','0.927','9','-2.768','1','0.0509','0.11','0.0285','0.374','0.953','115.076','198507','4'),(1830,'The Way You Make Me ',297,'2017-08-01','english',597,'0.608','0.816','1','-5.926','1','0.11','0.0367','0.000554','0.116','0.497','114.484','297400','4'),(1831,'Man In The Mirror',319,'2017-07-09','english',55,'0.794','0.798','8','-5.639','1','0.0366','0.43','0.0000115','0.114','0.268','100.338','319307','4'),(1832,'P.Y.T. (Pretty Young',238,'2016-12-14','english',1083,'0.888','0.815','11','-4.909','0','0.0404','0.23','0.000424','0.127','0.96','127.273','238733','4'),(1833,'Ultimate',186,'2017-04-26','english',48,'0.492','0.797','11','-4.666','1','0.0388','0.00388','0','0.466','0.533','79.513','186867','4'),(1834,'If I Were a Boy',249,'2017-11-01','english',892,'0.632','0.518','6','-6.126','1','0.0313','0.107','0','0.354','0.45','90.007','249147','4'),(1835,'With You',252,'2017-04-30','english',416,'0.658','0.696','3','-4.293','1','0.0707','0.143','0','0.131','0.655','85.998','252053','4'),(1836,'Forever',278,'2017-03-28','english',705,'0.672','0.819','11','-4.457','1','0.0463','0.0371','0.000184','0.203','0.452','120.013','278036','4'),(1837,'A Thousand Years',285,'2017-04-24','english',974,'0.421','0.407','10','-7.445','1','0.0267','0.309','0.000961','0.11','0.168','139.028','285120','3'),(1838,'Gave Me Something',207,'2016-12-15','english',157,'0.589','0.83','1','-5.547','1','0.0984','0.0345','0','0.344','0.595','94.999','207145','4'),(1839,'Hold My Hand',227,'2016-12-11','english',461,'0.642','0.823','0','-5.717','1','0.0289','0.00159','0','0.0776','0.441','122.977','227344','4'),(1840,'When Will My Life Be',152,'2016-12-18','english',533,'0.677','0.437','4','-7.413','1','0.0322','0.106','0','0.0897','0.455','108.054','152333','4'),(1841,'I See the Light - Fr',224,'2017-01-31','english',1282,'0.24','0.16','5','-14.213','1','0.0301','0.845','0','0.0842','0.199','92.742','224240','4'),(1842,'Torn',244,'2017-08-24','english',912,'0.575','0.886','5','-5.182','1','0.034','0.0647','0.000187','0.709','0.608','96.308','244667','4'),(1843,'Ain\'t Nobody',281,'2017-01-29','english',711,'0.794','0.891','1','-6.918','1','0.0439','0.197','0.0000904','0.136','0.813','104.315','281773','4'),(1844,'Dreams',271,'2017-07-23','english',819,'0.555','0.63','4','-13.11','1','0.0353','0.0029','0.00681','0.336','0.488','128.661','271560','4'),(1845,'I Knew I Loved You',251,'2017-08-30','english',663,'0.556','0.517','9','-8.769','1','0.0287','0.307','0.00115','0.077','0.779','169.938','251253','4'),(1846,'Un-Break My Heart',270,'2017-09-27','english',858,'0.625','0.426','2','-8.392','0','0.0271','0.413','0','0.116','0.123','110.018','270333','4'),(1847,'Breathe Again',269,'2017-10-28','english',998,'0.689','0.677','0','-6.36','1','0.0326','0.0704','0','0.0877','0.265','153.919','269173','4'),(1848,'You\'re Makin\' Me Hig',267,'2016-12-31','english',1117,'0.852','0.563','10','-8.663','0','0.0377','0.0117','0.0000196','0.119','0.887','92.112','267440','4'),(1849,'My Little Secret',268,'2017-08-20','english',1290,'0.814','0.431','8','-9.125','1','0.0936','0.371','0','0.335','0.546','129.957','268040','4'),(1850,'One Of Those Love So',255,'2017-04-15','english',501,'0.701','0.383','10','-9.016','1','0.0284','0.0527','0','0.0525','0.241','135.877','255453','4'),(1851,'Softest Place On Ear',256,'2017-08-18','english',1232,'0.773','0.309','7','-8.5','0','0.0339','0.415','0.00014','0.111','0.411','128.105','256720','4'),(1852,'The Arms of the One ',260,'2017-05-23','english',756,'0.657','0.456','0','-8.917','1','0.0345','0.311','0','0.0922','0.181','115.4','260427','4'),(1853,'He Wasn\'t Man Enough',261,'2017-03-07','english',82,'0.739','0.947','11','-1.915','0','0.0412','0.00947','0.0000299','0.326','0.762','88.009','261933','4'),(1854,'Secret Love Song',249,'2017-10-29','english',744,'0.534','0.642','9','-3.971','1','0.0504','0.259','0','0.29','0.139','92.963','249813','4'),(1855,'I Can\'t Fall in Love',180,'2017-09-12','english',874,'0.485','0.332','4','-9.244','1','0.0338','0.784','0.000122','0.146','0.255','130.813','180640','4'),(1856,'Lost Boy',275,'2017-02-14','english',836,'0.71','0.0565','7','-15.099','1','0.0534','0.965','0','0.0889','0.352','123.994','275280','4'),(1857,'Yesterday',203,'2017-08-16','english',260,'0.849','0.531','7','-5.534','1','0.258','0.524','0','0.0693','0.771','91.927','203720','4'),(1858,'Honest',168,'2017-11-09','english',90,'0.413','0.439','10','-8.537','1','0.031','0.622','0.00562','0.0704','0.336','97.942','168480','4'),(1859,'When Will I Learn',193,'2017-07-10','english',970,'0.513','0.274','0','-13.577','1','0.0289','0.904','0.00000927','0.1','0.381','129.834','193917','4'),(1860,'Lady Brain',171,'2017-02-22','english',678,'0.447','0.288','4','-9.131','1','0.0298','0.701','0.00000156','0.0915','0.352','139.522','171046','4'),(1861,'Cleopatra',201,'2017-04-06','english',479,'0.546','0.76','8','-6.763','1','0.0428','0.265','0.0000747','0.0948','0.461','151.456','201413','4'),(1862,'Heavy',264,'2016-12-25','english',360,'0.614','0.549','5','-6.986','1','0.0516','0.286','0.00000264','0.142','0.255','77.926','264151','4'),(1863,'Celeste',203,'2017-03-29','english',361,'0.604','0.841','1','-5.145','1','0.0423','0.0299','0.00382','0.136','0.585','138.976','203310','4'),(1864,'Don\'t Say',201,'2017-05-08','english',728,'0.606','0.411','1','-11.765','1','0.0316','0.859','0.00247','0.252','0.234','117.819','201333','4'),(1865,'Like Home',186,'2017-02-21','english',1255,'0.661','0.544','7','-11.193','1','0.0304','0.323','0.0222','0.0871','0.307','139.012','186492','4'),(1866,'I Know',195,'2017-10-07','english',191,'0.644','0.523','4','-7.66','1','0.0378','0.395','0','0.093','0.453','95.966','195107','4'),(1867,'Adventurers',150,'2017-07-07','english',1090,'0.645','0.52','1','-7.417','1','0.0576','0.208','0','0.0842','0.395','169.986','150706','4'),(1868,'Back to You',195,'2017-05-18','english',977,'0.499','0.94','0','-2.741','1','0.0332','0.0897','0.0000728','0.109','0.451','112.02','195000','4'),(1869,'Memorial Day',238,'2017-06-13','english',312,'0.52','0.497','2','-9.925','1','0.0403','0.185','0.00785','0.109','0.41','148.895','238093','4'),(1870,'Fire',202,'2017-03-21','english',1230,'0.655','0.873','7','-4.992','0','0.0692','0.0754','0','0.105','0.571','130.018','202163','4'),(1871,'I Keep Ticking On',156,'2017-11-08','english',11,'0.602','0.771','3','-4.494','1','0.04','0.245','0','0.107','0.387','125.024','156360','4'),(1872,'Automatic',233,'2017-09-22','english',267,'0.626','0.601','2','-6.4','1','0.0309','0.266','0.00405','0.112','0.187','120.046','233760','4'),(1873,'Ohio - filous Remix',245,'2017-03-02','english',2,'0.599','0.699','1','-7.588','0','0.1','0.58','0.276','0.108','0.312','120.927','245960','4'),(1874,'I Took A Pill In Ibi',198,'2017-10-06','english',506,'0.678','0.783','7','-4.672','0','0.0828','0.0331','0.0000151','0.134','0.687','102','198760','4'),(1875,'Bath Salts',152,'2017-06-03','english',1223,'0.611','0.487','2','-10.629','1','0.0275','0.0816','0.116','0.111','0.667','105.034','152869','3'),(1876,'Nocturne No.1 In B F',336,'2016-12-03','english',697,'0.206','0.0347','1','-25.351','1','0.0431','0.994','0.828','0.131','0.0378','67.584','336000','4'),(1877,'Semi-Charmed Life',268,'2017-06-14','english',1117,'0.64','0.864','7','-6.576','1','0.0315','0.00832','0','0.123','0.735','102.026','268360','4'),(1878,'Mr. Jones',272,'2017-08-07','english',893,'0.581','0.817','0','-6.542','1','0.0382','0.211','0.00000142','0.246','0.772','141.607','272507','4'),(1879,'Two Princes',256,'2017-09-29','english',1114,'0.543','0.912','7','-10.71','1','0.0601','0.00162','0.0000021','0.0565','0.83','103.731','256733','4'),(1880,'Save Tonight',239,'2017-01-14','english',288,'0.547','0.693','0','-8.786','1','0.0353','0.0000924','0.0000546','0.113','0.581','119.567','239227','4'),(1881,'Hey Jealousy',236,'2017-01-21','english',699,'0.464','0.785','6','-7.42','0','0.0436','0.00117','0.00000146','0.328','0.505','153.005','236067','4'),(1882,'Good',185,'2017-04-12','english',32,'0.615','0.657','7','-6.873','1','0.029','0.000372','0.0204','0.132','0.78','109.95','185093','4'),(1883,'If You Could Only Se',263,'2017-05-02','english',663,'0.417','0.946','10','-4.056','0','0.0507','0.00131','0','0.154','0.501','95.245','263280','4'),(1884,'You Get What You Giv',300,'2016-12-05','english',616,'0.618','0.896','2','-5.357','1','0.0307','0.171','0','0.0875','0.727','113.961','300773','4'),(1885,'Why I\'m Here',238,'2017-10-03','english',1093,'0.638','0.666','8','-7.056','0','0.0233','0.00913','0.000843','0.111','0.474','100.01','238093','4'),(1886,'Lump',134,'2017-02-03','english',1013,'0.499','0.873','6','-3.902','1','0.0386','0.00468','0','0.165','0.869','142.726','134200','4'),(1887,'Someday - Remastered',243,'2017-04-21','english',489,'0.743','0.67','1','-4.547','0','0.0293','0.0108','0.0702','0.22','0.934','110.832','243333','4'),(1888,'All I Want',196,'2017-05-08','english',703,'0.6','0.811','5','-7.693','1','0.0788','0.0558','0.00000682','0.109','0.601','124.303','196116','4'),(1889,'Push',238,'2016-12-11','english',748,'0.42','0.672','6','-7.902','1','0.027','0.0067','0','0.108','0.459','168.019','238667','4'),(1890,'What\'s Up?',295,'2017-10-11','english',329,'0.561','0.555','11','-9.734','0','0.0287','0.16','0','0.114','0.509','134.369','295493','4'),(1891,'Absolutely (Story of',189,'2017-02-26','english',700,'0.481','0.94','7','-5.204','1','0.066','0.000891','0','0.0939','0.643','96.493','189333','4'),(1892,'Roll To Me',132,'2017-07-20','english',1216,'0.566','0.804','6','-5.783','1','0.0364','0.417','0','0.112','0.868','149.989','132307','4'),(1893,'Hey Leonardo (She Li',208,'2017-05-23','english',76,'0.637','0.846','1','-3.663','1','0.0346','0.0437','0','0.105','0.596','103.119','208493','4'),(1894,'Inside Out',219,'2017-05-29','english',634,'0.483','0.818','11','-7.666','1','0.0444','0.114','0','0.367','0.69','175.668','219467','4'),(1895,'Blister in the Sun -',144,'2016-12-22','english',342,'0.701','0.261','0','-19.846','1','0.0938','0.219','0','0.0821','0.895','97.042','144333','4'),(1896,'Cannonball',215,'2017-10-02','english',1108,'0.498','0.685','3','-11.795','1','0.0394','0.00971','0.775','0.365','0.781','112.49','215573','4'),(1897,'Iris',289,'2016-12-12','english',613,'0.291','0.79','11','-5.683','0','0.0363','0.00133','0.00000561','0.0811','0.493','155.667','289907','3'),(1898,'Into Your Arms',164,'2017-08-01','english',1040,'0.48','0.891','2','-5.001','1','0.0332','0.0271','0.00000324','0.185','0.646','123.961','164467','4'),(1899,'Mmm Mmm Mmm Mmm',235,'2017-03-08','english',761,'0.58','0.575','3','-7.72','1','0.0231','0.25','0.0000183','0.0813','0.372','92.934','235173','4'),(1900,'Hollaback Girl',199,'2017-04-07','english',685,'0.926','0.916','10','-2.221','0','0.0929','0.35','0.00000617','0.0234','0.903','110.007','199853','4'),(1901,'SexyBack',242,'2017-11-19','english',1142,'0.967','0.583','7','-5.562','0','0.0789','0.0584','0','0.0519','0.965','117','242733','4'),(1902,'I Gotta Feeling',289,'2017-09-24','english',1054,'0.741','0.748','0','-6.299','1','0.0264','0.0823','0','0.34','0.616','127.965','289133','4'),(1903,'...Baby One More Tim',211,'2017-02-10','english',543,'0.757','0.725','0','-4.86','0','0.0315','0.185','0.0000556','0.568','0.887','92.96','211160','4'),(1904,'Genie In A Bottle (A',217,'2017-06-21','english',851,'0.618','0.794','1','-6.985','1','0.126','0.173','0.000226','0.144','0.919','175.822','217893','4'),(1905,'Fantasy',243,'2017-02-16','english',27,'0.671','0.727','7','-7.585','1','0.035','0.139','0','0.123','0.82','102.358','243493','4'),(1906,'No Scrubs',214,'2017-05-02','english',182,'0.743','0.675','8','-4.267','0','0.0953','0.0251','0.000717','0.0685','0.604','92.909','214400','4'),(1907,'Drive',232,'2017-05-21','english',828,'0.639','0.849','4','-5.474','0','0.0361','0.0661','0.02','0.15','0.668','90.562','232987','4'),(1908,'My Own Worst Enemy',169,'2017-01-13','english',994,'0.494','0.946','4','-2.757','1','0.0637','0.00129','0','0.398','0.713','103.408','169027','4'),(1909,'Wannabe - Radio Edit',173,'2017-02-13','english',1183,'0.768','0.864','11','-6.145','1','0.0324','0.101','0','0.162','0.876','110.008','173027','4'),(1910,'Tearin\' up My Heart ',211,'2017-08-08','english',335,'0.686','0.915','7','-4.447','1','0.0364','0.0028','0.00000716','0.233','0.784','110.054','211000','4'),(1911,'I Try',239,'2017-10-05','english',727,'0.593','0.642','2','-7.284','1','0.0299','0.313','0.000582','0.0804','0.755','76.403','239440','4'),(1912,'Ironic',225,'2017-02-09','english',27,'0.295','0.593','11','-7.572','1','0.0555','0.25','0','0.236','0.361','85.482','225933','4'),(1913,'Learn to Fly',234,'2017-05-11','english',553,'0.439','0.931','11','-2.59','0','0.0473','0.0000192','0.0000121','0.193','0.516','135.944','234800','4'),(1914,'Smooth',294,'2017-07-30','english',86,'0.609','0.923','9','-3.908','1','0.0338','0.16','0.00000473','0.295','0.96','115.996','294987','4'),(1915,'I Want It That Way',213,'2016-12-02','english',69,'0.667','0.728','6','-5.476','0','0.0272','0.161','0','0.199','0.449','99.014','213000','4'),(1916,'Truly Madly Deeply',279,'2016-12-21','english',86,'0.566','0.705','0','-7.569','1','0.0311','0.43','0','0.109','0.785','168.152','279400','4'),(1917,'(You Drive Me) Crazy',198,'2017-03-16','english',223,'0.748','0.939','0','-4.288','0','0.0341','0.0534','0','0.32','0.962','104.001','198067','4'),(1918,'Pretty Fly (For a Wh',188,'2017-03-18','english',857,'0.72','0.898','11','-3.701','0','0.0997','0.0962','0','0.0675','0.964','143.431','188107','4'),(1919,'Everybody (Backstree',225,'2017-07-19','english',1015,'0.706','0.893','10','-4.355','0','0.0449','0.0449','0.00000104','0.301','0.616','108.006','225253','4'),(1920,'Remember the Time',239,'2017-03-19','english',1205,'0.831','0.921','5','-2.383','0','0.0581','0.153','0.00213','0.305','0.808','108.002','239227','4'),(1921,'Meet Virginia',239,'2017-07-13','english',378,'0.675','0.553','7','-7.775','1','0.0486','0.0863','0.00000758','0.118','0.57','90.02','239933','4'),(1922,'Last Kiss',195,'2017-02-13','english',875,'0.622','0.692','7','-6.97','1','0.0276','0.363','0.000158','0.193','0.758','112.053','195467','4'),(1923,'Jump',195,'2017-02-10','english',640,'0.749','0.745','2','-10.625','1','0.164','0.000501','0.00403','0.333','0.461','101.972','195107','4'),(1924,'Girls, Girls, Girls',270,'2017-04-23','english',576,'0.6','0.931','7','-4.647','1','0.0734','0.0296','0.000071','0.392','0.527','140.123','270427','4'),(1925,'Don\'t Stop Me Now - ',209,'2017-04-23','english',958,'0.559','0.868','5','-5.276','1','0.17','0.0475','0.000176','0.776','0.608','156.295','209413','4'),(1926,'Coming Around Again',219,'2017-09-23','english',463,'0.631','0.363','5','-14.331','1','0.0336','0.632','0.0000464','0.084','0.268','138.367','219160','4'),(1927,'Hips Don\'t Lie',218,'2017-10-25','english',741,'0.778','0.824','10','-5.892','0','0.0712','0.284','0','0.405','0.767','100.024','218093','4'),(1928,'Don\'t Cha',272,'2017-01-01','english',1015,'0.875','0.631','1','-3.475','1','0.099','0.00542','0.00000254','0.127','0.552','120.002','272080','4'),(1929,'Every time we touch',197,'2017-09-04','english',253,'0.633','0.976','8','-5.362','1','0.0519','0.00281','0.0000129','0.382','0.471','142.027','197124','4'),(1930,'Where Is The Love?',272,'2017-06-22','english',819,'0.835','0.687','5','-3.18','1','0.184','0.101','0','0.132','0.826','94.059','272533','4'),(1931,'Don\'t Stop The Music',267,'2017-06-12','english',733,'0.853','0.676','6','-5.533','0','0.0715','0.0446','0.0000337','0.0514','0.558','122.65','267080','4'),(1932,'Survivor',254,'2016-12-02','english',1211,'0.514','0.911','1','-2.027','0','0.41','0.0559','0','0.775','0.614','161.109','254027','4'),(1933,'Last Friday Night (T',230,'2017-05-12','english',1252,'0.649','0.815','3','-3.796','0','0.0415','0.00125','0.0000431','0.671','0.774','126.03','230747','4'),(1934,'Whenever, Wherever',197,'2017-02-25','english',27,'0.793','0.832','1','-4.861','0','0.0405','0.265','0.00000684','0.207','0.859','107.647','197027','4'),(1935,'Poker Face',237,'2017-10-16','english',281,'0.851','0.806','4','-4.618','1','0.0788','0.12','0.00000139','0.122','0.769','119.002','237200','4'),(1936,'Complicated',244,'2017-08-07','english',22,'0.585','0.776','5','-5.898','1','0.0459','0.0572','0.00000774','0.3','0.43','77.987','244507','4'),(1937,'Das Lied Der Schluem',243,'2017-09-26','english',567,'0.658','0.781','9','-8.759','1','0.124','0.132','0','0.0877','0.929','168.883','243493','4'),(1938,'Because We Want To',226,'2016-12-26','english',167,'0.81','0.885','1','-10.116','0','0.0659','0.121','0.00000339','0.191','0.853','107.024','226333','4'),(1939,'Cheeky Song (Touch M',205,'2017-10-27','english',435,'0.757','0.902','7','-6.747','1','0.0369','0.0174','0.00000604','0.0975','0.853','130.05','205080','4'),(1940,'Agadoo - original',187,'2017-04-05','english',371,'0.618','0.96','4','-6.382','1','0.0327','0.00599','0','0.058','0.949','131.988','187760','4'),(1941,'Achy Breaky Heart',204,'2016-12-11','english',551,'0.766','0.725','9','-6.36','1','0.0294','0.0561','0','0.0942','0.964','121.797','204960','4'),(1942,'Jenny from the Block',187,'2017-01-18','english',343,'0.845','0.768','6','-5.448','1','0.188','0.00733','0.00000504','0.0575','0.954','100','187840','4'),(1943,'Look At Me',272,'2017-07-06','english',61,'0.64','0.947','9','-3.925','0','0.102','0.0581','0','0.0656','0.68','145.108','272160','4'),(1944,'(Everything I Do) I ',393,'2017-07-10','english',574,'0.524','0.429','1','-10.064','1','0.0279','0.0803','0.0000137','0.0726','0.237','131.206','393827','4'),(1945,'Against All Odds (Ta',200,'2017-03-06','english',88,'0.498','0.467','1','-7.283','1','0.03','0.573','0','0.103','0.402','117.78','200400','4'),(1946,'Anyone Can Fall In L',212,'2017-06-06','english',18,'0.672','0.709','1','-7.884','1','0.0232','0.284','0.000608','0.083','0.652','98.972','212288','4'),(1947,'There\'s No One Quite',182,'2017-09-21','english',1126,'0.528','0.271','3','-12.762','1','0.0299','0.674','0','0.19','0.49','136.08','182213','4'),(1948,'Earth Song - Remaste',406,'2017-06-05','english',375,'0.511','0.453','3','-6.803','0','0.0314','0.453','0.000212','0.0865','0.142','138.309','406280','4'),(1949,'The Lady In Red',259,'2017-01-29','english',1096,'0.53','0.445','10','-10.907','1','0.0318','0.342','0.00000428','0.0423','0.495','77.092','259040','4'),(1950,'My Heart Will Go On ',281,'2017-03-21','english',456,'0.433','0.364','4','-8.842','1','0.0293','0.707','0.00000375','0.171','0.0384','98.981','281253','1'),(1951,'Can I Touch You...Th',315,'2016-12-16','english',290,'0.563','0.847','0','-6.19','1','0.325','0.267','0','0.243','0.81','82.757','315787','4'),(1952,'Lucky',205,'2017-03-31','english',83,'0.764','0.811','1','-5.245','1','0.0323','0.25','0.000112','0.198','0.967','95.024','205507','4'),(1953,'Believe',238,'2017-06-19','english',844,'0.653','0.933','6','-6.041','1','0.0522','0.00754','0','0.0574','0.413','132.965','238693','4'),(1954,'Macarena',249,'2017-09-08','english',71,'0.927','0.721','8','-12.561','1','0.0908','0.422','0.0000436','0.0422','0.966','103.018','249382','4'),(1955,'Boys',234,'2017-02-22','english',420,'0.85','0.623','5','-12.256','0','0.034','0.16','0.523','0.0395','0.963','119.891','234827','4'),(1956,'Shaddap You Face',193,'2017-10-07','english',590,'0.762','0.705','4','-5.082','1','0.0991','0.441','0','0.118','0.776','119.439','193160','4'),(1957,'Ice Ice Baby',268,'2017-07-04','english',387,'0.959','0.545','7','-14.855','1','0.0623','0.0336','0','0.15','0.733','115.266','268840','4'),(1958,'Touch Me (I Want You',222,'2017-05-02','english',166,'0.664','0.679','9','-9.08','0','0.0298','0.154','0.000307','0.0694','0.728','104.851','222029','4'),(1959,'Grandad',204,'2017-04-07','english',970,'0.836','0.395','3','-12.015','1','0.0336','0.719','0.000014','0.0694','0.575','104.058','204827','3'),(1960,'Puppy Love',184,'2017-06-04','english',451,'0.191','0.664','1','-4.125','1','0.0456','0.537','0.00000123','0.353','0.545','203.822','184800','3'),(1961,'Girl You Know It\'s T',197,'2017-06-08','english',642,'0.771','0.812','10','-6.113','0','0.133','0.00769','0.0013','0.37','0.524','97.721','197933','4'),(1962,'Mysterious Girl',216,'2017-01-02','english',557,'0.653','0.748','10','-6.323','0','0.211','0.0588','0','0.194','0.809','172.008','216613','4'),(1963,'Every Loser Wins',191,'2017-10-28','english',859,'0.366','0.363','3','-9.768','1','0.0288','0.721','0.000636','0.154','0.262','132.758','191009','4'),(1964,'MMMBop',267,'2017-03-19','english',22,'0.685','0.948','9','-5.182','1','0.0457','0.00513','0.00347','0.17','0.627','104.881','267947','4'),(1965,'I\'d Do Anything For ',322,'2017-09-14','english',132,'0.423','0.655','2','-5.374','1','0.0812','0.677','0','0.317','0.298','103.72','322933','4'),(1966,'To Roz Bikini (Itsy,',152,'2016-12-24','english',594,'0.687','0.724','7','-4.206','1','0.069','0.483','0','0.057','0.974','139.705','152400','4'),(1967,'Hoochie Mama',179,'2016-11-23','english',1273,'0.895','0.883','7','-8.919','1','0.216','0.00141','0.000383','0.274','0.893','131.644','179000','4'),(1968,'Rockstar',252,'2017-08-24','english',683,'0.616','0.91','0','-3.004','1','0.0386','0.0459','0','0.343','0.684','144.073','252040','4'),(1969,'Miracles',312,'2017-08-27','english',897,'0.668','0.897','6','-3.982','1','0.255','0.288','0','0.513','0.512','95.952','312640','4'),(1970,'Fuck You Bitch',202,'2017-06-07','english',1135,'0.549','0.576','9','-6.282','1','0.0263','0.0364','0.00000194','0.147','0.462','118.709','202787','3'),(1971,'Fog On the Tyne',203,'2017-04-23','english',382,'0.615','0.403','0','-17.264','1','0.102','0.141','0','0.0706','0.707','80.171','203067','4'),(1972,'Cha Cha Slide',222,'2017-05-07','english',1105,'0.854','0.903','11','-6.821','0','0.147','0.0423','0.00576','0.316','0.818','131.02','222080','4'),(1973,'How You Remind Me - ',223,'2016-12-01','english',480,'0.446','0.764','10','-5.042','1','0.033','0.00135','0','0.099','0.52','172.094','223840','4'),(1974,'Burn It To The Groun',211,'2017-08-28','english',383,'0.614','0.873','11','-6.353','1','0.0616','0.000204','0.504','0.346','0.615','132.074','211067','4'),(1975,'If Today Was Your La',249,'2017-08-20','english',474,'0.485','0.911','3','-5.749','1','0.0355','0.0000867','0','0.092','0.55','89.956','249067','4'),(1976,'When We Stand Togeth',190,'2017-04-22','english',1220,'0.446','0.9','10','-3.541','0','0.0489','0.000102','0.0000189','0.0404','0.884','187.961','190787','4'),(1977,'Fuck Kd',150,'2017-09-27','english',778,'0.947','0.829','9','-5.337','0','0.361','0.0707','0','0.28','0.837','129.991','150152','4'),(1978,'Now I Do What I Want',183,'2017-11-16','english',228,'0.466','0.72','9','-6.105','1','0.348','0.17','0','0.315','0.393','139.87','183484','4'),(1979,'300 Violin Orchestra',178,'2017-04-11','english',108,'0.591','0.75','1','-6.599','0','0.0479','0.342','0.363','0.0804','0.38','149.931','178026','4'),(1980,'Shape of You (Major ',192,'2017-11-06','english',1154,'0.682','0.812','1','-2.691','0','0.118','0.00574','0','0.0553','0.347','104.891','192000','4'),(1981,'Party Monster',249,'2017-07-13','english',245,'0.585','0.612','1','-8.341','1','0.0806','0.181','0.0000103','0.293','0.173','77.487','249213','4'),(1982,'U got 2 believe',208,'2017-03-19','english',363,'0.616','0.908','10','-6.867','0','0.0551','0.00194','0.00235','0.0345','0.81','92.984','208332','4'),(1983,'Sah',224,'2017-07-29','english',1080,'0.682','0.518','8','-10.089','1','0.227','0.626','0.43','0.0552','0.963','118.539','224000','4'),(1984,'Oh Devil',217,'2017-05-03','english',411,'0.904','0.517','7','-7.287','0','0.0598','0.119','0.0147','0.176','0.722','96.999','217587','4'),(1985,'Shut Up and Dance',199,'2017-01-26','english',112,'0.578','0.866','1','-3.804','1','0.0619','0.00701','0','0.257','0.619','128.038','199080','4'),(1986,'Anna Sun',321,'2017-06-14','english',630,'0.472','0.844','10','-6.578','1','0.054','0.00173','0','0.24','0.343','140.034','321280','4'),(1987,'Work This Body',175,'2017-02-23','english',210,'0.421','0.831','4','-5.128','1','0.107','0.0283','0','0.464','0.489','134.027','175907','4'),(1988,'Tightrope',209,'2017-06-26','english',462,'0.467','0.794','1','-6.174','0','0.0349','0.0000839','0.00204','0.103','0.577','162.435','209187','4'),(1989,'Different Colors',222,'2017-02-02','english',377,'0.48','0.826','0','-4.602','1','0.0397','0.000797','0.00000101','0.125','0.701','96','222053','4'),(1990,'Avalanche',218,'2017-02-07','english',500,'0.594','0.858','9','-4.339','1','0.0387','0.00059','0.00000311','0.0642','0.646','138.021','218720','4'),(1991,'Jenny',245,'2017-05-09','english',70,'0.544','0.788','5','-5.593','0','0.0474','0.000366','0','0.141','0.821','148.121','245133','4'),(1992,'Portugal',241,'2017-07-23','english',147,'0.446','0.881','2','-4.368','1','0.0545','0.00749','0','0.13','0.428','169.889','241253','4'),(1993,'Quesadilla',195,'2017-11-02','english',527,'0.551','0.732','9','-6.081','1','0.0627','0.0019','0','0.0764','0.628','145.107','195280','4'),(1994,'Aquaman',240,'2017-08-13','english',894,'0.63','0.772','1','-6.986','1','0.0297','0.51','0.0000226','0.0881','0.714','99.964','240000','4'),(1995,'Paris - Pegboard Ner',174,'2017-09-05','english',286,'0.333','0.913','2','-3.722','1','0.0808','0.0202','0','0.146','0.129','99.889','174240','4'),(1996,'Quit You - Wuki Remi',259,'2017-08-25','english',48,'0.743','0.889','10','-5.567','1','0.0409','0.00363','0.143','0.383','0.186','103.963','259889','4'),(1997,'Don\'t Let Me Down - ',265,'2017-04-25','english',683,'0.465','0.953','8','-4.684','0','0.295','0.00087','0.0146','0.226','0.554','160.064','265600','4'),(1998,'Faded - Slushii Remi',211,'2017-09-23','english',671,'0.68','0.725','6','-3.92','1','0.0611','0.0316','0.0000181','0.112','0.26','140.048','211853','4'),(1999,'Can\'t Get Enough - P',245,'2017-10-23','english',3,'0.619','0.949','6','-4.64','0','0.0658','0.00499','0.000418','0.179','0.257','149.935','245656','4'),(2000,'Light - Loosid Remix',231,'2016-12-19','english',602,'0.52','0.809','1','-4.18','1','0.05','0.0935','0.0035','0.0939','0.362','170.032','231667','4');
/*!40000 ALTER TABLE `track` ENABLE KEYS */;
UNLOCK TABLES;

--
-- Dumping routines for database 'DMM1'
--
/*!50003 DROP FUNCTION IF EXISTS `count_discount` */;
/*!50003 SET @saved_cs_client      = @@character_set_client */ ;
/*!50003 SET @saved_cs_results     = @@character_set_results */ ;
/*!50003 SET @saved_col_connection = @@collation_connection */ ;
/*!50003 SET character_set_client  = utf8 */ ;
/*!50003 SET character_set_results = utf8 */ ;
/*!50003 SET collation_connection  = utf8_general_ci */ ;
/*!50003 SET @saved_sql_mode       = @@sql_mode */ ;
/*!50003 SET sql_mode              = 'ONLY_FULL_GROUP_BY,STRICT_TRANS_TABLES,NO_ZERO_IN_DATE,NO_ZERO_DATE,ERROR_FOR_DIVISION_BY_ZERO,NO_AUTO_CREATE_USER,NO_ENGINE_SUBSTITUTION' */ ;
DELIMITER ;;
CREATE DEFINER=`root`@`localhost` FUNCTION `count_discount`(c int) RETURNS int(11)
BEGIN
  DECLARE discount int;
   if c>=1000 THEN
        set discount=0.12*c;
    end if;

    if c<1000 and c>=100 THEN
        set discount=0.08*c;
    end if;

    if c<100 THEN
        set discount=0;
     end if;


  return discount;
END ;;
DELIMITER ;
/*!50003 SET sql_mode              = @saved_sql_mode */ ;
/*!50003 SET character_set_client  = @saved_cs_client */ ;
/*!50003 SET character_set_results = @saved_cs_results */ ;
/*!50003 SET collation_connection  = @saved_col_connection */ ;
/*!50003 DROP PROCEDURE IF EXISTS `apply_discount` */;
/*!50003 SET @saved_cs_client      = @@character_set_client */ ;
/*!50003 SET @saved_cs_results     = @@character_set_results */ ;
/*!50003 SET @saved_col_connection = @@collation_connection */ ;
/*!50003 SET character_set_client  = utf8 */ ;
/*!50003 SET character_set_results = utf8 */ ;
/*!50003 SET collation_connection  = utf8_general_ci */ ;
/*!50003 SET @saved_sql_mode       = @@sql_mode */ ;
/*!50003 SET sql_mode              = 'ONLY_FULL_GROUP_BY,STRICT_TRANS_TABLES,NO_ZERO_IN_DATE,NO_ZERO_DATE,ERROR_FOR_DIVISION_BY_ZERO,NO_AUTO_CREATE_USER,NO_ENGINE_SUBSTITUTION' */ ;
DELIMITER ;;
CREATE DEFINER=`root`@`localhost` PROCEDURE `apply_discount`()
begin 
  DECLARE done INT DEFAULT false;
  DECLARE a INT;
  DECLARE b INT;
  DECLARE c INT;
  DECLARE cnt int ;
  DECLARE cur CURSOR FOR SELECT track_id,order_id,original_price FROM orders;
  DECLARE CONTINUE HANDLER FOR NOT FOUND SET done = true;

  OPEN cur;

  loop1: LOOP
    FETCH cur INTO a,b,c;
    IF done THEN
      LEAVE loop1;
      
    END IF;
    if c>=1000 THEN
      update orders
        set discount=0.12*c
        where orders.track_id=a and orders.order_id=b;
    end if;

    if c<1000 and c>=100 THEN
      update orders
        set discount=0.08*c
        where orders.track_id=a and orders.order_id=b;
    end if;

    if c<100 THEN
      update orders
        set discount=0
        where orders.track_id=a and orders.order_id=b;
     end if;

   
  END LOOP;

end ;;
DELIMITER ;
/*!50003 SET sql_mode              = @saved_sql_mode */ ;
/*!50003 SET character_set_client  = @saved_cs_client */ ;
/*!50003 SET character_set_results = @saved_cs_results */ ;
/*!50003 SET collation_connection  = @saved_col_connection */ ;
/*!50003 DROP PROCEDURE IF EXISTS `calculate_final_price` */;
/*!50003 SET @saved_cs_client      = @@character_set_client */ ;
/*!50003 SET @saved_cs_results     = @@character_set_results */ ;
/*!50003 SET @saved_col_connection = @@collation_connection */ ;
/*!50003 SET character_set_client  = utf8 */ ;
/*!50003 SET character_set_results = utf8 */ ;
/*!50003 SET collation_connection  = utf8_general_ci */ ;
/*!50003 SET @saved_sql_mode       = @@sql_mode */ ;
/*!50003 SET sql_mode              = 'ONLY_FULL_GROUP_BY,STRICT_TRANS_TABLES,NO_ZERO_IN_DATE,NO_ZERO_DATE,ERROR_FOR_DIVISION_BY_ZERO,NO_AUTO_CREATE_USER,NO_ENGINE_SUBSTITUTION' */ ;
DELIMITER ;;
CREATE DEFINER=`root`@`localhost` PROCEDURE `calculate_final_price`()
begin 
  DECLARE done INT DEFAULT false;
  DECLARE a INT;
  DECLARE b INT;
  DECLARE c INT;
  DECLARE d INT;
  DECLARE cur CURSOR FOR SELECT track_id,order_id,original_price,discount FROM orders;
  DECLARE CONTINUE HANDLER FOR NOT FOUND SET done = true;

  OPEN cur;

  loop1: LOOP
    FETCH cur INTO a,b,c,d;
    IF done THEN
      LEAVE loop1;
      
    END IF;
      update orders
        set paid_price=c-d
        where orders.track_id=a and orders.order_id=b;

   
  END LOOP;

end ;;
DELIMITER ;
/*!50003 SET sql_mode              = @saved_sql_mode */ ;
/*!50003 SET character_set_client  = @saved_cs_client */ ;
/*!50003 SET character_set_results = @saved_cs_results */ ;
/*!50003 SET collation_connection  = @saved_col_connection */ ;
/*!50003 DROP PROCEDURE IF EXISTS `find_album_details` */;
/*!50003 SET @saved_cs_client      = @@character_set_client */ ;
/*!50003 SET @saved_cs_results     = @@character_set_results */ ;
/*!50003 SET @saved_col_connection = @@collation_connection */ ;
/*!50003 SET character_set_client  = utf8 */ ;
/*!50003 SET character_set_results = utf8 */ ;
/*!50003 SET collation_connection  = utf8_general_ci */ ;
/*!50003 SET @saved_sql_mode       = @@sql_mode */ ;
/*!50003 SET sql_mode              = 'ONLY_FULL_GROUP_BY,STRICT_TRANS_TABLES,NO_ZERO_IN_DATE,NO_ZERO_DATE,ERROR_FOR_DIVISION_BY_ZERO,NO_AUTO_CREATE_USER,NO_ENGINE_SUBSTITUTION' */ ;
DELIMITER ;;
CREATE DEFINER=`root`@`localhost` PROCEDURE `find_album_details`(IN id int)
BEGIN
  select * FROM 
  album where 
  album.album_id=(select album_id from compose where compose.track_id=id);

END ;;
DELIMITER ;
/*!50003 SET sql_mode              = @saved_sql_mode */ ;
/*!50003 SET character_set_client  = @saved_cs_client */ ;
/*!50003 SET character_set_results = @saved_cs_results */ ;
/*!50003 SET collation_connection  = @saved_col_connection */ ;
/*!50003 DROP PROCEDURE IF EXISTS `random_assign` */;
/*!50003 SET @saved_cs_client      = @@character_set_client */ ;
/*!50003 SET @saved_cs_results     = @@character_set_results */ ;
/*!50003 SET @saved_col_connection = @@collation_connection */ ;
/*!50003 SET character_set_client  = utf8 */ ;
/*!50003 SET character_set_results = utf8 */ ;
/*!50003 SET collation_connection  = utf8_general_ci */ ;
/*!50003 SET @saved_sql_mode       = @@sql_mode */ ;
/*!50003 SET sql_mode              = 'ONLY_FULL_GROUP_BY,STRICT_TRANS_TABLES,NO_ZERO_IN_DATE,NO_ZERO_DATE,ERROR_FOR_DIVISION_BY_ZERO,NO_AUTO_CREATE_USER,NO_ENGINE_SUBSTITUTION' */ ;
DELIMITER ;;
CREATE DEFINER=`root`@`localhost` PROCEDURE `random_assign`()
begin 
  DECLARE done INT DEFAULT false;
  DECLARE a INT;
  DECLARE c INT DEFAULT 0;
  DECLARE d INT DEFAULT 0;
  DECLARE b,e CHAR(200);
  DECLARE cur CURSOR FOR SELECT track_id FROM track;
  DECLARE CONTINUE HANDLER FOR NOT FOUND SET done = true;

  OPEN cur;

  loop1: LOOP
    FETCH cur INTO a;
    IF done THEN
      LEAVE loop1;
      
    END IF;

    if mod(a,10)=0 THEN
      set b=10;
    else
      set b=mod(a,10);
    end if;
     replace into categorisedby values(a,b);

  END LOOP;

end ;;
DELIMITER ;
/*!50003 SET sql_mode              = @saved_sql_mode */ ;
/*!50003 SET character_set_client  = @saved_cs_client */ ;
/*!50003 SET character_set_results = @saved_cs_results */ ;
/*!50003 SET collation_connection  = @saved_col_connection */ ;
/*!50003 DROP PROCEDURE IF EXISTS `random_assign_compose` */;
/*!50003 SET @saved_cs_client      = @@character_set_client */ ;
/*!50003 SET @saved_cs_results     = @@character_set_results */ ;
/*!50003 SET @saved_col_connection = @@collation_connection */ ;
/*!50003 SET character_set_client  = utf8 */ ;
/*!50003 SET character_set_results = utf8 */ ;
/*!50003 SET collation_connection  = utf8_general_ci */ ;
/*!50003 SET @saved_sql_mode       = @@sql_mode */ ;
/*!50003 SET sql_mode              = 'ONLY_FULL_GROUP_BY,STRICT_TRANS_TABLES,NO_ZERO_IN_DATE,NO_ZERO_DATE,ERROR_FOR_DIVISION_BY_ZERO,NO_AUTO_CREATE_USER,NO_ENGINE_SUBSTITUTION' */ ;
DELIMITER ;;
CREATE DEFINER=`root`@`localhost` PROCEDURE `random_assign_compose`()
begin 
  DECLARE done INT DEFAULT false;
  DECLARE a INT;
  DECLARE c INT DEFAULT 0;
  DECLARE d INT DEFAULT 0;
  DECLARE b,e CHAR(200);
  DECLARE cur CURSOR FOR SELECT track_id FROM track;
  DECLARE CONTINUE HANDLER FOR NOT FOUND SET done = true;

  OPEN cur;

  loop1: LOOP
    FETCH cur INTO a;
    IF done THEN
      LEAVE loop1;
      
    END IF;

    set b=ceil(a/40);
     replace into compose values(a,b);

  END LOOP;

end ;;
DELIMITER ;
/*!50003 SET sql_mode              = @saved_sql_mode */ ;
/*!50003 SET character_set_client  = @saved_cs_client */ ;
/*!50003 SET character_set_results = @saved_cs_results */ ;
/*!50003 SET collation_connection  = @saved_col_connection */ ;
/*!50003 DROP PROCEDURE IF EXISTS `random_assign_makes` */;
/*!50003 SET @saved_cs_client      = @@character_set_client */ ;
/*!50003 SET @saved_cs_results     = @@character_set_results */ ;
/*!50003 SET @saved_col_connection = @@collation_connection */ ;
/*!50003 SET character_set_client  = utf8 */ ;
/*!50003 SET character_set_results = utf8 */ ;
/*!50003 SET collation_connection  = utf8_general_ci */ ;
/*!50003 SET @saved_sql_mode       = @@sql_mode */ ;
/*!50003 SET sql_mode              = 'ONLY_FULL_GROUP_BY,STRICT_TRANS_TABLES,NO_ZERO_IN_DATE,NO_ZERO_DATE,ERROR_FOR_DIVISION_BY_ZERO,NO_AUTO_CREATE_USER,NO_ENGINE_SUBSTITUTION' */ ;
DELIMITER ;;
CREATE DEFINER=`root`@`localhost` PROCEDURE `random_assign_makes`()
begin 
  DECLARE done INT DEFAULT false;
  DECLARE a INT;
  DECLARE c INT DEFAULT 0;
  DECLARE d INT DEFAULT 0;
  DECLARE b,e CHAR(200);
  DECLARE cur CURSOR FOR SELECT track_id FROM track;
  DECLARE CONTINUE HANDLER FOR NOT FOUND SET done = true;

  OPEN cur;

  loop1: LOOP
    FETCH cur INTO a;
    IF done THEN
      LEAVE loop1;
      
    END IF;

    set b=ceil(a/40);
     replace into makes values(a,b);

  END LOOP;

end ;;
DELIMITER ;
/*!50003 SET sql_mode              = @saved_sql_mode */ ;
/*!50003 SET character_set_client  = @saved_cs_client */ ;
/*!50003 SET character_set_results = @saved_cs_results */ ;
/*!50003 SET collation_connection  = @saved_col_connection */ ;
/*!50003 DROP PROCEDURE IF EXISTS `random_assign_sells` */;
/*!50003 SET @saved_cs_client      = @@character_set_client */ ;
/*!50003 SET @saved_cs_results     = @@character_set_results */ ;
/*!50003 SET @saved_col_connection = @@collation_connection */ ;
/*!50003 SET character_set_client  = utf8 */ ;
/*!50003 SET character_set_results = utf8 */ ;
/*!50003 SET collation_connection  = utf8_general_ci */ ;
/*!50003 SET @saved_sql_mode       = @@sql_mode */ ;
/*!50003 SET sql_mode              = 'ONLY_FULL_GROUP_BY,STRICT_TRANS_TABLES,NO_ZERO_IN_DATE,NO_ZERO_DATE,ERROR_FOR_DIVISION_BY_ZERO,NO_AUTO_CREATE_USER,NO_ENGINE_SUBSTITUTION' */ ;
DELIMITER ;;
CREATE DEFINER=`root`@`localhost` PROCEDURE `random_assign_sells`()
begin 
  DECLARE done INT DEFAULT false;
  DECLARE a INT;
  DECLARE c INT DEFAULT 0;
  DECLARE d INT DEFAULT 0;
  DECLARE b,e CHAR(200);
  DECLARE cur CURSOR FOR SELECT track_id FROM track;
  DECLARE CONTINUE HANDLER FOR NOT FOUND SET done = true;

  OPEN cur;

  loop1: LOOP
    FETCH cur INTO a;
    IF done THEN
      LEAVE loop1;
      
    END IF;

    if mod(a,50)=0 THEN
      set b=50;
    else
      set b=mod(a,50);
    end if;
     replace into sells values(a,b);

  END LOOP;

end ;;
DELIMITER ;
/*!50003 SET sql_mode              = @saved_sql_mode */ ;
/*!50003 SET character_set_client  = @saved_cs_client */ ;
/*!50003 SET character_set_results = @saved_cs_results */ ;
/*!50003 SET collation_connection  = @saved_col_connection */ ;
/*!50003 DROP PROCEDURE IF EXISTS `search_artist` */;
/*!50003 SET @saved_cs_client      = @@character_set_client */ ;
/*!50003 SET @saved_cs_results     = @@character_set_results */ ;
/*!50003 SET @saved_col_connection = @@collation_connection */ ;
/*!50003 SET character_set_client  = utf8 */ ;
/*!50003 SET character_set_results = utf8 */ ;
/*!50003 SET collation_connection  = utf8_general_ci */ ;
/*!50003 SET @saved_sql_mode       = @@sql_mode */ ;
/*!50003 SET sql_mode              = 'ONLY_FULL_GROUP_BY,STRICT_TRANS_TABLES,NO_ZERO_IN_DATE,NO_ZERO_DATE,ERROR_FOR_DIVISION_BY_ZERO,NO_AUTO_CREATE_USER,NO_ENGINE_SUBSTITUTION' */ ;
DELIMITER ;;
CREATE DEFINER=`root`@`localhost` PROCEDURE `search_artist`(name varchar(100))
BEGIN

  select artist.first_name,track.track_id,track.name as track_name from 
  track,makes,artist 
  where 
  makes.artist_id=artist.artist_id 
  and 
  track.track_id=makes.track_id 
  and
   concat(artist.first_name," ",artist.last_name) like concat("%",name,"%") ;

END ;;
DELIMITER ;
/*!50003 SET sql_mode              = @saved_sql_mode */ ;
/*!50003 SET character_set_client  = @saved_cs_client */ ;
/*!50003 SET character_set_results = @saved_cs_results */ ;
/*!50003 SET collation_connection  = @saved_col_connection */ ;
/*!50003 DROP PROCEDURE IF EXISTS `search_genre_and_artist` */;
/*!50003 SET @saved_cs_client      = @@character_set_client */ ;
/*!50003 SET @saved_cs_results     = @@character_set_results */ ;
/*!50003 SET @saved_col_connection = @@collation_connection */ ;
/*!50003 SET character_set_client  = utf8 */ ;
/*!50003 SET character_set_results = utf8 */ ;
/*!50003 SET collation_connection  = utf8_general_ci */ ;
/*!50003 SET @saved_sql_mode       = @@sql_mode */ ;
/*!50003 SET sql_mode              = 'ONLY_FULL_GROUP_BY,STRICT_TRANS_TABLES,NO_ZERO_IN_DATE,NO_ZERO_DATE,ERROR_FOR_DIVISION_BY_ZERO,NO_AUTO_CREATE_USER,NO_ENGINE_SUBSTITUTION' */ ;
DELIMITER ;;
CREATE DEFINER=`root`@`localhost` PROCEDURE `search_genre_and_artist`(artist_name varchar(100),genre_name varchar(100))
BEGIN

  select a.first_name,b.genre,b.track_id,a.track_name from 
 (select artist.first_name,track.track_id,track.name as track_name from 
  track,makes,artist 
  where 
  makes.artist_id=artist.artist_id 
  and 
  track.track_id=makes.track_id 
  and
   concat(artist.first_name," ",artist.last_name) like concat("%",artist_name,"%") )as a,

  (select genre,track.track_id,track.name as track_name from 
  track,categorisedby,genre 
  where 
  track.track_id=categorisedby.track_id
  and 
  categorisedby.genre_id=genre.genre_id 
  and
   genre.genre like concat("%",genre_name,"%") ) as b
  where a.track_id=b.track_id;

END ;;
DELIMITER ;
/*!50003 SET sql_mode              = @saved_sql_mode */ ;
/*!50003 SET character_set_client  = @saved_cs_client */ ;
/*!50003 SET character_set_results = @saved_cs_results */ ;
/*!50003 SET collation_connection  = @saved_col_connection */ ;
/*!40103 SET TIME_ZONE=@OLD_TIME_ZONE */;

/*!40101 SET SQL_MODE=@OLD_SQL_MODE */;
/*!40014 SET FOREIGN_KEY_CHECKS=@OLD_FOREIGN_KEY_CHECKS */;
/*!40014 SET UNIQUE_CHECKS=@OLD_UNIQUE_CHECKS */;
/*!40101 SET CHARACTER_SET_CLIENT=@OLD_CHARACTER_SET_CLIENT */;
/*!40101 SET CHARACTER_SET_RESULTS=@OLD_CHARACTER_SET_RESULTS */;
/*!40101 SET COLLATION_CONNECTION=@OLD_COLLATION_CONNECTION */;
/*!40111 SET SQL_NOTES=@OLD_SQL_NOTES */;

-- Dump completed on 2017-11-28  4:35:01
